_id,month,town,flat_type,block,street_name,storey_range,floor_area_sqm,flat_model,lease_commence_date,remaining_lease,resale_price,address,postal,latitude,longitude,_ts
231932,2026-09,PASIR RIS,4 ROOM,273,PASIR RIS ST 21,07 TO 09,106.0,Model A,1994,66 years 08 months,610000.0,273 PASIR RIS ST 21,510273,1.364846275279826,103.9641131747261,2026-10-01
234820,2026-09,SEMBAWANG,5 ROOM,403,ADMIRALTY LINK,07 TO 09,110.0,Improved,2001,73 years 07 months,605000.0,403 ADMIRALTY LINK,750403,1.453917260023446,103.816130138927,2026-10-01
234917,2026-09,SEMBAWANG,5 ROOM,325,SEMBAWANG CRES,04 TO 06,123.0,Improved,1999,71 years 10 months,670000.0,325 SEMBAWANG CRES,750325,1.44450474363116,103.8187060309549,2026-10-01
234911,2026-09,SEMBAWANG,5 ROOM,331,SEMBAWANG CL,13 TO 15,119.0,Improved,1999,71 years 10 months,650000.0,331 SEMBAWANG CL,750331,1.447528577066195,103.8166619639547,2026-10-01
234910,2026-09,SEMBAWANG,5 ROOM,324,SEMBAWANG CL,07 TO 09,123.0,Improved,1999,71 years 08 months,672000.0,324 SEMBAWANG CL,750324,1.444570985313507,103.8178473659294,2026-10-01
234909,2026-09,SEMBAWANG,5 ROOM,341B,SEMBAWANG CL,04 TO 06,111.0,Premium Apartment,2001,73 years 10 months,640000.0,341B SEMBAWANG CL,752341,1.447982110473981,103.8185068562225,2026-10-01
234908,2026-09,SEMBAWANG,5 ROOM,335,SEMBAWANG CL,10 TO 12,121.0,Improved,1999,72 years 02 months,718808.0,335 SEMBAWANG CL,750335,1.447163473362805,103.8150135474785,2026-10-01
234887,2026-09,SEMBAWANG,5 ROOM,588A,MONTREAL DR,04 TO 06,110.0,Improved,2002,75 years 04 months,605000.0,588A MONTREAL DR,751588,1.450356833781784,103.8257266920931,2026-10-01
234886,2026-09,SEMBAWANG,5 ROOM,504D,MONTREAL DR,07 TO 09,110.0,Improved,2001,73 years 10 months,658000.0,504D MONTREAL DR,754504,1.450458438255094,103.8238809585712,2026-10-01
234875,2026-09,SEMBAWANG,5 ROOM,126C,CANBERRA ST,07 TO 09,116.0,Improved,2020,93 years 02 months,868000.0,126C CANBERRA ST,753126,1.446140612391784,103.8349646498667,2026-10-01
234874,2026-09,SEMBAWANG,5 ROOM,102A,CANBERRA ST,10 TO 12,113.0,Improved,2020,93 years 04 months,765000.0,102A CANBERRA ST,751102,1.451193905194954,103.8322275546353,2026-10-01
234851,2026-09,SEMBAWANG,5 ROOM,311,CANBERRA RD,13 TO 15,120.0,Improved,1998,71 years 03 months,728000.0,311 CANBERRA RD,750311,1.4463180677383,103.8225383284913,2026-10-01
234850,2026-09,SEMBAWANG,5 ROOM,424,CANBERRA RD,13 TO 15,110.0,Improved,2001,73 years 08 months,555000.0,424 CANBERRA RD,750424,1.453832694528922,103.8187311782273,2026-10-01
234837,2026-09,SEMBAWANG,5 ROOM,120A,CANBERRA CRES,10 TO 12,113.0,Improved,2018,90 years 05 months,840000.0,120A CANBERRA CRES,751120,1.446140802959007,103.8322361513611,2026-10-01
234822,2026-09,SEMBAWANG,5 ROOM,403,ADMIRALTY LINK,07 TO 09,110.0,Improved,2001,73 years 06 months,575000.0,403 ADMIRALTY LINK,750403,1.453917260023446,103.816130138927,2026-10-01
234821,2026-09,SEMBAWANG,5 ROOM,491,ADMIRALTY LINK,16 TO 18,110.0,Improved,2004,76 years 09 months,570000.0,491 ADMIRALTY LINK,750491,1.456112789573062,103.8177165819983,2026-10-01
234802,2026-09,SEMBAWANG,5 ROOM,353A,ADMIRALTY DR,10 TO 12,110.0,Improved,2002,74 years 05 months,690000.0,353A ADMIRALTY DR,751353,1.450537630160962,103.8191354553233,2026-10-01
234116,2026-09,QUEENSTOWN,4 ROOM,94,DAWSON RD,04 TO 06,88.0,Premium Apartment,2021,94 years 02 months,1090000.0,94 DAWSON RD,141094,1.296274834101812,103.8112064375748,2026-10-01
234801,2026-09,SEMBAWANG,5 ROOM,356A,ADMIRALTY DR,07 TO 09,111.0,Premium Apartment,2001,73 years 10 months,595000.0,356A ADMIRALTY DR,751356,1.449441344676774,103.8168523853436,2026-10-01
234798,2026-09,SEMBAWANG,5 ROOM,359C,ADMIRALTY DR,07 TO 09,111.0,Premium Apartment,2001,74 years 01 month,588000.0,359C ADMIRALTY DR,753359,1.449124936600729,103.8147138699621,2026-10-01
234774,2026-09,SEMBAWANG,4 ROOM,508A,WELLINGTON CIRCLE,04 TO 06,85.0,Model A,2004,77 years,520000.0,508A WELLINGTON CIRCLE,751508,1.452513830706449,103.8205199396031,2026-10-01
234763,2026-09,SEMBAWANG,4 ROOM,316,SEMBAWANG VISTA,04 TO 06,100.0,Model A,1999,71 years 09 months,590000.0,316 SEMBAWANG VISTA,750316,1.446342758011648,103.8208166120093,2026-10-01
234761,2026-09,SEMBAWANG,4 ROOM,478,SEMBAWANG DR,04 TO 06,90.0,Model A,2000,72 years 11 months,500000.0,478 SEMBAWANG DR,750478,1.452452221363636,103.8164884603301,2026-10-01
234760,2026-09,SEMBAWANG,4 ROOM,406,SEMBAWANG DR,07 TO 09,86.0,Model A2,2001,73 years 07 months,515000.0,406 SEMBAWANG DR,750406,1.452929805200315,103.8169775848125,2026-10-01
234759,2026-09,SEMBAWANG,4 ROOM,411,SEMBAWANG DR,04 TO 06,90.0,Model A,2001,73 years 08 months,515000.0,411 SEMBAWANG DR,750411,1.452197464115892,103.8179323440788,2026-10-01
234758,2026-09,SEMBAWANG,4 ROOM,473,SEMBAWANG DR,10 TO 12,90.0,Model A,2000,73 years 02 months,540000.0,473 SEMBAWANG DR,750473,1.451336282120058,103.8165223502078,2026-10-01
234728,2026-09,SEMBAWANG,4 ROOM,363A,SEMBAWANG CRES,01 TO 03,93.0,Model A,2019,91 years 08 months,555000.0,363A SEMBAWANG CRES,751363,1.445760165853298,103.8142677167353,2026-10-01
234705,2026-09,SEMBAWANG,4 ROOM,319,SEMBAWANG CL,07 TO 09,102.0,Model A,1999,71 years 09 months,570000.0,319 SEMBAWANG CL,750319,1.446251829863639,103.8192531662996,2026-10-01
234676,2026-09,SEMBAWANG,4 ROOM,589D,MONTREAL DR,04 TO 06,90.0,Model A,2003,75 years 04 months,510000.0,589D MONTREAL DR,754589,1.449843280650035,103.8243784097071,2026-10-01
234675,2026-09,SEMBAWANG,4 ROOM,589D,MONTREAL DR,07 TO 09,90.0,Model A,2003,75 years 04 months,560000.0,589D MONTREAL DR,754589,1.449843280650035,103.8243784097071,2026-10-01
234669,2026-09,SEMBAWANG,4 ROOM,115B,CANBERRA WALK,04 TO 06,93.0,Model A,2018,90 years 10 months,703000.0,115B CANBERRA WALK,752115,1.446311228787828,103.8294169024181,2026-10-01
234668,2026-09,SEMBAWANG,4 ROOM,115A,CANBERRA WALK,01 TO 03,93.0,Model A,2018,90 years 10 months,673000.0,115A CANBERRA WALK,751115,1.446622152179762,103.8291407687557,2026-10-01
234937,2026-09,SEMBAWANG,5 ROOM,466A,SEMBAWANG DR,13 TO 15,110.0,Premium Apartment,2006,78 years 06 months,640000.0,466A SEMBAWANG DR,751466,1.455201020990653,103.8135886347583,2026-10-01
234938,2026-09,SEMBAWANG,5 ROOM,411,SEMBAWANG DR,13 TO 15,110.0,Improved,2001,73 years 08 months,615000.0,411 SEMBAWANG DR,750411,1.452197464115892,103.8179323440788,2026-10-01
234939,2026-09,SEMBAWANG,5 ROOM,475,SEMBAWANG DR,10 TO 12,110.0,Improved,2000,73 years 01 month,580000.0,475 SEMBAWANG DR,750475,1.45089730668545,103.8170815931468,2026-10-01
234940,2026-09,SEMBAWANG,5 ROOM,481,SEMBAWANG DR,01 TO 03,110.0,Improved,2000,73 years,550000.0,481 SEMBAWANG DR,750481,1.452976283629128,103.8150941184905,2026-10-01
235239,2026-09,SENGKANG,4 ROOM,306C,ANCHORVALE LINK,07 TO 09,90.0,Model A,2002,74 years 04 months,553888.0,306C ANCHORVALE LINK,543306,1.389887698814619,103.8881144752586,2026-10-01
235238,2026-09,SENGKANG,4 ROOM,304A,ANCHORVALE LINK,04 TO 06,90.0,Model A,2002,74 years 04 months,533888.0,304A ANCHORVALE LINK,541304,1.387891855019171,103.8889223144814,2026-10-01
235214,2026-09,SENGKANG,4 ROOM,311C,ANCHORVALE LANE,13 TO 15,95.0,Premium Apartment,2002,75 years 03 months,570000.0,311C ANCHORVALE LANE,543311,1.391571273884992,103.8844361597738,2026-10-01
235213,2026-09,SENGKANG,4 ROOM,311B,ANCHORVALE LANE,13 TO 15,90.0,Premium Apartment,2002,75 years 01 month,575000.0,311B ANCHORVALE LANE,542311,1.391251984109322,103.8843250362387,2026-10-01
235199,2026-09,SENGKANG,4 ROOM,320B,ANCHORVALE DR,04 TO 06,90.0,Model A,2002,75 years 01 month,568000.0,320B ANCHORVALE DR,542320,1.39125129542692,103.890809117875,2026-10-01
235188,2026-09,SENGKANG,4 ROOM,335A,ANCHORVALE CRES,04 TO 06,92.0,Premium Apartment,2015,88 years 04 months,687500.0,335A ANCHORVALE CRES,541335,1.398358282936071,103.8890743713024,2026-10-01
235187,2026-09,SENGKANG,4 ROOM,335A,ANCHORVALE CRES,04 TO 06,92.0,Premium Apartment,2015,88 years 04 months,690000.0,335A ANCHORVALE CRES,541335,1.398358282936071,103.8890743713024,2026-10-01
235186,2026-09,SENGKANG,4 ROOM,335B,ANCHORVALE CRES,04 TO 06,92.0,Premium Apartment,2015,88 years 04 months,685000.0,335B ANCHORVALE CRES,542335,1.398577072161255,103.8884901514587,2026-10-01
235185,2026-09,SENGKANG,4 ROOM,338C,ANCHORVALE CRES,07 TO 09,93.0,Model A,2018,90 years 10 months,670000.0,338C ANCHORVALE CRES,543338,1.400000573230364,103.8900781454804,2026-10-01
235184,2026-09,SENGKANG,4 ROOM,338A,ANCHORVALE CRES,13 TO 15,93.0,Model A,2018,90 years 09 months,738888.0,338A ANCHORVALE CRES,541338,1.399262891221192,103.8888593166167,2026-10-01
235168,2026-09,SENGKANG,3 ROOM,448B,SENGKANG WEST WAY,07 TO 09,67.0,Model A,2014,86 years 11 months,508888.0,448B SENGKANG WEST WAY,792448,1.393419816918281,103.873319886194,2026-10-01
235160,2026-09,SENGKANG,3 ROOM,456A,SENGKANG WEST RD,07 TO 09,68.0,Model A,2020,93 years 01 month,540000.0,456A SENGKANG WEST RD,791456,1.391659659990644,103.869882501471,2026-10-01
235152,2026-09,SENGKANG,3 ROOM,281A,SENGKANG EAST AVE,10 TO 12,67.0,Premium Apartment,2015,88 years,645000.0,281A SENGKANG EAST AVE,541281,1.386092240637883,103.8915611086632,2026-10-01
235134,2026-09,SENGKANG,3 ROOM,471C,FERNVALE ST,13 TO 15,68.0,Model A,2016,89 years,540000.0,471C FERNVALE ST,793471,1.395952910691056,103.8815041411,2026-10-01
235129,2026-09,SENGKANG,3 ROOM,441A,FERNVALE RD,16 TO 18,69.0,Model A,2012,84 years 06 months,570000.0,441A FERNVALE RD,791441,1.39109783626622,103.875166223525,2026-10-01
235116,2026-09,SENGKANG,3 ROOM,414A,FERNVALE LINK,07 TO 09,68.0,Model A,2016,88 years 04 months,525000.0,414A FERNVALE LINK,791414,1.389583108070817,103.8794770843196,2026-10-01
235115,2026-09,SENGKANG,3 ROOM,430B,FERNVALE LINK,16 TO 18,67.0,Model A,2015,87 years 09 months,540000.0,430B FERNVALE LINK,792430,1.393907694063048,103.8782232872001,2026-10-01
235080,2026-09,SENGKANG,3 ROOM,286C,COMPASSVALE CRES,10 TO 12,68.0,Premium Apartment,2017,90 years 03 months,550000.0,286C COMPASSVALE CRES,543286,1.398117867200827,103.8964236860367,2026-10-01
235079,2026-09,SENGKANG,3 ROOM,286C,COMPASSVALE CRES,10 TO 12,68.0,Premium Apartment,2017,90 years 03 months,570000.0,286C COMPASSVALE CRES,543286,1.398117867200827,103.8964236860367,2026-10-01
235061,2026-09,SENGKANG,3 ROOM,334C,ANCHORVALE CRES,10 TO 12,67.0,Premium Apartment,2015,88 years 04 months,605000.0,334C ANCHORVALE CRES,543334,1.397422226738381,103.8897039239729,2026-10-01
235055,2026-09,SENGKANG,2 ROOM,457B,SENGKANG WEST RD,04 TO 06,48.0,2-room,2020,93 years,395000.0,457B SENGKANG WEST RD,792457,1.392421771967084,103.8707777078715,2026-10-01
235054,2026-09,SENGKANG,2 ROOM,456B,SENGKANG WEST RD,07 TO 09,48.0,2-room,2020,93 years,410000.0,456B SENGKANG WEST RD,792456,1.392115725405839,103.8699087487342,2026-10-01
235002,2026-09,SENGKANG,2 ROOM,355A,ANCHORVALE LANE,16 TO 18,38.0,2-room,2021,93 years 05 months,391000.0,355A ANCHORVALE LANE,541355,1.392968721929705,103.8851071930776,2026-10-01
234998,2026-09,SEMBAWANG,EXECUTIVE,502A,WELLINGTON CIRCLE,10 TO 12,130.0,Apartment,2001,74 years,780000.0,502A WELLINGTON CIRCLE,751502,1.450930088405523,103.8214150369646,2026-10-01
234975,2026-09,SEMBAWANG,EXECUTIVE,503A,CANBERRA LINK,07 TO 09,130.0,Apartment,2001,73 years 11 months,820000.0,503A CANBERRA LINK,751503,1.450588797865657,103.8216493503152,2026-10-01
234972,2026-09,SEMBAWANG,EXECUTIVE,468A,ADMIRALTY DR,07 TO 09,137.0,Premium Apartment,2001,73 years 09 months,698000.0,468A ADMIRALTY DR,751468,1.450513313008158,103.8137292635813,2026-10-01
234971,2026-09,SEMBAWANG,EXECUTIVE,468C,ADMIRALTY DR,16 TO 18,142.0,Premium Apartment,2001,73 years 09 months,735000.0,468C ADMIRALTY DR,753468,1.450309157600972,103.8148777548207,2026-10-01
234954,2026-09,SEMBAWANG,5 ROOM,507C,WELLINGTON CIRCLE,04 TO 06,110.0,Improved,2001,74 years 03 months,540000.0,507C WELLINGTON CIRCLE,753507,1.451731321651522,103.8234518792433,2026-10-01
234941,2026-09,SEMBAWANG,5 ROOM,476,SEMBAWANG DR,07 TO 09,110.0,Improved,2000,73 years 01 month,565000.0,476 SEMBAWANG DR,750476,1.45154963235735,103.8169317371824,2026-10-01
234667,2026-09,SEMBAWANG,4 ROOM,109D,CANBERRA WALK,01 TO 03,94.0,Model A,2021,94 years 04 months,623000.0,109D CANBERRA WALK,754109,1.449043503267156,103.8295651615551,2026-10-01
234648,2026-09,SEMBAWANG,4 ROOM,126B,CANBERRA ST,04 TO 06,93.0,Model A,2021,93 years 04 months,650000.0,126B CANBERRA ST,752126,1.44560242235985,103.8351618823321,2026-10-01
234647,2026-09,SEMBAWANG,4 ROOM,121C,CANBERRA ST,10 TO 12,93.0,Model A,2018,90 years 04 months,668000.0,121C CANBERRA ST,753121,1.447445394683754,103.8345031174041,2026-10-01
234302,2026-09,QUEENSTOWN,5 ROOM,18C,HOLLAND DR,37 TO 39,117.0,Improved,2012,85 years,1580000.0,18C HOLLAND DR,274018,1.310316292428116,103.7917388596237,2026-10-01
234292,2026-09,QUEENSTOWN,5 ROOM,7,GHIM MOH RD,16 TO 18,117.0,Standard,1977,49 years 05 months,900000.0,7 GHIM MOH RD,270007,1.311288236009037,103.7872306036112,2026-10-01
234283,2026-09,QUEENSTOWN,5 ROOM,27,DOVER CRES,07 TO 09,123.0,Standard,1976,48 years 11 months,775000.0,27 DOVER CRES,130027,1.305422782788758,103.7813204354304,2026-10-01
234282,2026-09,QUEENSTOWN,5 ROOM,26,DOVER CRES,16 TO 18,123.0,Standard,1978,50 years 05 months,840000.0,26 DOVER CRES,130026,1.305913876434989,103.781566663057,2026-10-01
234275,2026-09,QUEENSTOWN,5 ROOM,12,DOVER CL EAST,01 TO 03,117.0,Standard,1978,50 years 04 months,850000.0,12 DOVER CL EAST,130012,1.304992002911517,103.7858074930971,2026-10-01
234272,2026-09,QUEENSTOWN,5 ROOM,91,DAWSON RD,37 TO 39,99.0,Premium Apartment,2016,88 years 07 months,1600000.0,91 DAWSON RD,144091,1.295340410956649,103.8125851914923,2026-10-01
234271,2026-09,QUEENSTOWN,5 ROOM,92,DAWSON RD,28 TO 30,99.0,Premium Apartment,2016,88 years 08 months,1500000.0,92 DAWSON RD,141092,1.295120861587439,103.8111500160695,2026-10-01
234256,2026-09,QUEENSTOWN,4 ROOM,89,TANGLIN HALT RD,07 TO 09,90.0,Model A,2008,80 years 11 months,935000.0,89 TANGLIN HALT RD,141089,1.301200353727763,103.7989218745688,2026-10-01
234255,2026-09,QUEENSTOWN,4 ROOM,90,TANGLIN HALT RD,34 TO 36,90.0,Model A,2008,81 years,1068000.0,90 TANGLIN HALT RD,141090,1.300517009205199,103.7989762767592,2026-10-01
234242,2026-09,QUEENSTOWN,4 ROOM,51,STRATHMORE AVE,01 TO 03,90.0,Model A,2006,79 years 02 months,888000.0,51 STRATHMORE AVE,140051,1.293358565488852,103.8087997653409,2026-10-01
234241,2026-09,QUEENSTOWN,4 ROOM,52,STRATHMORE AVE,16 TO 18,90.0,Model A,2006,79 years 04 months,960000.0,52 STRATHMORE AVE,141052,1.293313144802908,103.8082534345322,2026-10-01
234240,2026-09,QUEENSTOWN,4 ROOM,61B,STRATHMORE AVE,19 TO 21,94.0,Model A,2011,84 years,1150000.0,61B STRATHMORE AVE,143061,1.293751079694833,103.8119567120475,2026-10-01
234208,2026-09,QUEENSTOWN,4 ROOM,21,QUEEN'S CL,07 TO 09,108.0,Model A,1996,69 years 03 months,845000.0,21 QUEEN'S CL,140021,1.293277750005106,103.7999180492404,2026-10-01
234207,2026-09,QUEENSTOWN,4 ROOM,20,QUEEN'S CL,16 TO 18,107.0,Model A,1996,69 years 02 months,890000.0,20 QUEEN'S CL,140020,1.29275007138267,103.7999358778321,2026-10-01
234198,2026-09,QUEENSTOWN,4 ROOM,3A,HOLLAND CL,07 TO 09,106.0,Model A,1998,71 years 03 months,958000.0,3A HOLLAND CL,272003,1.308722235761153,103.7967507803222,2026-10-01
234197,2026-09,QUEENSTOWN,4 ROOM,30A,HOLLAND CL,01 TO 03,106.0,Model A,1997,70 years 02 months,939000.0,30A HOLLAND CL,271030,1.307469052854102,103.7971867182403,2026-10-01
234190,2026-09,QUEENSTOWN,4 ROOM,10,HOLLAND AVE,13 TO 15,88.0,Improved,1975,47 years 04 months,620000.0,10 HOLLAND AVE,271010,1.308149971047925,103.7942751849253,2026-10-01
234183,2026-09,QUEENSTOWN,4 ROOM,28,GHIM MOH LINK,04 TO 06,92.0,Model A,2013,85 years 07 months,860000.0,28 GHIM MOH LINK,270028,1.308879850262841,103.7848029166488,2026-10-01
234182,2026-09,QUEENSTOWN,4 ROOM,28,GHIM MOH LINK,10 TO 12,92.0,Model A,2013,85 years 07 months,905000.0,28 GHIM MOH LINK,270028,1.308879850262841,103.7848029166488,2026-10-01
234181,2026-09,QUEENSTOWN,4 ROOM,31,GHIM MOH LINK,34 TO 36,93.0,Model A,2018,90 years 10 months,1200000.0,31 GHIM MOH LINK,271031,1.309603663230247,103.7840234796318,2026-10-01
234180,2026-09,QUEENSTOWN,4 ROOM,33,GHIM MOH LINK,28 TO 30,93.0,Model A,2018,90 years 10 months,1185000.0,33 GHIM MOH LINK,270033,1.3097711802445,103.7847140172934,2026-10-01
234179,2026-09,QUEENSTOWN,4 ROOM,33,GHIM MOH LINK,22 TO 24,93.0,Model A,2018,90 years 10 months,1246000.0,33 GHIM MOH LINK,270033,1.3097711802445,103.7847140172934,2026-10-01
234140,2026-09,QUEENSTOWN,4 ROOM,19,DOVER CRES,07 TO 09,92.0,Model A,2003,76 years,815000.0,19 DOVER CRES,130019,1.307835870594269,103.7836358547773,2026-10-01
234125,2026-09,QUEENSTOWN,4 ROOM,78,DAWSON RD,13 TO 15,88.0,Model A,2020,93 years 02 months,1050000.0,78 DAWSON RD,141078,1.293864754640048,103.810092969298,2026-10-01
234124,2026-09,QUEENSTOWN,4 ROOM,86,DAWSON RD,10 TO 12,87.0,Premium Apartment,2016,89 years,1188000.0,86 DAWSON RD,141086,1.295649030684412,103.8102305178708,2026-10-01
234123,2026-09,QUEENSTOWN,4 ROOM,86,DAWSON RD,22 TO 24,83.0,Premium Apartment,2016,89 years,1200000.0,86 DAWSON RD,141086,1.295649030684412,103.8102305178708,2026-10-01
234122,2026-09,QUEENSTOWN,4 ROOM,94,DAWSON RD,01 TO 03,88.0,Premium Apartment,2021,94 years 02 months,990000.0,94 DAWSON RD,141094,1.296274834101812,103.8112064375748,2026-10-01
234121,2026-09,QUEENSTOWN,4 ROOM,94,DAWSON RD,19 TO 21,91.0,Premium Apartment,2021,94 years 02 months,1388000.0,94 DAWSON RD,141094,1.296274834101812,103.8112064375748,2026-10-01
234119,2026-09,QUEENSTOWN,4 ROOM,89,DAWSON RD,25 TO 27,83.0,Premium Apartment,2016,88 years 08 months,1180000.0,89 DAWSON RD,142089,1.295463169374922,103.8117852368839,2026-10-01
234118,2026-09,QUEENSTOWN,4 ROOM,94,DAWSON RD,04 TO 06,83.0,Premium Apartment,2021,94 years 02 months,1056888.0,94 DAWSON RD,141094,1.296274834101812,103.8112064375748,2026-10-01
234301,2026-09,QUEENSTOWN,5 ROOM,20,HOLLAND DR,19 TO 21,114.0,Standard,1975,47 years 05 months,988000.0,20 HOLLAND DR,271020,1.310491604232045,103.7922569668195,2026-10-01
234303,2026-09,QUEENSTOWN,5 ROOM,21,HOLLAND DR,10 TO 12,117.0,Standard,1975,47 years 04 months,1025000.0,21 HOLLAND DR,271021,1.310976124709599,103.7923799204424,2026-10-01
234646,2026-09,SEMBAWANG,4 ROOM,126B,CANBERRA ST,04 TO 06,93.0,Model A,2021,93 years 04 months,675000.0,126B CANBERRA ST,752126,1.44560242235985,103.8351618823321,2026-10-01
234309,2026-09,QUEENSTOWN,5 ROOM,145,MEI LING ST,04 TO 06,126.0,Improved,1995,67 years 11 months,1240000.0,145 MEI LING ST,140145,1.293813729127608,103.8050279009082,2026-10-01
234645,2026-09,SEMBAWANG,4 ROOM,104B,CANBERRA ST,13 TO 15,93.0,Model A,2018,90 years 10 months,660000.0,104B CANBERRA ST,752104,1.450074217110703,103.8313770462269,2026-10-01
234644,2026-09,SEMBAWANG,4 ROOM,126D,CANBERRA ST,01 TO 03,93.0,Model A,2020,93 years 02 months,600000.0,126D CANBERRA ST,754126,1.446575027327699,103.8347924994352,2026-10-01
234643,2026-09,SEMBAWANG,4 ROOM,101B,CANBERRA ST,04 TO 06,93.0,Model A,2020,93 years 04 months,575000.0,101B CANBERRA ST,752101,1.451663103530798,103.8311749091653,2026-10-01
234642,2026-09,SEMBAWANG,4 ROOM,103A,CANBERRA ST,04 TO 06,93.0,Model A,2020,93 years 04 months,620000.0,103A CANBERRA ST,751103,1.451030061324245,103.8305340087113,2026-10-01
234641,2026-09,SEMBAWANG,4 ROOM,126A,CANBERRA ST,04 TO 06,93.0,Model A,2021,93 years 05 months,620000.0,126A CANBERRA ST,751126,1.445158804237829,103.8349813187578,2026-10-01
234640,2026-09,SEMBAWANG,4 ROOM,126A,CANBERRA ST,04 TO 06,96.0,Model A,2021,93 years 05 months,728000.0,126A CANBERRA ST,751126,1.445158804237829,103.8349813187578,2026-10-01
234556,2026-09,SEMBAWANG,4 ROOM,118B,CANBERRA CRES,10 TO 12,92.0,Model A,2020,92 years 08 months,842000.0,118B CANBERRA CRES,752118,1.445028525849595,103.8294604158711,2026-10-01
234555,2026-09,SEMBAWANG,4 ROOM,119A,CANBERRA CRES,10 TO 12,93.0,Model A,2018,90 years 05 months,720000.0,119A CANBERRA CRES,751119,1.446047551010149,103.8311252560056,2026-10-01
234554,2026-09,SEMBAWANG,4 ROOM,120A,CANBERRA CRES,01 TO 03,93.0,Model A,2018,90 years 06 months,620000.0,120A CANBERRA CRES,751120,1.446140802959007,103.8322361513611,2026-10-01
234553,2026-09,SEMBAWANG,4 ROOM,131C,CANBERRA CRES,07 TO 09,92.0,Model A,2020,93 years 01 month,820000.0,131C CANBERRA CRES,753131,1.443964564500327,103.8305752920556,2026-10-01
234552,2026-09,SEMBAWANG,4 ROOM,120C,CANBERRA CRES,04 TO 06,93.0,Model A,2018,90 years 06 months,660000.0,120C CANBERRA CRES,753120,1.447071436430048,103.8328023153299,2026-10-01
234551,2026-09,SEMBAWANG,4 ROOM,131A,CANBERRA CRES,07 TO 09,92.0,Model A,2020,93 years 01 month,840000.0,131A CANBERRA CRES,751131,1.443725974695251,103.8310298017204,2026-10-01
234550,2026-09,SEMBAWANG,4 ROOM,131C,CANBERRA CRES,10 TO 12,92.0,Model A,2020,93 years 01 month,830000.0,131C CANBERRA CRES,753131,1.443964564500327,103.8305752920556,2026-10-01
234522,2026-09,SEMBAWANG,4 ROOM,488,ADMIRALTY LINK,07 TO 09,96.0,Model A,2010,83 years,580000.0,488 ADMIRALTY LINK,750488,1.455078039623691,103.81645291747,2026-10-01
234505,2026-09,SEMBAWANG,4 ROOM,467,ADMIRALTY DR,07 TO 09,102.0,Premium Apartment,2001,73 years 11 months,528000.0,467 ADMIRALTY DR,750467,1.452226676911686,103.8144259331583,2026-10-01
234504,2026-09,SEMBAWANG,4 ROOM,357B,ADMIRALTY DR,01 TO 03,95.0,Premium Apartment,2001,73 years 10 months,518000.0,357B ADMIRALTY DR,752357,1.450241682577466,103.817316100829,2026-10-01
234468,2026-09,SEMBAWANG,3 ROOM,362B,SEMBAWANG CRES,04 TO 06,68.0,Model A,2019,91 years 08 months,500000.0,362B SEMBAWANG CRES,752362,1.446592571242193,103.8135408332476,2026-10-01
234457,2026-09,SEMBAWANG,3 ROOM,593A,MONTREAL LINK,04 TO 06,68.0,Model A,2015,87 years 08 months,480000.0,593A MONTREAL LINK,751593,1.451547160747088,103.8279075363752,2026-10-01
234439,2026-09,SEMBAWANG,3 ROOM,103B,CANBERRA ST,01 TO 03,69.0,Model A,2020,93 years 04 months,480000.0,103B CANBERRA ST,752103,1.450565994654414,103.831238741555,2026-10-01
234413,2026-09,SEMBAWANG,3 ROOM,131C,CANBERRA CRES,04 TO 06,68.0,Model A,2020,93 years,590888.0,131C CANBERRA CRES,753131,1.443964564500327,103.8305752920556,2026-10-01
234412,2026-09,SEMBAWANG,3 ROOM,131B,CANBERRA CRES,01 TO 03,68.0,Model A,2020,93 years 01 month,550000.0,131B CANBERRA CRES,752131,1.44414658445461,103.8308575952528,2026-10-01
234381,2026-09,SEMBAWANG,2 ROOM,593B,MONTREAL LINK,01 TO 03,47.0,Model A,2015,87 years 08 months,330000.0,593B MONTREAL LINK,752593,1.451369970196723,103.8283245780021,2026-10-01
234371,2026-09,SEMBAWANG,2 ROOM,132C,CANBERRA VIEW,07 TO 09,47.0,Model A,2020,93 years 01 month,415000.0,132C CANBERRA VIEW,753132,1.442673761869764,103.8309577034999,2026-10-01
234366,2026-09,SEMBAWANG,2 ROOM,103B,CANBERRA ST,07 TO 09,38.0,2-room,2020,93 years 04 months,365000.0,103B CANBERRA ST,752103,1.450565994654414,103.831238741555,2026-10-01
234347,2026-09,SEMBAWANG,2 ROOM,130B,CANBERRA CRES,01 TO 03,38.0,Model A,2018,91 years 02 months,361000.0,130B CANBERRA CRES,752130,1.444386113036348,103.8320775585845,2026-10-01
234332,2026-09,QUEENSTOWN,EXECUTIVE,150,MEI LING ST,10 TO 12,148.0,Apartment,1995,68 years 01 month,1500000.0,150 MEI LING ST,141150,1.294903078546949,103.8036992985747,2026-10-01
234331,2026-09,QUEENSTOWN,EXECUTIVE,148,MEI LING ST,07 TO 09,150.0,Apartment,1995,68 years 02 months,1420000.0,148 MEI LING ST,140148,1.294316074493107,103.8044662247429,2026-10-01
234324,2026-09,QUEENSTOWN,5 ROOM,52,STRATHMORE AVE,16 TO 18,110.0,Improved,2006,79 years 03 months,1230000.0,52 STRATHMORE AVE,141052,1.293313144802908,103.8082534345322,2026-10-01
234323,2026-09,QUEENSTOWN,5 ROOM,58,STRATHMORE AVE,28 TO 30,110.0,Improved,2000,73 years 02 months,1210000.0,58 STRATHMORE AVE,142058,1.293084960288665,103.8107889037188,2026-10-01
235267,2026-09,SENGKANG,4 ROOM,309C,ANCHORVALE RD,01 TO 03,89.0,Premium Apartment,2002,75 years 03 months,550000.0,309C ANCHORVALE RD,543309,1.391098223894805,103.8857612211207,2026-10-01
235268,2026-09,SENGKANG,4 ROOM,327C,ANCHORVALE RD,10 TO 12,92.0,Premium Apartment,2015,87 years 08 months,715000.0,327C ANCHORVALE RD,543327,1.39609319862487,103.888720918656,2026-10-01
235269,2026-09,SENGKANG,4 ROOM,308C,ANCHORVALE RD,10 TO 12,90.0,Model A,2002,74 years 06 months,542000.0,308C ANCHORVALE RD,543308,1.38922747231791,103.886844686117,2026-10-01
236269,2026-09,SENGKANG,5 ROOM,260C,SENGKANG EAST WAY,04 TO 06,110.0,Improved,2001,73 years 05 months,733888.88,260C SENGKANG EAST WAY,543260,1.3941329819916,103.8954435515711,2026-10-01
236236,2026-09,SENGKANG,5 ROOM,110,RIVERVALE WALK,04 TO 06,120.0,Improved,1999,71 years 06 months,650000.0,110 RIVERVALE WALK,540110,1.383492335284563,103.900312363452,2026-10-01
236222,2026-09,SENGKANG,5 ROOM,121A,RIVERVALE DR,13 TO 15,110.0,Improved,2000,72 years 09 months,628000.0,121A RIVERVALE DR,541121,1.386690883033876,103.9051118797077,2026-10-01
236221,2026-09,SENGKANG,5 ROOM,123E,RIVERVALE DR,07 TO 09,115.0,Improved,1999,71 years 10 months,628000.0,123E RIVERVALE DR,545123,1.386649168833265,103.9027246912699,2026-10-01
236220,2026-09,SENGKANG,5 ROOM,123C,RIVERVALE DR,01 TO 03,115.0,Improved,1999,72 years,608000.0,123C RIVERVALE DR,543123,1.386408522010046,103.902222112406,2026-10-01
236218,2026-09,SENGKANG,5 ROOM,190B,RIVERVALE DR,13 TO 15,115.0,Improved,2000,72 years 09 months,680000.0,190B RIVERVALE DR,542190,1.394155930156123,103.9023759462471,2026-10-01
236217,2026-09,SENGKANG,5 ROOM,144,RIVERVALE DR,13 TO 15,116.0,Improved,1999,72 years 04 months,680000.0,144 RIVERVALE DR,540144,1.389169723159122,103.9059303137827,2026-10-01
236173,2026-09,SENGKANG,5 ROOM,164A,RIVERVALE CRES,07 TO 09,113.0,Improved,2017,89 years 09 months,750000.0,164A RIVERVALE CRES,541164,1.390070296967295,103.9072732215585,2026-10-01
236172,2026-09,SENGKANG,5 ROOM,162A,RIVERVALE CRES,10 TO 12,113.0,Improved,2017,89 years 09 months,723888.0,162A RIVERVALE CRES,541162,1.390359612585955,103.9076367397339,2026-10-01
236143,2026-09,SENGKANG,5 ROOM,471B,FERNVALE ST,16 TO 18,113.0,Improved,2016,89 years,785000.0,471B FERNVALE ST,792471,1.396498756297496,103.8804473373089,2026-10-01
236135,2026-09,SENGKANG,5 ROOM,407B,FERNVALE RD,04 TO 06,110.0,Premium Apartment,2005,77 years 05 months,630000.0,407B FERNVALE RD,792407,1.388997391577782,103.8751479673537,2026-10-01
236121,2026-09,SENGKANG,5 ROOM,468C,FERNVALE LINK,10 TO 12,113.0,Improved,2016,88 years 11 months,760000.0,468C FERNVALE LINK,793468,1.39689621112726,103.8777853288731,2026-10-01
236120,2026-09,SENGKANG,5 ROOM,412A,FERNVALE LINK,04 TO 06,114.0,Premium Apartment,2004,76 years 07 months,600000.0,412A FERNVALE LINK,791412,1.389231236417085,103.8779060588617,2026-10-01
236119,2026-09,SENGKANG,5 ROOM,416B,FERNVALE LINK,13 TO 15,112.0,Improved,2016,88 years 05 months,808000.0,416B FERNVALE LINK,792416,1.390485190344436,103.8805095456227,2026-10-01
236091,2026-09,SENGKANG,5 ROOM,403C,FERNVALE LANE,19 TO 21,112.0,Premium Apartment,2004,76 years 08 months,750000.0,403C FERNVALE LANE,793403,1.388318481337028,103.8729356973799,2026-10-01
236090,2026-09,SENGKANG,5 ROOM,405A,FERNVALE LANE,13 TO 15,112.0,Premium Apartment,2004,76 years 06 months,650000.0,405A FERNVALE LANE,791405,1.388822916405628,103.8738590406772,2026-10-01
236089,2026-09,SENGKANG,5 ROOM,403D,FERNVALE LANE,16 TO 18,112.0,Premium Apartment,2004,76 years 10 months,635000.0,403D FERNVALE LANE,794403,1.388219383788925,103.8731788879506,2026-10-01
236081,2026-09,SENGKANG,5 ROOM,228A,COMPASSVALE WALK,01 TO 03,115.0,Improved,2000,72 years 06 months,585000.0,228A COMPASSVALE WALK,541228,1.387459233289957,103.9013690569022,2026-10-01
236080,2026-09,SENGKANG,5 ROOM,233,COMPASSVALE WALK,13 TO 15,123.0,Improved,1999,71 years 11 months,710000.0,233 COMPASSVALE WALK,540233,1.389940815352282,103.9007213651371,2026-10-01
236079,2026-09,SENGKANG,5 ROOM,237,COMPASSVALE WALK,07 TO 09,122.0,Improved,1999,72 years 02 months,725000.0,237 COMPASSVALE WALK,540237,1.389867883708197,103.8985202823971,2026-10-01
236078,2026-09,SENGKANG,5 ROOM,224B,COMPASSVALE WALK,13 TO 15,121.0,Improved,1999,71 years 08 months,720000.0,224B COMPASSVALE WALK,542224,1.388211727897864,103.8978709505422,2026-10-01
236077,2026-09,SENGKANG,5 ROOM,236,COMPASSVALE WALK,10 TO 12,123.0,Improved,1999,71 years 11 months,730000.0,236 COMPASSVALE WALK,540236,1.390487166273794,103.8994385272827,2026-10-01
236076,2026-09,SENGKANG,5 ROOM,223C,COMPASSVALE WALK,04 TO 06,121.0,Improved,1999,71 years 07 months,650000.0,223C COMPASSVALE WALK,543223,1.388712682267613,103.8977562082292,2026-10-01
236075,2026-09,SENGKANG,5 ROOM,239,COMPASSVALE WALK,13 TO 15,122.0,Improved,1999,72 years 01 month,728000.0,239 COMPASSVALE WALK,540239,1.39133011799592,103.8981601867749,2026-10-01
236074,2026-09,SENGKANG,5 ROOM,232,COMPASSVALE WALK,01 TO 03,123.0,Improved,1999,71 years 11 months,650000.0,232 COMPASSVALE WALK,540232,1.390555877922891,103.9008379986364,2026-10-01
236060,2026-09,SENGKANG,5 ROOM,298D,COMPASSVALE ST,04 TO 06,114.0,Premium Apartment,2001,74 years,630000.0,298D COMPASSVALE ST,544298,1.395816643365068,103.900930171269,2026-10-01
236042,2026-09,SENGKANG,5 ROOM,244,COMPASSVALE RD,01 TO 03,115.0,Improved,2000,72 years 11 months,650000.0,244 COMPASSVALE RD,540244,1.393379032304705,103.8988871065848,2026-10-01
236005,2026-09,SENGKANG,5 ROOM,217B,COMPASSVALE DR,10 TO 12,112.0,Premium Apartment,2017,89 years 09 months,1060000.0,217B COMPASSVALE DR,542217,1.389280336047721,103.8943456378618,2026-10-01
236004,2026-09,SENGKANG,5 ROOM,201B,COMPASSVALE DR,10 TO 12,110.0,Improved,2001,73 years 11 months,715000.0,201B COMPASSVALE DR,542201,1.388313115711482,103.8939236398603,2026-10-01
236003,2026-09,SENGKANG,5 ROOM,227A,COMPASSVALE DR,04 TO 06,122.0,Improved,1999,72 years 04 months,670000.0,227A COMPASSVALE DR,541227,1.387044698384301,103.900358656438,2026-10-01
236268,2026-09,SENGKANG,5 ROOM,261B,SENGKANG EAST WAY,07 TO 09,110.0,Improved,2000,73 years 02 months,700000.0,261B SENGKANG EAST WAY,542261,1.393494324516502,103.8944082420733,2026-10-01
236270,2026-09,SENGKANG,5 ROOM,261B,SENGKANG EAST WAY,10 TO 12,110.0,Improved,2000,73 years 02 months,760000.0,261B SENGKANG EAST WAY,542261,1.393494324516502,103.8944082420733,2026-10-01
235979,2026-09,SENGKANG,5 ROOM,290B,COMPASSVALE CRES,04 TO 06,110.0,Improved,2001,74 years 04 months,580000.0,290B COMPASSVALE CRES,542290,1.397032667858308,103.8970230304744,2026-10-01
236286,2026-09,SENGKANG,5 ROOM,458A,SENGKANG WEST RD,07 TO 09,113.0,Improved,2020,93 years 01 month,750000.0,458A SENGKANG WEST RD,791458,1.392968405617762,103.8695721972987,2026-10-01
236537,2026-09,SERANGOON,4 ROOM,224,SERANGOON AVE 4,04 TO 06,93.0,New Generation,1984,56 years 11 months,575000.0,224 SERANGOON AVE 4,550224,1.357205750370643,103.8708312811496,2026-10-01
236536,2026-09,SERANGOON,4 ROOM,228,SERANGOON AVE 4,13 TO 15,91.0,New Generation,1984,56 years 11 months,635000.0,228 SERANGOON AVE 4,550228,1.356364014957245,103.8702598533937,2026-10-01
236524,2026-09,SERANGOON,4 ROOM,329,SERANGOON AVE 3,07 TO 09,84.0,Simplified,1986,58 years 10 months,678000.0,329 SERANGOON AVE 3,550329,1.349626342801827,103.8680637973777,2026-10-01
236521,2026-09,SERANGOON,4 ROOM,335,SERANGOON AVE 3,10 TO 12,104.0,Model A,1986,58 years 09 months,900000.0,335 SERANGOON AVE 3,550335,1.349442214089499,103.8710678078363,2026-10-01
236520,2026-09,SERANGOON,4 ROOM,234,SERANGOON AVE 3,01 TO 03,104.0,Model A,1985,57 years 10 months,688000.0,234 SERANGOON AVE 3,550234,1.354799537849154,103.8695343324536,2026-10-01
236481,2026-09,SERANGOON,4 ROOM,407,SERANGOON AVE 1,04 TO 06,113.0,Model A,1989,61 years 06 months,850000.0,407 SERANGOON AVE 1,550407,1.347186130346052,103.8729681822224,2026-10-01
236470,2026-09,SERANGOON,4 ROOM,6,LOR LEW LIAN,07 TO 09,98.0,New Generation,1978,50 years 09 months,628000.0,6 LOR LEW LIAN,531006,1.349438107959056,103.8773264492957,2026-10-01
236469,2026-09,SERANGOON,3 ROOM,152,SERANGOON NTH AVE 1,04 TO 06,64.0,Simplified,1986,59 years 03 months,440000.0,152 SERANGOON NTH AVE 1,550152,1.369347267978119,103.8726139976962,2026-10-01
236426,2026-09,SERANGOON,3 ROOM,302,SERANGOON AVE 2,04 TO 06,69.0,Improved,1985,57 years 07 months,493888.0,302 SERANGOON AVE 2,550302,1.353180210894801,103.867119538611,2026-10-01
236413,2026-09,SERANGOON,3 ROOM,4,LOR LEW LIAN,07 TO 09,64.0,Improved,1978,50 years 09 months,420888.0,4 LOR LEW LIAN,531004,1.35026200356709,103.8764850506465,2026-10-01
236397,2026-09,SENGKANG,EXECUTIVE,122C,SENGKANG EAST WAY,13 TO 15,131.0,Apartment,2000,72 years 10 months,818000.0,122C SENGKANG EAST WAY,543122,1.387508502288575,103.9061437689467,2026-10-01
236396,2026-09,SENGKANG,EXECUTIVE,324C,SENGKANG EAST WAY,10 TO 12,127.0,Apartment,2002,74 years 10 months,875000.0,324C SENGKANG EAST WAY,543324,1.392544086688383,103.8917765343233,2026-10-01
236390,2026-09,SENGKANG,EXECUTIVE,102,RIVERVALE WALK,10 TO 12,141.0,Apartment,1999,71 years 07 months,970000.0,102 RIVERVALE WALK,540102,1.381807610260469,103.9008932297075,2026-10-01
236384,2026-09,SENGKANG,EXECUTIVE,139,RIVERVALE ST,07 TO 09,141.0,Apartment,1999,71 years 04 months,875000.0,139 RIVERVALE ST,540139,1.388870191706394,103.904295614592,2026-10-01
236383,2026-09,SENGKANG,EXECUTIVE,136,RIVERVALE ST,07 TO 09,142.0,Apartment,1998,71 years 03 months,860000.0,136 RIVERVALE ST,540136,1.388970715480321,103.9049673537729,2026-10-01
236374,2026-09,SENGKANG,EXECUTIVE,189C,RIVERVALE DR,10 TO 12,131.0,Apartment,2000,72 years 10 months,828000.0,189C RIVERVALE DR,543189,1.395401884193587,103.903397561036,2026-10-01
236373,2026-09,SENGKANG,EXECUTIVE,116B,RIVERVALE DR,10 TO 12,130.0,Apartment,2000,72 years 10 months,800000.0,116B RIVERVALE DR,542116,1.382059915484405,103.9023554103902,2026-10-01
236372,2026-09,SENGKANG,EXECUTIVE,189C,RIVERVALE DR,16 TO 18,131.0,Apartment,2000,72 years 10 months,838000.0,189C RIVERVALE DR,543189,1.395401884193587,103.903397561036,2026-10-01
236354,2026-09,SENGKANG,EXECUTIVE,250C,COMPASSVALE ST,13 TO 15,130.0,Apartment,2000,72 years 11 months,818000.0,250C COMPASSVALE ST,543250,1.3926934369736,103.899877418149,2026-10-01
236353,2026-09,SENGKANG,EXECUTIVE,262B,COMPASSVALE ST,01 TO 03,130.0,Apartment,2001,73 years 08 months,840000.0,262B COMPASSVALE ST,542262,1.395100053151127,103.895470505301,2026-10-01
236322,2026-09,SENGKANG,EXECUTIVE,313D,ANCHORVALE RD,07 TO 09,125.0,Premium Apartment,2003,75 years 08 months,790000.0,313D ANCHORVALE RD,544313,1.392150619030029,103.8875631588427,2026-10-01
236321,2026-09,SENGKANG,EXECUTIVE,307B,ANCHORVALE RD,04 TO 06,128.0,Apartment,2001,74 years 03 months,813800.0,307B ANCHORVALE RD,542307,1.389544653440235,103.887443517634,2026-10-01
236320,2026-09,SENGKANG,EXECUTIVE,313D,ANCHORVALE RD,07 TO 09,125.0,Premium Apartment,2003,75 years 09 months,800000.0,313D ANCHORVALE RD,544313,1.392150619030029,103.8875631588427,2026-10-01
236319,2026-09,SENGKANG,EXECUTIVE,315C,ANCHORVALE RD,10 TO 12,125.0,Premium Apartment,2003,75 years 11 months,836000.0,315C ANCHORVALE RD,543315,1.392344145191671,103.8880498087309,2026-10-01
236318,2026-09,SENGKANG,EXECUTIVE,315A,ANCHORVALE RD,07 TO 09,125.0,Premium Apartment,2003,75 years 09 months,820000.0,315A ANCHORVALE RD,541315,1.391941879898737,103.8890184891018,2026-10-01
236315,2026-09,SENGKANG,EXECUTIVE,302C,ANCHORVALE LINK,07 TO 09,130.0,Apartment,2001,74 years 03 months,800000.0,302C ANCHORVALE LINK,543302,1.388079615497254,103.8901531392838,2026-10-01
236300,2026-09,SENGKANG,5 ROOM,452B,SENGKANG WEST WAY,19 TO 21,111.0,Improved,2015,87 years 08 months,790000.0,452B SENGKANG WEST WAY,792452,1.393592199750119,103.8739756425779,2026-10-01
236288,2026-09,SENGKANG,5 ROOM,458B,SENGKANG WEST RD,10 TO 12,113.0,Improved,2020,93 years,800000.0,458B SENGKANG WEST RD,792458,1.392938012085665,103.8701967016377,2026-10-01
236287,2026-09,SENGKANG,5 ROOM,457A,SENGKANG WEST RD,10 TO 12,113.0,Improved,2020,93 years 01 month,780000.0,457A SENGKANG WEST RD,791457,1.392498363513846,103.8701885728906,2026-10-01
236002,2026-09,SENGKANG,5 ROOM,204A,COMPASSVALE DR,07 TO 09,110.0,Improved,2000,73 years 04 months,690000.0,204A COMPASSVALE DR,541204,1.387856246966172,103.894681035814,2026-10-01
235961,2026-09,SENGKANG,5 ROOM,274A,COMPASSVALE BOW,04 TO 06,113.0,Improved,2017,90 years 03 months,930000.0,274A COMPASSVALE BOW,541274,1.381553553609417,103.8905630709136,2026-10-01
235270,2026-09,SENGKANG,4 ROOM,326B,ANCHORVALE RD,10 TO 12,92.0,Premium Apartment,2015,87 years 08 months,685000.0,326B ANCHORVALE RD,542326,1.395311772869796,103.888014709966,2026-10-01
235622,2026-09,SENGKANG,4 ROOM,453D,FERNVALE RD,22 TO 24,92.0,Model A,2015,87 years 11 months,690000.0,453D FERNVALE RD,794453,1.393417072954266,103.8753401782328,2026-10-01
235620,2026-09,SENGKANG,4 ROOM,410C,FERNVALE RD,13 TO 15,95.0,Premium Apartment,2012,85 years 03 months,660000.0,410C FERNVALE RD,793410,1.389939203738778,103.8764795958504,2026-10-01
235619,2026-09,SENGKANG,4 ROOM,436B,FERNVALE RD,19 TO 21,96.0,Model A,2010,82 years 07 months,658000.0,436B FERNVALE RD,792436,1.392878359799502,103.8769757196165,2026-10-01
235546,2026-09,SENGKANG,4 ROOM,417A,FERNVALE LINK,10 TO 12,94.0,Model A,2018,90 years 10 months,708000.0,417A FERNVALE LINK,791417,1.391576541013031,103.8806972698962,2026-10-01
235460,2026-09,SENGKANG,4 ROOM,291B,COMPASSVALE ST,10 TO 12,90.0,Model A,2002,74 years 04 months,558000.0,291B COMPASSVALE ST,542291,1.395824870784831,103.8984975800215,2026-10-01
235459,2026-09,SENGKANG,4 ROOM,299B,COMPASSVALE ST,07 TO 09,94.0,Premium Apartment,2001,74 years,578000.0,299B COMPASSVALE ST,542299,1.396828595716249,103.9011868127582,2026-10-01
235458,2026-09,SENGKANG,4 ROOM,299A,COMPASSVALE ST,01 TO 03,94.0,Premium Apartment,2001,74 years,550000.0,299A COMPASSVALE ST,541299,1.39624131422154,103.9026328123879,2026-10-01
235445,2026-09,SENGKANG,4 ROOM,203E,COMPASSVALE RD,13 TO 15,90.0,Model A,2000,73 years 04 months,590000.0,203E COMPASSVALE RD,545203,1.387950187719662,103.8957792853867,2026-10-01
235434,2026-09,SENGKANG,4 ROOM,267B,COMPASSVALE LINK,07 TO 09,90.0,Premium Apartment,2006,78 years 05 months,680000.0,267B COMPASSVALE LINK,542267,1.383199994680302,103.8974332353071,2026-10-01
235433,2026-09,SENGKANG,4 ROOM,265A,COMPASSVALE LINK,16 TO 18,92.0,Premium Apartment,2008,80 years 08 months,776000.0,265A COMPASSVALE LINK,541265,1.382268333392213,103.8952789185025,2026-10-01
235432,2026-09,SENGKANG,4 ROOM,265A,COMPASSVALE LINK,10 TO 12,92.0,Premium Apartment,2008,80 years 08 months,758000.0,265A COMPASSVALE LINK,541265,1.382268333392213,103.8952789185025,2026-10-01
235431,2026-09,SENGKANG,4 ROOM,265A,COMPASSVALE LINK,07 TO 09,92.0,Premium Apartment,2008,80 years 09 months,780000.0,265A COMPASSVALE LINK,541265,1.382268333392213,103.8952789185025,2026-10-01
235430,2026-09,SENGKANG,4 ROOM,267B,COMPASSVALE LINK,07 TO 09,91.0,Premium Apartment,2006,78 years 06 months,650000.0,267B COMPASSVALE LINK,542267,1.383199994680302,103.8974332353071,2026-10-01
235395,2026-09,SENGKANG,4 ROOM,206A,COMPASSVALE LANE,13 TO 15,102.0,Model A,1999,71 years 10 months,618000.0,206A COMPASSVALE LANE,541206,1.386480682320589,103.8967398914005,2026-10-01
235365,2026-09,SENGKANG,4 ROOM,227C,COMPASSVALE DR,07 TO 09,102.0,Model A,2000,72 years 04 months,585000.0,227C COMPASSVALE DR,543227,1.386802298288174,103.9011329508615,2026-10-01
235364,2026-09,SENGKANG,4 ROOM,204A,COMPASSVALE DR,16 TO 18,92.0,Model A,2000,73 years 03 months,585000.0,204A COMPASSVALE DR,541204,1.387856246966172,103.894681035814,2026-10-01
235363,2026-09,SENGKANG,4 ROOM,212A,COMPASSVALE DR,01 TO 03,95.0,Premium Apartment,2012,85 years 01 month,620000.0,212A COMPASSVALE DR,541212,1.386398218160672,103.8999600234289,2026-10-01
235340,2026-09,SENGKANG,4 ROOM,288C,COMPASSVALE CRES,13 TO 15,93.0,Premium Apartment,2017,90 years 02 months,680000.0,288C COMPASSVALE CRES,543288,1.398388832116083,103.8980713370479,2026-10-01
235339,2026-09,SENGKANG,4 ROOM,295A,COMPASSVALE CRES,04 TO 06,89.0,Model A,2002,74 years 06 months,505000.0,295A COMPASSVALE CRES,541295,1.398271174326158,103.8992781321432,2026-10-01
235338,2026-09,SENGKANG,4 ROOM,289A,COMPASSVALE CRES,07 TO 09,96.0,Premium Apartment,2017,90 years 03 months,688000.0,289A COMPASSVALE CRES,541289,1.397711999679717,103.8977197739862,2026-10-01
235337,2026-09,SENGKANG,4 ROOM,296B,COMPASSVALE CRES,10 TO 12,90.0,Model A,2002,74 years 05 months,568888.0,296B COMPASSVALE CRES,542296,1.397638901605714,103.8992874084039,2026-10-01
235336,2026-09,SENGKANG,4 ROOM,286C,COMPASSVALE CRES,01 TO 03,93.0,Premium Apartment,2017,90 years 03 months,588000.0,286C COMPASSVALE CRES,543286,1.398117867200827,103.8964236860367,2026-10-01
235300,2026-09,SENGKANG,4 ROOM,278C,COMPASSVALE BOW,07 TO 09,92.0,Model A,2017,90 years 02 months,828000.0,278C COMPASSVALE BOW,543278,1.382863775672565,103.8909863958209,2026-10-01
235299,2026-09,SENGKANG,4 ROOM,264C,COMPASSVALE BOW,13 TO 15,92.0,Premium Apartment,2008,80 years 09 months,735000.0,264C COMPASSVALE BOW,543264,1.381456028617022,103.8961646869318,2026-10-01
235298,2026-09,SENGKANG,4 ROOM,266B,COMPASSVALE BOW,01 TO 03,92.0,Premium Apartment,2007,80 years,582000.0,266B COMPASSVALE BOW,542266,1.382579359479721,103.8972252523768,2026-10-01
235283,2026-09,SENGKANG,4 ROOM,331A,ANCHORVALE ST,01 TO 03,93.0,Model A,2015,88 years,625000.0,331A ANCHORVALE ST,541331,1.395949757338522,103.8904679205112,2026-10-01
235274,2026-09,SENGKANG,4 ROOM,327B,ANCHORVALE RD,13 TO 15,92.0,Premium Apartment,2015,87 years 07 months,651888.0,327B ANCHORVALE RD,542327,1.395646923964713,103.8886332854237,2026-10-01
235273,2026-09,SENGKANG,4 ROOM,326D,ANCHORVALE RD,13 TO 15,92.0,Premium Apartment,2015,87 years 07 months,715000.0,326D ANCHORVALE RD,544326,1.396130529384198,103.8880971160327,2026-10-01
235272,2026-09,SENGKANG,4 ROOM,308C,ANCHORVALE RD,07 TO 09,90.0,Model A,2002,74 years 05 months,540000.0,308C ANCHORVALE RD,543308,1.38922747231791,103.886844686117,2026-10-01
235271,2026-09,SENGKANG,4 ROOM,327C,ANCHORVALE RD,07 TO 09,92.0,Premium Apartment,2015,87 years 08 months,655000.0,327C ANCHORVALE RD,543327,1.39609319862487,103.888720918656,2026-10-01
235621,2026-09,SENGKANG,4 ROOM,453D,FERNVALE RD,01 TO 03,92.0,Model A,2015,87 years 11 months,600000.0,453D FERNVALE RD,794453,1.393417072954266,103.8753401782328,2026-10-01
235623,2026-09,SENGKANG,4 ROOM,406C,FERNVALE RD,13 TO 15,91.0,Premium Apartment,2004,77 years 03 months,585000.0,406C FERNVALE RD,793406,1.388679048038477,103.874702601249,2026-10-01
235952,2026-09,SENGKANG,5 ROOM,331B,ANCHORVALE ST,04 TO 06,112.0,Improved,2015,87 years 11 months,780000.0,331B ANCHORVALE ST,542331,1.395672440306327,103.890125430899,2026-10-01
235624,2026-09,SENGKANG,4 ROOM,411B,FERNVALE RD,13 TO 15,95.0,Premium Apartment,2012,85 years 02 months,678000.0,411B FERNVALE RD,792411,1.390162618357667,103.8770562020249,2026-10-01
235947,2026-09,SENGKANG,5 ROOM,309B,ANCHORVALE RD,01 TO 03,111.0,Premium Apartment,2002,75 years,570000.0,309B ANCHORVALE RD,542309,1.391416945326205,103.8858723720239,2026-10-01
235946,2026-09,SENGKANG,5 ROOM,309C,ANCHORVALE RD,07 TO 09,111.0,Premium Apartment,2002,75 years 03 months,650000.0,309C ANCHORVALE RD,543309,1.391098223894805,103.8857612211207,2026-10-01
235945,2026-09,SENGKANG,5 ROOM,308B,ANCHORVALE RD,13 TO 15,110.0,Improved,2001,74 years 03 months,650000.0,308B ANCHORVALE RD,542308,1.389930950658305,103.8865607298131,2026-10-01
235930,2026-09,SENGKANG,5 ROOM,305C,ANCHORVALE LINK,10 TO 12,110.0,Improved,2001,74 years 01 month,628888.0,305C ANCHORVALE LINK,543305,1.389146396713167,103.8878720114201,2026-10-01
235929,2026-09,SENGKANG,5 ROOM,318A,ANCHORVALE LINK,10 TO 12,110.0,Premium Apartment,2003,75 years 09 months,640000.0,318A ANCHORVALE LINK,541318,1.393728315951459,103.889723049359,2026-10-01
235890,2026-09,SENGKANG,5 ROOM,356B,ANCHORVALE LANE,07 TO 09,113.0,Improved,2021,93 years 05 months,870000.0,356B ANCHORVALE LANE,542356,1.393906633314163,103.8845068179018,2026-10-01
235844,2026-09,SENGKANG,4 ROOM,432A,SENGKANG WEST WAY,22 TO 24,93.0,Model A,2014,87 years 02 months,650000.0,432A SENGKANG WEST WAY,791432,1.394750476453356,103.8772023117288,2026-10-01
235843,2026-09,SENGKANG,4 ROOM,450A,SENGKANG WEST WAY,16 TO 18,92.0,Model A,2014,86 years 11 months,630000.0,450A SENGKANG WEST WAY,791450,1.394468148415787,103.8735067233269,2026-10-01
235842,2026-09,SENGKANG,4 ROOM,469C,SENGKANG WEST WAY,10 TO 12,93.0,Model A,2016,89 years,620000.0,469C SENGKANG WEST WAY,793469,1.396323537470387,103.8774220284048,2026-10-01
235819,2026-09,SENGKANG,4 ROOM,456A,SENGKANG WEST RD,07 TO 09,93.0,Model A,2020,93 years 01 month,658000.0,456A SENGKANG WEST RD,791456,1.391659659990644,103.869882501471,2026-10-01
235810,2026-09,SENGKANG,4 ROOM,438A,SENGKANG WEST AVE,07 TO 09,94.0,Model A,2011,83 years 06 months,685000.0,438A SENGKANG WEST AVE,791438,1.392746040007342,103.8774217461561,2026-10-01
235803,2026-09,SENGKANG,4 ROOM,325B,SENGKANG EAST WAY,07 TO 09,90.0,Model A,2003,75 years 08 months,598000.0,325B SENGKANG EAST WAY,542325,1.392908499131551,103.8906754518399,2026-10-01
235793,2026-09,SENGKANG,4 ROOM,281B,SENGKANG EAST AVE,01 TO 03,92.0,Premium Apartment,2015,88 years,770000.0,281B SENGKANG EAST AVE,542281,1.385728270631955,103.8918595989653,2026-10-01
235778,2026-09,SENGKANG,4 ROOM,271B,SENGKANG CTRL,10 TO 12,93.0,Premium Apartment,2010,82 years 09 months,755000.0,271B SENGKANG CTRL,542271,1.385455446423353,103.8944903957366,2026-10-01
235777,2026-09,SENGKANG,4 ROOM,271B,SENGKANG CTRL,10 TO 12,93.0,Premium Apartment,2010,82 years 09 months,815000.0,271B SENGKANG CTRL,542271,1.385455446423353,103.8944903957366,2026-10-01
235755,2026-09,SENGKANG,4 ROOM,113,RIVERVALE WALK,01 TO 03,100.0,Model A,1998,71 years 03 months,568000.0,113 RIVERVALE WALK,540113,1.383829505202524,103.9016935349006,2026-10-01
235749,2026-09,SENGKANG,4 ROOM,130,RIVERVALE ST,01 TO 03,100.0,Model A,1999,71 years 06 months,556000.0,130 RIVERVALE ST,540130,1.389445038677362,103.902653243628,2026-10-01
235748,2026-09,SENGKANG,4 ROOM,140,RIVERVALE ST,10 TO 12,90.0,Model A2,1999,71 years 05 months,548000.0,140 RIVERVALE ST,540140,1.389375594814627,103.903705419983,2026-10-01
235730,2026-09,SENGKANG,4 ROOM,195,RIVERVALE DR,07 TO 09,91.0,Model A,2001,73 years 11 months,555888.0,195 RIVERVALE DR,540195,1.392824178008097,103.9024001850873,2026-10-01
235729,2026-09,SENGKANG,4 ROOM,116C,RIVERVALE DR,04 TO 06,95.0,Model A,2000,72 years 11 months,550000.0,116C RIVERVALE DR,543116,1.382155099902445,103.9028522371538,2026-10-01
235710,2026-09,SENGKANG,4 ROOM,162A,RIVERVALE CRES,16 TO 18,93.0,Model A,2017,89 years 08 months,636000.0,162A RIVERVALE CRES,541162,1.390359612585955,103.9076367397339,2026-10-01
235709,2026-09,SENGKANG,4 ROOM,157B,RIVERVALE CRES,10 TO 12,94.0,Premium Apartment,2003,76 years 01 month,570000.0,157B RIVERVALE CRES,542157,1.387631063646646,103.9082329188226,2026-10-01
235708,2026-09,SENGKANG,4 ROOM,162C,RIVERVALE CRES,13 TO 15,93.0,Model A,2017,89 years 08 months,655000.0,162C RIVERVALE CRES,543162,1.39002955034113,103.9084848948778,2026-10-01
235707,2026-09,SENGKANG,4 ROOM,178C,RIVERVALE CRES,04 TO 06,93.0,Model A,2015,87 years 07 months,565000.0,178C RIVERVALE CRES,543178,1.388732701322092,103.9106604704491,2026-10-01
235706,2026-09,SENGKANG,4 ROOM,163A,RIVERVALE CRES,13 TO 15,93.0,Model A,2017,89 years 09 months,625000.0,163A RIVERVALE CRES,541163,1.389558899268077,103.9088168982519,2026-10-01
235705,2026-09,SENGKANG,4 ROOM,178C,RIVERVALE CRES,13 TO 15,93.0,Model A,2015,87 years 08 months,600000.0,178C RIVERVALE CRES,543178,1.388732701322092,103.9106604704491,2026-10-01
235637,2026-09,SENGKANG,4 ROOM,472C,FERNVALE ST,16 TO 18,93.0,Model A,2016,89 years,683000.0,472C FERNVALE ST,793472,1.396315521982115,103.8811673147581,2026-10-01
235636,2026-09,SENGKANG,4 ROOM,471C,FERNVALE ST,13 TO 15,93.0,Model A,2016,89 years,689000.0,471C FERNVALE ST,793471,1.395952910691056,103.8815041411,2026-10-01
235635,2026-09,SENGKANG,4 ROOM,471B,FERNVALE ST,25 TO 27,93.0,Model A,2016,89 years 01 month,658000.0,471B FERNVALE ST,792471,1.396498756297496,103.8804473373089,2026-10-01
234117,2026-09,QUEENSTOWN,4 ROOM,88,DAWSON RD,16 TO 18,83.0,Premium Apartment,2016,89 years,1120000.0,88 DAWSON RD,142088,1.295793950382486,103.8092647658091,2026-10-01
234115,2026-09,QUEENSTOWN,4 ROOM,87,DAWSON RD,40 TO 42,83.0,Premium Apartment,2016,89 years,1210000.0,87 DAWSON RD,141087,1.29573042684511,103.8097599374422,2026-10-01
236550,2026-09,SERANGOON,4 ROOM,420,SERANGOON CTRL,07 TO 09,93.0,New Generation,1989,62 years 03 months,755000.0,420 SERANGOON CTRL,550420,1.3491491085796,103.8751170432311,2026-10-01
232272,2026-09,PASIR RIS,EXECUTIVE,131,PASIR RIS ST 11,01 TO 03,149.0,Apartment,1994,67 years 02 months,820000.0,131 PASIR RIS ST 11,510131,1.365919900379555,103.9563485453139,2026-10-01
232375,2026-09,PASIR RIS,EXECUTIVE,716,PASIR RIS ST 72,10 TO 12,147.0,Apartment,1996,68 years 09 months,938000.0,716 PASIR RIS ST 72,510716,1.38310038084332,103.9367967678087,2026-10-01
232374,2026-09,PASIR RIS,EXECUTIVE,711,PASIR RIS ST 72,01 TO 03,148.0,Apartment,1996,68 years 10 months,788000.0,711 PASIR RIS ST 72,510711,1.381720331045032,103.9381108815595,2026-10-01
232354,2026-09,PASIR RIS,EXECUTIVE,505,PASIR RIS ST 52,07 TO 09,146.0,Apartment,1993,66 years 01 month,960000.0,505 PASIR RIS ST 52,510505,1.37665440089896,103.9452348172292,2026-10-01
232340,2026-09,PASIR RIS,EXECUTIVE,547,PASIR RIS ST 51,13 TO 15,147.0,Apartment,1992,65 years 04 months,1000000.0,547 PASIR RIS ST 51,510547,1.36896148160911,103.9533573708204,2026-10-01
232321,2026-09,PASIR RIS,EXECUTIVE,235,PASIR RIS ST 21,01 TO 03,147.0,Apartment,1993,65 years 11 months,768000.0,235 PASIR RIS ST 21,510235,1.373461221108243,103.9623141876884,2026-10-01
232320,2026-09,PASIR RIS,EXECUTIVE,267,PASIR RIS ST 21,04 TO 06,144.0,Apartment,1994,67 years 01 month,855000.0,267 PASIR RIS ST 21,510267,1.365941683694262,103.963475911176,2026-10-01
232319,2026-09,PASIR RIS,EXECUTIVE,235,PASIR RIS ST 21,13 TO 15,149.0,Apartment,1993,65 years 10 months,940000.0,235 PASIR RIS ST 21,510235,1.373461221108243,103.9623141876884,2026-10-01
232318,2026-09,PASIR RIS,EXECUTIVE,206,PASIR RIS ST 21,07 TO 09,148.0,Apartment,1993,66 years 01 month,895000.0,206 PASIR RIS ST 21,510206,1.366281644865827,103.9626984759172,2026-10-01
232317,2026-09,PASIR RIS,EXECUTIVE,245,PASIR RIS ST 21,07 TO 09,148.0,Apartment,1993,65 years 11 months,888000.0,245 PASIR RIS ST 21,510245,1.371100122291737,103.96304680441,2026-10-01
232316,2026-09,PASIR RIS,EXECUTIVE,242,PASIR RIS ST 21,13 TO 15,150.0,Apartment,1993,65 years 11 months,928000.0,242 PASIR RIS ST 21,510242,1.371578105998682,103.9625075767515,2026-10-01
232315,2026-09,PASIR RIS,EXECUTIVE,210,PASIR RIS ST 21,07 TO 09,147.0,Apartment,1993,66 years 01 month,830000.0,210 PASIR RIS ST 21,510210,1.367031279281486,103.9616275434147,2026-10-01
232285,2026-09,PASIR RIS,EXECUTIVE,161,PASIR RIS ST 13,01 TO 03,149.0,Apartment,1995,67 years 06 months,815000.0,161 PASIR RIS ST 13,510161,1.363744014110649,103.9619355357216,2026-10-01
232280,2026-09,PASIR RIS,EXECUTIVE,101,PASIR RIS ST 12,04 TO 06,154.0,Maisonette,1988,61 years 02 months,966000.0,101 PASIR RIS ST 12,510101,1.367050215166123,103.9581818570388,2026-10-01
232279,2026-09,PASIR RIS,EXECUTIVE,108,PASIR RIS ST 12,01 TO 03,146.0,Maisonette,1988,61 years,865000.0,108 PASIR RIS ST 12,510108,1.367478778640873,103.9570176976099,2026-10-01
232271,2026-09,PASIR RIS,EXECUTIVE,123,PASIR RIS ST 11,01 TO 03,147.0,Maisonette,1988,61 years,970000.0,123 PASIR RIS ST 11,510123,1.366231518908442,103.9540450129379,2026-10-01
234032,2026-09,QUEENSTOWN,4 ROOM,53,C'WEALTH DR,07 TO 09,93.0,Model A,2015,87 years 05 months,1080000.0,53 C'WEALTH DR,142053,1.302058782570133,103.7965817391021,2026-10-01
232261,2026-09,PASIR RIS,EXECUTIVE,422,PASIR RIS DR 6,04 TO 06,151.0,Maisonette,1989,62 years 01 month,945000.0,422 PASIR RIS DR 6,510422,1.370425859918411,103.9545168182453,2026-10-01
232248,2026-09,PASIR RIS,EXECUTIVE,650,PASIR RIS DR 10,10 TO 12,146.0,Apartment,1995,68 years,930000.0,650 PASIR RIS DR 10,510650,1.37872763653438,103.9380753246825,2026-10-01
232236,2026-09,PASIR RIS,EXECUTIVE,534,PASIR RIS DR 1,10 TO 12,154.0,Maisonette,1992,65 years 04 months,1245000.0,534 PASIR RIS DR 1,510534,1.370397645732253,103.9508602989749,2026-10-01
232227,2026-09,PASIR RIS,EXECUTIVE,603,ELIAS RD,07 TO 09,149.0,Maisonette,1995,67 years 06 months,1000000.0,603 ELIAS RD,510603,1.376851784542635,103.9437189674121,2026-10-01
232226,2026-09,PASIR RIS,EXECUTIVE,602,ELIAS RD,04 TO 06,149.0,Apartment,1995,67 years 07 months,915000.0,602 ELIAS RD,510602,1.377294743683854,103.944122496253,2026-10-01
232225,2026-09,PASIR RIS,EXECUTIVE,601,ELIAS RD,04 TO 06,149.0,Apartment,1995,67 years 07 months,940000.0,601 ELIAS RD,510601,1.377859364752129,103.9435062213396,2026-10-01
232212,2026-09,PASIR RIS,5 ROOM,724,PASIR RIS ST 72,01 TO 03,124.0,Improved,1996,68 years 10 months,700000.0,724 PASIR RIS ST 72,510724,1.380934399019109,103.9362346699519,2026-10-01
232203,2026-09,PASIR RIS,5 ROOM,775,PASIR RIS ST 71,01 TO 03,128.0,Improved,1996,68 years 11 months,730000.0,775 PASIR RIS ST 71,510775,1.374091376267882,103.9371340127691,2026-10-01
232202,2026-09,PASIR RIS,5 ROOM,756,PASIR RIS ST 71,07 TO 09,127.0,Improved,1996,69 years 02 months,790000.0,756 PASIR RIS ST 71,510756,1.377815920051333,103.9333326014544,2026-10-01
232201,2026-09,PASIR RIS,5 ROOM,751,PASIR RIS ST 71,10 TO 12,126.0,Improved,1996,69 years 03 months,735000.0,751 PASIR RIS ST 71,510751,1.377864942227661,103.9340753863682,2026-10-01
232133,2026-09,PASIR RIS,5 ROOM,228,PASIR RIS ST 21,07 TO 09,124.0,Improved,1993,65 years 11 months,700000.0,228 PASIR RIS ST 21,510228,1.372162905939542,103.9613795030003,2026-10-01
232132,2026-09,PASIR RIS,5 ROOM,257,PASIR RIS ST 21,07 TO 09,135.0,Model A,1993,66 years 04 months,785000.0,257 PASIR RIS ST 21,510257,1.367059706655647,103.9636979468294,2026-10-01
232118,2026-09,PASIR RIS,5 ROOM,106,PASIR RIS ST 12,01 TO 03,128.0,Improved,1989,61 years 06 months,750000.0,106 PASIR RIS ST 12,510106,1.368012550483375,103.9576531331193,2026-10-01
232102,2026-09,PASIR RIS,5 ROOM,117,PASIR RIS ST 11,07 TO 09,122.0,Improved,1990,62 years 06 months,700888.0,117 PASIR RIS ST 11,510117,1.367894877040327,103.9547216510112,2026-10-01
232376,2026-09,PASIR RIS,EXECUTIVE,710,PASIR RIS ST 72,13 TO 15,148.0,Apartment,1996,68 years 09 months,960000.0,710 PASIR RIS ST 72,510710,1.381977573085604,103.9376377378391,2026-10-01
232422,2026-09,PUNGGOL,2 ROOM,405B,NORTHSHORE DR,07 TO 09,47.0,Model A,2021,93 years 10 months,400000.0,405B NORTHSHORE DR,822405,1.416069761273081,103.9018282571802,2026-10-01
232423,2026-09,PUNGGOL,2 ROOM,421A,NORTHSHORE DR,19 TO 21,47.0,2-room,2021,94 years 02 months,475000.0,421A NORTHSHORE DR,821421,1.419053920930851,103.9039392658765,2026-10-01
232424,2026-09,PUNGGOL,2 ROOM,408A,NORTHSHORE DR,10 TO 12,47.0,Model A,2021,93 years 09 months,410000.0,408A NORTHSHORE DR,821408,1.416945376725729,103.9028020980578,2026-10-01
232672,2026-09,PUNGGOL,4 ROOM,138,EDGEDALE PLAINS,10 TO 12,91.0,Premium Apartment,2003,76 years 03 months,560000.0,138 EDGEDALE PLAINS,820138,1.392771158906437,103.9097962136968,2026-10-01
232671,2026-09,PUNGGOL,4 ROOM,122A,EDGEDALE PLAINS,07 TO 09,93.0,Model A,2017,89 years 09 months,588000.0,122A EDGEDALE PLAINS,821122,1.39350981217359,103.9091065626591,2026-10-01
232670,2026-09,PUNGGOL,4 ROOM,682B,EDGEDALE PLAINS,13 TO 15,93.0,Premium Apartment,2018,91 years,688888.0,682B EDGEDALE PLAINS,822682,1.403411730515874,103.9159520201041,2026-10-01
232616,2026-09,PUNGGOL,3 ROOM,222A,SUMANG LANE,10 TO 12,68.0,Model A,2018,91 years 03 months,520000.0,222A SUMANG LANE,821222,1.401125663980852,103.8934764254264,2026-10-01
232604,2026-09,PUNGGOL,3 ROOM,316A,PUNGGOL WAY,16 TO 18,68.0,Premium Apartment,2017,90 years,600000.0,316A PUNGGOL WAY,821316,1.408901659051088,103.8984077644881,2026-10-01
232603,2026-09,PUNGGOL,3 ROOM,314B,PUNGGOL WAY,04 TO 06,68.0,Premium Apartment,2017,90 years 01 month,540000.0,314B PUNGGOL WAY,822314,1.407897787163461,103.8973707524076,2026-10-01
232595,2026-09,PUNGGOL,3 ROOM,212B,PUNGGOL WALK,16 TO 18,67.0,Model A,2015,87 years 08 months,580000.0,212B PUNGGOL WALK,822212,1.400404239226355,103.8994842842283,2026-10-01
232594,2026-09,PUNGGOL,3 ROOM,310B,PUNGGOL WALK,16 TO 18,67.0,Premium Apartment,2016,88 years 10 months,580000.0,310B PUNGGOL WALK,822310,1.409322674956259,103.9008018363726,2026-10-01
232593,2026-09,PUNGGOL,3 ROOM,211A,PUNGGOL WALK,13 TO 15,67.0,Model A,2014,86 years 08 months,570000.0,211A PUNGGOL WALK,821211,1.401759847011012,103.899944347349,2026-10-01
232561,2026-09,PUNGGOL,3 ROOM,658A,PUNGGOL EAST,10 TO 12,68.0,Model A,2018,91 years 03 months,520000.0,658A PUNGGOL EAST,821658,1.400173610749408,103.9197203545453,2026-10-01
232558,2026-09,PUNGGOL,3 ROOM,613B,PUNGGOL DR,07 TO 09,68.0,Model A,2012,85 years 03 months,535000.0,613B PUNGGOL DR,822613,1.4042771025397,103.90827778637,2026-10-01
232557,2026-09,PUNGGOL,3 ROOM,664A,PUNGGOL DR,10 TO 12,65.0,Model A,2016,88 years 10 months,535000.0,664A PUNGGOL DR,821664,1.399432182675073,103.9175107293168,2026-10-01
232556,2026-09,PUNGGOL,3 ROOM,663A,PUNGGOL DR,01 TO 03,65.0,Model A,2016,88 years 10 months,510000.0,663A PUNGGOL DR,821663,1.400243477180585,103.9170800399996,2026-10-01
232528,2026-09,PUNGGOL,3 ROOM,421C,NORTHSHORE DR,22 TO 24,68.0,Model A,2021,94 years 01 month,610000.0,421C NORTHSHORE DR,823421,1.419213261405399,103.9052998556582,2026-10-01
232527,2026-09,PUNGGOL,3 ROOM,421C,NORTHSHORE DR,07 TO 09,68.0,Model A,2021,94 years 01 month,568000.0,421C NORTHSHORE DR,823421,1.419213261405399,103.9052998556582,2026-10-01
232526,2026-09,PUNGGOL,3 ROOM,419A,NORTHSHORE DR,16 TO 18,67.0,Model A,2022,94 years 04 months,640000.0,419A NORTHSHORE DR,821419,1.417711395769372,103.9017077186526,2026-10-01
232525,2026-09,PUNGGOL,3 ROOM,413C,NORTHSHORE DR,04 TO 06,67.0,Model A,2022,94 years 06 months,550000.0,413C NORTHSHORE DR,823413,1.417036493918155,103.9009221253635,2026-10-01
232524,2026-09,PUNGGOL,3 ROOM,406A,NORTHSHORE DR,04 TO 06,67.0,Model A,2021,93 years 09 months,505000.0,406A NORTHSHORE DR,821406,1.415928436355318,103.900923218457,2026-10-01
232523,2026-09,PUNGGOL,3 ROOM,409C,NORTHSHORE DR,04 TO 06,67.0,Model A,2021,93 years 09 months,500000.0,409C NORTHSHORE DR,823409,1.417738043552601,103.9029337420133,2026-10-01
232504,2026-09,PUNGGOL,3 ROOM,673A,EDGEFIELD PLAINS,13 TO 15,65.0,Model A,2015,88 years 05 months,530000.0,673A EDGEFIELD PLAINS,821673,1.40667672566761,103.9116132911288,2026-10-01
232503,2026-09,PUNGGOL,3 ROOM,673B,EDGEFIELD PLAINS,13 TO 15,65.0,Model A,2015,88 years 04 months,510000.0,673B EDGEFIELD PLAINS,822673,1.406977629469119,103.9110414626252,2026-10-01
232480,2026-09,PUNGGOL,2 ROOM,327C,SUMANG WALK,16 TO 18,37.0,Model A,2018,91 years 03 months,388000.0,327C SUMANG WALK,823327,1.412069302907677,103.8999742797256,2026-10-01
232467,2026-09,PUNGGOL,2 ROOM,232C,SUMANG LANE,16 TO 18,38.0,Model A,2018,91 years 03 months,355888.0,232C SUMANG LANE,823232,1.402035761240821,103.8901166217907,2026-10-01
232447,2026-09,PUNGGOL,2 ROOM,659C,PUNGGOL EAST,10 TO 12,47.0,Model A,2018,91 years 03 months,400000.0,659C PUNGGOL EAST,823659,1.401225387984949,103.9191285900871,2026-10-01
232443,2026-09,PUNGGOL,2 ROOM,622A,PUNGGOL CTRL,16 TO 18,46.0,Model A,2014,86 years 07 months,405000.0,622A PUNGGOL CTRL,821622,1.399927801390375,103.9110468855402,2026-10-01
232428,2026-09,PUNGGOL,2 ROOM,408A,NORTHSHORE DR,16 TO 18,47.0,Model A,2021,93 years 08 months,456000.0,408A NORTHSHORE DR,821408,1.416945376725729,103.9028020980578,2026-10-01
232427,2026-09,PUNGGOL,2 ROOM,408A,NORTHSHORE DR,07 TO 09,47.0,Model A,2021,93 years 09 months,436888.0,408A NORTHSHORE DR,821408,1.416945376725729,103.9028020980578,2026-10-01
232426,2026-09,PUNGGOL,2 ROOM,419C,NORTHSHORE DR,16 TO 18,38.0,2-room,2022,94 years 05 months,385000.0,419C NORTHSHORE DR,823419,1.418301218040607,103.9025729746696,2026-10-01
232425,2026-09,PUNGGOL,2 ROOM,408C,NORTHSHORE DR,16 TO 18,47.0,2-room,2021,93 years 09 months,455000.0,408C NORTHSHORE DR,823408,1.417488723655168,103.9036341517727,2026-10-01
232101,2026-09,PASIR RIS,5 ROOM,114,PASIR RIS ST 11,07 TO 09,122.0,Improved,1989,61 years 10 months,680000.0,114 PASIR RIS ST 11,510114,1.368450583929666,103.9549614246032,2026-10-01
232100,2026-09,PASIR RIS,5 ROOM,138,PASIR RIS ST 11,10 TO 12,136.0,Model A,1994,66 years 08 months,760000.0,138 PASIR RIS ST 11,510138,1.363330659122582,103.9597265441745,2026-10-01
232099,2026-09,PASIR RIS,5 ROOM,138,PASIR RIS ST 11,01 TO 03,135.0,Model A,1994,66 years 08 months,670000.0,138 PASIR RIS ST 11,510138,1.363330659122582,103.9597265441745,2026-10-01
231676,2026-09,MARINE PARADE,3 ROOM,33,MARINE CRES,16 TO 18,65.0,Improved,1975,47 years 08 months,468000.0,33 MARINE CRES,440033,1.302648966066279,103.9121847845575,2026-10-01
231674,2026-09,MARINE PARADE,3 ROOM,46,MARINE CRES,07 TO 09,76.0,Improved,1975,47 years 10 months,515000.0,46 MARINE CRES,440046,1.305102401114556,103.9126647993696,2026-10-01
231673,2026-09,MARINE PARADE,3 ROOM,46,MARINE CRES,10 TO 12,76.0,Improved,1975,47 years 10 months,505000.0,46 MARINE CRES,440046,1.305102401114556,103.9126647993696,2026-10-01
231657,2026-09,KALLANG/WHAMPOA,EXECUTIVE,105,JLN RAJAH,04 TO 06,148.0,Maisonette,1984,56 years 11 months,860000.0,105 JLN RAJAH,320105,1.328265514279672,103.854154506034,2026-10-01
231650,2026-09,KALLANG/WHAMPOA,EXECUTIVE,10,JLN BATU,04 TO 06,141.0,Apartment,1986,58 years 05 months,970000.0,10 JLN BATU,431010,1.302044882524626,103.8828871483249,2026-10-01
231645,2026-09,KALLANG/WHAMPOA,5 ROOM,109,WHAMPOA RD,04 TO 06,123.0,Improved,1997,70 years 02 months,895000.0,109 WHAMPOA RD,321109,1.327148175776567,103.8557009144204,2026-10-01
231644,2026-09,KALLANG/WHAMPOA,5 ROOM,112,WHAMPOA RD,13 TO 15,124.0,Improved,1994,67 years 03 months,930000.0,112 WHAMPOA RD,321112,1.325925011699216,103.8568231311535,2026-10-01
231633,2026-09,KALLANG/WHAMPOA,5 ROOM,3A,UPP BOON KENG RD,16 TO 18,110.0,Improved,2006,79 years 01 month,1160000.0,3A UPP BOON KENG RD,381003,1.313828128617895,103.8723807704563,2026-10-01
231632,2026-09,KALLANG/WHAMPOA,5 ROOM,8A,UPP BOON KENG RD,28 TO 30,116.0,Premium Apartment,2017,89 years 10 months,1588888.0,8A UPP BOON KENG RD,381008,1.312917570729493,103.8697430943281,2026-10-01
231618,2026-09,KALLANG/WHAMPOA,5 ROOM,4C,ST. GEORGE'S LANE,13 TO 15,124.0,Improved,1996,69 years 03 months,1160000.0,4C ST. GEORGE'S LANE,322004,1.322119719641063,103.8608200921953,2026-10-01
231602,2026-09,KALLANG/WHAMPOA,5 ROOM,54,KENT RD,19 TO 21,127.0,Improved,1982,54 years 09 months,920888.0,54 KENT RD,210054,1.317077253960143,103.8525989434707,2026-10-01
231593,2026-09,KALLANG/WHAMPOA,5 ROOM,11,JLN BATU,04 TO 06,132.0,Improved,1986,58 years 05 months,960000.0,11 JLN BATU,431011,1.301696390511007,103.8825786863607,2026-10-01
231592,2026-09,KALLANG/WHAMPOA,5 ROOM,10,JLN BATU,07 TO 09,129.0,Improved,1986,58 years 05 months,910000.0,10 JLN BATU,431010,1.302044882524626,103.8828871483249,2026-10-01
231589,2026-09,KALLANG/WHAMPOA,5 ROOM,29,JLN BAHAGIA,01 TO 03,122.0,Improved,1987,60 years 03 months,720000.0,29 JLN BAHAGIA,320029,1.325258073736938,103.8589405658375,2026-10-01
231587,2026-09,KALLANG/WHAMPOA,5 ROOM,816,JELLICOE RD,10 TO 12,110.0,Improved,2003,75 years 06 months,1260000.0,816 JELLICOE RD,200816,1.306952737295995,103.8612443682956,2026-10-01
231558,2026-09,KALLANG/WHAMPOA,5 ROOM,103,AH HOOD RD,13 TO 15,118.0,Improved,1981,54 years,750000.0,103 AH HOOD RD,320103,1.327962674837856,103.844826964123,2026-10-01
231552,2026-09,KALLANG/WHAMPOA,4 ROOM,96,WHAMPOA DR,13 TO 15,91.0,Improved,1974,46 years 05 months,538888.0,96 WHAMPOA DR,320096,1.321556727417004,103.8556661492912,2026-10-01
231551,2026-09,KALLANG/WHAMPOA,4 ROOM,83,WHAMPOA DR,04 TO 06,91.0,Improved,1974,46 years 05 months,420000.0,83 WHAMPOA DR,320083,1.32357483276514,103.8570348584432,2026-10-01
231550,2026-09,KALLANG/WHAMPOA,4 ROOM,101,WHAMPOA DR,13 TO 15,91.0,Improved,1974,46 years 07 months,495000.0,101 WHAMPOA DR,323101,1.320417101876028,103.8538139464019,2026-10-01
231541,2026-09,KALLANG/WHAMPOA,4 ROOM,2A,UPP BOON KENG RD,04 TO 06,85.0,Model A,2006,79 years 03 months,855000.0,2A UPP BOON KENG RD,381002,1.313738440653741,103.8719032934873,2026-10-01
231514,2026-09,KALLANG/WHAMPOA,4 ROOM,107,TOWNER RD,01 TO 03,105.0,Model A,1983,55 years 08 months,738000.0,107 TOWNER RD,321107,1.319795086259866,103.8604358142447,2026-10-01
231513,2026-09,KALLANG/WHAMPOA,4 ROOM,107,TOWNER RD,19 TO 21,105.0,Model A,1983,55 years 09 months,830000.0,107 TOWNER RD,321107,1.319795086259866,103.8604358142447,2026-10-01
231509,2026-09,KALLANG/WHAMPOA,4 ROOM,18,ST. GEORGE'S RD,10 TO 12,91.0,New Generation,1984,57 years 03 months,647000.0,18 ST. GEORGE'S RD,320018,1.32406159729829,103.8628337738772,2026-10-01
231508,2026-09,KALLANG/WHAMPOA,4 ROOM,1,ST. GEORGE'S RD,04 TO 06,82.0,Improved,1976,48 years 09 months,480000.0,1 ST. GEORGE'S RD,320001,1.323402636940696,103.8616308008301,2026-10-01
231497,2026-09,KALLANG/WHAMPOA,4 ROOM,26B,ST. GEORGE'S LANE,19 TO 21,92.0,Model A,2020,92 years 08 months,1215000.0,26B ST. GEORGE'S LANE,322026,1.321668621249042,103.8627179098152,2026-10-01
231496,2026-09,KALLANG/WHAMPOA,4 ROOM,26B,ST. GEORGE'S LANE,13 TO 15,92.0,Model A,2020,92 years 09 months,1120000.0,26B ST. GEORGE'S LANE,322026,1.321668621249042,103.8627179098152,2026-10-01
231495,2026-09,KALLANG/WHAMPOA,4 ROOM,26A,ST. GEORGE'S LANE,01 TO 03,92.0,Model A,2020,92 years 09 months,977777.0,26A ST. GEORGE'S LANE,321026,1.322388247839668,103.8624388143704,2026-10-01
231494,2026-09,KALLANG/WHAMPOA,4 ROOM,26B,ST. GEORGE'S LANE,22 TO 24,92.0,Model A,2020,92 years 09 months,1200000.0,26B ST. GEORGE'S LANE,322026,1.321668621249042,103.8627179098152,2026-10-01
231465,2026-09,KALLANG/WHAMPOA,4 ROOM,113C,MCNAIR RD,10 TO 12,93.0,Premium Apartment,2017,90 years 03 months,1095000.0,113C MCNAIR RD,324113,1.320882353446969,103.8603317101429,2026-10-01
231464,2026-09,KALLANG/WHAMPOA,4 ROOM,113A,MCNAIR RD,31 TO 33,93.0,Premium Apartment,2017,90 years 04 months,1125000.0,113A MCNAIR RD,322113,1.321425756110266,103.8601946893833,2026-10-01
231675,2026-09,MARINE PARADE,3 ROOM,31,MARINE CRES,16 TO 18,65.0,Improved,1975,47 years 09 months,506000.0,31 MARINE CRES,440031,1.303705566385137,103.9114447875902,2026-10-01
231677,2026-09,MARINE PARADE,3 ROOM,35,MARINE CRES,01 TO 03,59.0,Improved,1975,47 years 08 months,350000.0,35 MARINE CRES,440035,1.303370404294007,103.9125219225367,2026-10-01
232098,2026-09,PASIR RIS,5 ROOM,113,PASIR RIS ST 11,10 TO 12,131.0,Improved,1990,62 years 08 months,718888.0,113 PASIR RIS ST 11,510113,1.368055258863077,103.9557671513175,2026-10-01
231693,2026-09,MARINE PARADE,3 ROOM,67,MARINE DR,13 TO 15,76.0,Improved,1976,48 years 07 months,540000.0,67 MARINE DR,440067,1.304457436743525,103.9096029243955,2026-10-01
232080,2026-09,PASIR RIS,5 ROOM,429,PASIR RIS DR 6,04 TO 06,123.0,Improved,1990,62 years 06 months,718000.0,429 PASIR RIS DR 6,510429,1.370073684959539,103.9567308771727,2026-10-01
232055,2026-09,PASIR RIS,5 ROOM,706,PASIR RIS DR 10,07 TO 09,126.0,Improved,1996,68 years 05 months,703000.0,706 PASIR RIS DR 10,510706,1.380804458815312,103.9382386989311,2026-10-01
232038,2026-09,PASIR RIS,5 ROOM,611,ELIAS RD,04 TO 06,128.0,Improved,1995,67 years 11 months,803888.0,611 ELIAS RD,510611,1.375057687787412,103.9425338785565,2026-10-01
232037,2026-09,PASIR RIS,5 ROOM,614,ELIAS RD,16 TO 18,134.0,Model A,1996,68 years 11 months,865000.0,614 ELIAS RD,510614,1.375690256473436,103.9415941462067,2026-10-01
232030,2026-09,PASIR RIS,4 ROOM,718,PASIR RIS ST 72,04 TO 06,111.0,Model A,1996,68 years 10 months,658000.0,718 PASIR RIS ST 72,510718,1.382443153834579,103.9363713782265,2026-10-01
232026,2026-09,PASIR RIS,4 ROOM,754,PASIR RIS ST 71,04 TO 06,106.0,Model A,1996,69 years 02 months,633000.0,754 PASIR RIS ST 71,510754,1.377189780545859,103.9340798402352,2026-10-01
232025,2026-09,PASIR RIS,4 ROOM,745,PASIR RIS ST 71,01 TO 03,103.0,Model A,1996,69 years 01 month,590000.0,745 PASIR RIS ST 71,510745,1.378368761468177,103.9355882055008,2026-10-01
232024,2026-09,PASIR RIS,4 ROOM,743,PASIR RIS ST 71,10 TO 12,103.0,Model A,1996,69 years 01 month,623000.0,743 PASIR RIS ST 71,510743,1.377295645895959,103.9355643571832,2026-10-01
231970,2026-09,PASIR RIS,4 ROOM,566,PASIR RIS ST 51,10 TO 12,104.0,Model A,1992,65 years 03 months,710000.0,566 PASIR RIS ST 51,510566,1.369117522927254,103.9497160606718,2026-10-01
231911,2026-09,PASIR RIS,4 ROOM,102,PASIR RIS ST 12,07 TO 09,103.0,Model A,1988,61 years 03 months,615000.0,102 PASIR RIS ST 12,510102,1.367484273365174,103.9580410551246,2026-10-01
231905,2026-09,PASIR RIS,4 ROOM,181,PASIR RIS ST 11,04 TO 06,104.0,Model A,1993,65 years 11 months,618000.0,181 PASIR RIS ST 11,510181,1.364397543196807,103.960572120493,2026-10-01
231890,2026-09,PASIR RIS,4 ROOM,425,PASIR RIS DR 6,01 TO 03,104.0,Model A,1989,62 years 02 months,600000.0,425 PASIR RIS DR 6,510425,1.369569939323303,103.9548642750832,2026-10-01
231889,2026-09,PASIR RIS,4 ROOM,476,PASIR RIS DR 6,07 TO 09,105.0,Model A,1989,62 years 02 months,610000.0,476 PASIR RIS DR 6,510476,1.375197837859368,103.9583430601195,2026-10-01
231888,2026-09,PASIR RIS,4 ROOM,414,PASIR RIS DR 6,04 TO 06,113.0,Model A,1990,62 years 07 months,675000.0,414 PASIR RIS DR 6,510414,1.372445580965682,103.9561499238281,2026-10-01
231887,2026-09,PASIR RIS,4 ROOM,429,PASIR RIS DR 6,04 TO 06,102.0,Model A,1990,62 years 06 months,605000.0,429 PASIR RIS DR 6,510429,1.370073684959539,103.9567308771727,2026-10-01
231886,2026-09,PASIR RIS,4 ROOM,428,PASIR RIS DR 6,04 TO 06,95.0,New Generation,1990,62 years 05 months,585000.0,428 PASIR RIS DR 6,510428,1.369384051765055,103.95649211363,2026-10-01
231885,2026-09,PASIR RIS,4 ROOM,476,PASIR RIS DR 6,07 TO 09,103.0,Model A,1989,62 years 03 months,586000.0,476 PASIR RIS DR 6,510476,1.375197837859368,103.9583430601195,2026-10-01
231884,2026-09,PASIR RIS,4 ROOM,469,PASIR RIS DR 6,01 TO 03,105.0,Model A,1989,62 years,620000.0,469 PASIR RIS DR 6,510469,1.373499771442594,103.9575887534008,2026-10-01
231840,2026-09,PASIR RIS,4 ROOM,483,PASIR RIS DR 4,04 TO 06,103.0,Model A,1989,61 years 11 months,615000.0,483 PASIR RIS DR 4,510483,1.374041675383106,103.9599991730896,2026-10-01
231839,2026-09,PASIR RIS,4 ROOM,487,PASIR RIS DR 4,01 TO 03,104.0,Model A,1992,65 years 03 months,600000.0,487 PASIR RIS DR 4,510487,1.374941286653427,103.9605900389198,2026-10-01
231806,2026-09,PASIR RIS,4 ROOM,634,PASIR RIS DR 1,07 TO 09,104.0,Model A,1995,67 years 10 months,650000.0,634 PASIR RIS DR 1,510634,1.377579268602453,103.9406595852001,2026-10-01
231805,2026-09,PASIR RIS,4 ROOM,640,PASIR RIS DR 1,07 TO 09,104.0,Model A,1995,67 years 07 months,638000.0,640 PASIR RIS DR 1,510640,1.375784655284934,103.9404302206696,2026-10-01
231804,2026-09,PASIR RIS,4 ROOM,637,PASIR RIS DR 1,07 TO 09,104.0,Model A,1995,67 years 08 months,615000.0,637 PASIR RIS DR 1,510637,1.376783173686913,103.940314265436,2026-10-01
231803,2026-09,PASIR RIS,4 ROOM,637,PASIR RIS DR 1,10 TO 12,104.0,Model A,1995,67 years 08 months,568000.0,637 PASIR RIS DR 1,510637,1.376783173686913,103.940314265436,2026-10-01
231754,2026-09,MARINE PARADE,5 ROOM,73,MARINE DR,22 TO 24,120.0,Standard,1977,49 years 05 months,1050000.0,73 MARINE DR,440073,1.303805416045644,103.9083623690142,2026-10-01
231753,2026-09,MARINE PARADE,5 ROOM,78,MARINE DR,16 TO 18,120.0,Standard,1977,49 years 05 months,1060000.0,78 MARINE DR,440078,1.301552312751648,103.9084080958248,2026-10-01
231714,2026-09,MARINE PARADE,4 ROOM,45,MARINE CRES,10 TO 12,88.0,Improved,1975,47 years 08 months,660000.0,45 MARINE CRES,440045,1.304550235751311,103.9124555278739,2026-10-01
231713,2026-09,MARINE PARADE,4 ROOM,35,MARINE CRES,01 TO 03,82.0,Improved,1975,47 years 09 months,610000.0,35 MARINE CRES,440035,1.303370404294007,103.9125219225367,2026-10-01
231694,2026-09,MARINE PARADE,3 ROOM,64,MARINE DR,10 TO 12,68.0,Improved,1976,48 years 06 months,460000.0,64 MARINE DR,440064,1.302112801814621,103.9094814346616,2026-10-01
232673,2026-09,PUNGGOL,4 ROOM,126A,EDGEDALE PLAINS,16 TO 18,91.0,Model A,2003,75 years 06 months,606000.0,126A EDGEDALE PLAINS,821126,1.394100549691546,103.9113561653929,2026-10-01
232674,2026-09,PUNGGOL,4 ROOM,661A,EDGEDALE PLAINS,13 TO 15,92.0,Premium Apartment,2017,89 years 09 months,670000.0,661A EDGEDALE PLAINS,821661,1.403030566392578,103.9170807213248,2026-10-01
232675,2026-09,PUNGGOL,4 ROOM,120B,EDGEDALE PLAINS,07 TO 09,93.0,Model A,2017,89 years 09 months,652500.0,120B EDGEDALE PLAINS,822120,1.394837781052797,103.9075846812335,2026-10-01
233674,2026-09,PUNGGOL,5 ROOM,233C,SUMANG LANE,07 TO 09,113.0,Improved,2018,91 years 02 months,745000.0,233C SUMANG LANE,823233,1.401732893859423,103.8910412210889,2026-10-01
233672,2026-09,PUNGGOL,5 ROOM,231B,SUMANG LANE,04 TO 06,113.0,Improved,2018,91 years 03 months,733800.0,231B SUMANG LANE,822231,1.402127354742427,103.8914647556422,2026-10-01
233671,2026-09,PUNGGOL,5 ROOM,226C,SUMANG LANE,13 TO 15,114.0,Premium Apartment,2018,90 years 07 months,772888.0,226C SUMANG LANE,823226,1.402581096064526,103.8940174862302,2026-10-01
233646,2026-09,PUNGGOL,5 ROOM,308C,PUNGGOL WALK,04 TO 06,112.0,Premium Apartment,2016,88 years 07 months,848888.0,308C PUNGGOL WALK,823308,1.408006949440278,103.899074357998,2026-10-01
233615,2026-09,PUNGGOL,5 ROOM,289D,PUNGGOL PL,07 TO 09,112.0,Premium Apartment,2013,85 years 06 months,988000.0,289D PUNGGOL PL,824289,1.402039056590139,103.9035327178289,2026-10-01
233614,2026-09,PUNGGOL,5 ROOM,288A,PUNGGOL PL,07 TO 09,112.0,Premium Apartment,2013,85 years 07 months,955000.0,288A PUNGGOL PL,821288,1.402377994477673,103.9030395233088,2026-10-01
233594,2026-09,PUNGGOL,5 ROOM,201D,PUNGGOL FIELD,04 TO 06,110.0,Improved,2004,76 years 10 months,640000.0,201D PUNGGOL FIELD,824201,1.399684320722095,103.9033780570724,2026-10-01
233593,2026-09,PUNGGOL,5 ROOM,258A,PUNGGOL FIELD,13 TO 15,113.0,Improved,2016,88 years 09 months,845000.0,258A PUNGGOL FIELD,821258,1.40379930905886,103.8959881217681,2026-10-01
233592,2026-09,PUNGGOL,5 ROOM,228A,PUNGGOL FIELD,10 TO 12,113.0,Improved,2021,94 years 01 month,830000.0,228A PUNGGOL FIELD,821228,1.403626173726369,103.89242496905,2026-10-01
233591,2026-09,PUNGGOL,5 ROOM,270C,PUNGGOL FIELD,04 TO 06,113.0,Premium Apartment,2013,85 years 05 months,939000.0,270C PUNGGOL FIELD,823270,1.404315452218907,103.898851831195,2026-10-01
233590,2026-09,PUNGGOL,5 ROOM,228B,PUNGGOL FIELD,10 TO 12,116.0,Improved,2021,94 years 02 months,888888.0,228B PUNGGOL FIELD,822228,1.403762443386553,103.891553728412,2026-10-01
233589,2026-09,PUNGGOL,5 ROOM,173D,PUNGGOL FIELD,04 TO 06,110.0,Improved,2003,76 years 02 months,635000.0,173D PUNGGOL FIELD,824173,1.396007992049205,103.9107646867212,2026-10-01
233588,2026-09,PUNGGOL,5 ROOM,102D,PUNGGOL FIELD,16 TO 18,110.0,Improved,2002,75 years 03 months,678000.0,102D PUNGGOL FIELD,824102,1.398480707954366,103.9052497524584,2026-10-01
233587,2026-09,PUNGGOL,5 ROOM,110A,PUNGGOL FIELD,10 TO 12,110.0,Improved,2003,75 years 10 months,650000.0,110A PUNGGOL FIELD,821110,1.396124003062578,103.9092836811889,2026-10-01
233586,2026-09,PUNGGOL,5 ROOM,228B,PUNGGOL FIELD,16 TO 18,116.0,Improved,2021,94 years 02 months,885000.0,228B PUNGGOL FIELD,822228,1.403762443386553,103.891553728412,2026-10-01
233538,2026-09,PUNGGOL,5 ROOM,658A,PUNGGOL EAST,01 TO 03,113.0,Improved,2018,91 years 03 months,708000.0,658A PUNGGOL EAST,821658,1.400173610749408,103.9197203545453,2026-10-01
233531,2026-09,PUNGGOL,5 ROOM,617C,PUNGGOL DR,10 TO 12,113.0,Premium Apartment,2013,86 years 01 month,910000.0,617C PUNGGOL DR,823617,1.401945620154737,103.9124567479469,2026-10-01
233530,2026-09,PUNGGOL,5 ROOM,678C,PUNGGOL DR,04 TO 06,113.0,Premium Apartment,2016,89 years 01 month,930000.0,678C PUNGGOL DR,823678,1.406211790546903,103.9093727867901,2026-10-01
233529,2026-09,PUNGGOL,5 ROOM,678C,PUNGGOL DR,10 TO 12,113.0,Premium Apartment,2016,89 years 01 month,938000.0,678C PUNGGOL DR,823678,1.406211790546903,103.9093727867901,2026-10-01
233528,2026-09,PUNGGOL,5 ROOM,663B,PUNGGOL DR,04 TO 06,110.0,Improved,2016,88 years 10 months,758888.0,663B PUNGGOL DR,822663,1.400771226443901,103.9173486848362,2026-10-01
233493,2026-09,PUNGGOL,5 ROOM,160A,PUNGGOL CTRL,19 TO 21,113.0,Premium Apartment,2004,76 years 08 months,775000.0,160A PUNGGOL CTRL,821160,1.395312099035722,103.9157082371579,2026-10-01
233492,2026-09,PUNGGOL,5 ROOM,652,PUNGGOL CTRL,10 TO 12,110.0,Premium Apartment,2005,77 years 04 months,699000.0,652 PUNGGOL CTRL,820652,1.396953111410705,103.9157376052235,2026-10-01
233491,2026-09,PUNGGOL,5 ROOM,649,PUNGGOL CTRL,10 TO 12,110.0,Premium Apartment,2005,77 years 05 months,705000.0,649 PUNGGOL CTRL,820649,1.397238236776206,103.9149154397659,2026-10-01
233490,2026-09,PUNGGOL,5 ROOM,297,PUNGGOL CTRL,10 TO 12,110.0,Premium Apartment,2003,76 years 02 months,680000.0,297 PUNGGOL CTRL,820297,1.402191213169723,103.905451936385,2026-10-01
233489,2026-09,PUNGGOL,5 ROOM,161B,PUNGGOL CTRL,04 TO 06,114.0,Premium Apartment,2004,76 years 09 months,693000.0,161B PUNGGOL CTRL,822161,1.395722730255536,103.9153059786711,2026-10-01
233459,2026-09,PUNGGOL,5 ROOM,422A,NORTHSHORE DR,19 TO 21,113.0,Improved,2021,94 years 01 month,985000.0,422A NORTHSHORE DR,821422,1.419657102132827,103.9040066588465,2026-10-01
233458,2026-09,PUNGGOL,5 ROOM,420C,NORTHSHORE DR,19 TO 21,112.0,Improved,2022,94 years 04 months,888888.0,420C NORTHSHORE DR,823420,1.418926970469476,103.9023582464964,2026-10-01
233457,2026-09,PUNGGOL,5 ROOM,422B,NORTHSHORE DR,10 TO 12,116.0,Improved,2021,94 years 01 month,1105888.0,422B NORTHSHORE DR,822422,1.419803495457704,103.9051953224618,2026-10-01
233456,2026-09,PUNGGOL,5 ROOM,409D,NORTHSHORE DR,07 TO 09,112.0,Improved,2021,93 years 09 months,828000.0,409D NORTHSHORE DR,824409,1.417972744519912,103.9031967199102,2026-10-01
233455,2026-09,PUNGGOL,5 ROOM,420C,NORTHSHORE DR,04 TO 06,115.0,Improved,2022,94 years 05 months,950000.0,420C NORTHSHORE DR,823420,1.418926970469476,103.9023582464964,2026-10-01
233673,2026-09,PUNGGOL,5 ROOM,229A,SUMANG LANE,04 TO 06,113.0,Improved,2021,94 years 01 month,820000.0,229A SUMANG LANE,821229,1.402821747237749,103.8921541816032,2026-10-01
233691,2026-09,PUNGGOL,5 ROOM,323D,SUMANG WALK,16 TO 18,113.0,Premium Apartment,2020,92 years 05 months,868000.0,323D SUMANG WALK,824323,1.412188117456953,103.8974557030321,2026-10-01
233453,2026-09,PUNGGOL,5 ROOM,420A,NORTHSHORE DR,10 TO 12,115.0,Improved,2022,94 years 05 months,1020000.0,420A NORTHSHORE DR,821420,1.418439113886777,103.9015997841853,2026-10-01
233692,2026-09,PUNGGOL,5 ROOM,217D,SUMANG WALK,04 TO 06,112.0,Improved,2017,89 years 10 months,735000.0,217D SUMANG WALK,824217,1.402049857625566,103.8961661648398,2026-10-01
234031,2026-09,QUEENSTOWN,4 ROOM,53,C'WEALTH DR,16 TO 18,88.0,Model A,2015,87 years 06 months,1020000.0,53 C'WEALTH DR,142053,1.302058782570133,103.7965817391021,2026-10-01
234030,2026-09,QUEENSTOWN,4 ROOM,53,C'WEALTH DR,28 TO 30,88.0,Model A,2015,87 years 06 months,1080000.0,53 C'WEALTH DR,142053,1.302058782570133,103.7965817391021,2026-10-01
234029,2026-09,QUEENSTOWN,4 ROOM,52,C'WEALTH DR,10 TO 12,95.0,Model A,2015,87 years 06 months,1005000.0,52 C'WEALTH DR,142052,1.301903340349605,103.7972432385826,2026-10-01
234018,2026-09,QUEENSTOWN,3 ROOM,90,TANGLIN HALT RD,25 TO 27,60.0,Model A,2008,81 years,760000.0,90 TANGLIN HALT RD,141090,1.300517009205199,103.7989762767592,2026-10-01
234009,2026-09,QUEENSTOWN,3 ROOM,168,STIRLING RD,04 TO 06,60.0,Improved,1971,43 years 04 months,328000.0,168 STIRLING RD,141168,1.290020507358117,103.8031880443692,2026-10-01
233982,2026-09,QUEENSTOWN,3 ROOM,23A,QUEEN'S CL,19 TO 21,76.0,Improved,1973,45 years 09 months,430000.0,23A QUEEN'S CL,140023,1.294299939676013,103.7997259447923,2026-10-01
233978,2026-09,QUEENSTOWN,3 ROOM,152,MEI LING ST,04 TO 06,67.0,Improved,1970,42 years 05 months,360000.0,152 MEI LING ST,140152,1.293831576043154,103.8026251369229,2026-10-01
233964,2026-09,QUEENSTOWN,3 ROOM,40B,MARGARET DR,22 TO 24,63.0,Premium Apartment,2022,94 years 04 months,840000.0,40B MARGARET DR,142040,1.296813236323607,103.8062380027009,2026-10-01
233963,2026-09,QUEENSTOWN,3 ROOM,39A,MARGARET DR,25 TO 27,63.0,Premium Apartment,2022,94 years 05 months,850000.0,39A MARGARET DR,141039,1.297306016721973,103.8063667632839,2026-10-01
233953,2026-09,QUEENSTOWN,3 ROOM,18B,HOLLAND DR,25 TO 27,67.0,Model A,2012,85 years 01 month,900000.0,18B HOLLAND DR,273018,1.311017689836551,103.7914519169907,2026-10-01
233952,2026-09,QUEENSTOWN,3 ROOM,11,HOLLAND DR,10 TO 12,65.0,Improved,1975,47 years 05 months,450000.0,11 HOLLAND DR,271011,1.309053945461849,103.7940631208877,2026-10-01
233935,2026-09,QUEENSTOWN,3 ROOM,4,HOLLAND CL,07 TO 09,65.0,Improved,1974,46 years 08 months,380000.0,4 HOLLAND CL,271004,1.307968263605528,103.7956464623117,2026-10-01
233927,2026-09,QUEENSTOWN,3 ROOM,12,HOLLAND AVE,07 TO 09,73.0,Improved,1975,47 years 04 months,505000.0,12 HOLLAND AVE,272012,1.309352846514063,103.7948732972666,2026-10-01
233905,2026-09,QUEENSTOWN,3 ROOM,2,GHIM MOH RD,13 TO 15,65.0,Improved,1976,48 years 10 months,410000.0,2 GHIM MOH RD,270002,1.312378729863553,103.7869714515989,2026-10-01
233904,2026-09,QUEENSTOWN,3 ROOM,2,GHIM MOH RD,07 TO 09,65.0,Improved,1976,48 years 10 months,380000.0,2 GHIM MOH RD,270002,1.312378729863553,103.7869714515989,2026-10-01
233903,2026-09,QUEENSTOWN,3 ROOM,5,GHIM MOH RD,10 TO 12,65.0,Improved,1976,48 years 11 months,375000.0,5 GHIM MOH RD,270005,1.312693106276268,103.7883088282241,2026-10-01
233902,2026-09,QUEENSTOWN,3 ROOM,19,GHIM MOH RD,07 TO 09,65.0,Improved,1977,49 years 09 months,388000.0,19 GHIM MOH RD,270019,1.311438523159521,103.7882988923767,2026-10-01
233901,2026-09,QUEENSTOWN,3 ROOM,2,GHIM MOH RD,07 TO 09,65.0,Improved,1976,48 years 11 months,398000.0,2 GHIM MOH RD,270002,1.312378729863553,103.7869714515989,2026-10-01
233900,2026-09,QUEENSTOWN,3 ROOM,6,GHIM MOH RD,01 TO 03,65.0,Improved,1976,48 years 11 months,361000.0,6 GHIM MOH RD,270006,1.312284090032735,103.7884038891797,2026-10-01
233856,2026-09,QUEENSTOWN,3 ROOM,89,DAWSON RD,07 TO 09,65.0,Premium Apartment,2016,88 years 08 months,798000.0,89 DAWSON RD,142089,1.295463169374922,103.8117852368839,2026-10-01
233855,2026-09,QUEENSTOWN,3 ROOM,96,DAWSON RD,19 TO 21,63.0,Premium Apartment,2021,94 years 02 months,848000.0,96 DAWSON RD,141096,1.296278147282728,103.8125449571695,2026-10-01
233854,2026-09,QUEENSTOWN,3 ROOM,96,DAWSON RD,34 TO 36,63.0,Premium Apartment,2021,94 years 02 months,920000.0,96 DAWSON RD,141096,1.296278147282728,103.8125449571695,2026-10-01
233781,2026-09,QUEENSTOWN,3 ROOM,89,C'WEALTH DR,01 TO 03,60.0,Standard,1967,39 years 05 months,340000.0,89 C'WEALTH DR,140089,1.305377973553793,103.7993238661684,2026-10-01
233764,2026-09,QUEENSTOWN,3 ROOM,98,C'WEALTH CRES,01 TO 03,68.0,Standard,1970,42 years 09 months,330000.0,98 C'WEALTH CRES,140098,1.306822190784831,103.8014471134364,2026-10-01
233763,2026-09,QUEENSTOWN,3 ROOM,98,C'WEALTH CRES,04 TO 06,59.0,Standard,1970,42 years 10 months,305000.0,98 C'WEALTH CRES,140098,1.306822190784831,103.8014471134364,2026-10-01
233724,2026-09,QUEENSTOWN,2 ROOM,95,DAWSON RD,28 TO 30,47.0,Premium Apartment,2021,94 years 02 months,650000.0,95 DAWSON RD,141095,1.296297098425077,103.8118996205856,2026-10-01
233720,2026-09,QUEENSTOWN,2 ROOM,52,C'WEALTH DR,10 TO 12,47.0,Model A,2015,87 years 06 months,530000.0,52 C'WEALTH DR,142052,1.301903340349605,103.7972432385826,2026-10-01
233715,2026-09,QUEENSTOWN,2 ROOM,81,C'WEALTH CL,13 TO 15,46.0,Standard,1967,39 years 05 months,297000.0,81 C'WEALTH CL,140081,1.303787443936998,103.8003852659738,2026-10-01
233706,2026-09,PUNGGOL,EXECUTIVE,114,EDGEFIELD PLAINS,04 TO 06,130.0,Premium Apartment,2003,75 years 11 months,810000.0,114 EDGEFIELD PLAINS,820114,1.395799717831218,103.9075555987288,2026-10-01
233454,2026-09,PUNGGOL,5 ROOM,420A,NORTHSHORE DR,22 TO 24,115.0,Improved,2022,94 years 05 months,1088000.0,420A NORTHSHORE DR,821420,1.418439113886777,103.9015997841853,2026-10-01
233452,2026-09,PUNGGOL,5 ROOM,409A,NORTHSHORE DR,10 TO 12,112.0,Improved,2021,93 years 09 months,927000.0,409A NORTHSHORE DR,821409,1.417214443220158,103.902200329239,2026-10-01
232676,2026-09,PUNGGOL,4 ROOM,683B,EDGEDALE PLAINS,13 TO 15,93.0,Premium Apartment,2018,91 years,638888.0,683B EDGEDALE PLAINS,822683,1.404701058499244,103.9149881345495,2026-10-01
233043,2026-09,PUNGGOL,4 ROOM,228B,PUNGGOL FIELD,10 TO 12,96.0,Model A,2021,94 years 01 month,695000.0,228B PUNGGOL FIELD,822228,1.403762443386553,103.891553728412,2026-10-01
232969,2026-09,PUNGGOL,4 ROOM,679A,PUNGGOL DR,13 TO 15,93.0,Premium Apartment,2016,89 years,760000.0,679A PUNGGOL DR,821679,1.405911562627434,103.9082881509672,2026-10-01
232968,2026-09,PUNGGOL,4 ROOM,613A,PUNGGOL DR,10 TO 12,93.0,Model A,2012,85 years 03 months,680000.0,613A PUNGGOL DR,821613,1.404420519762456,103.9078610332524,2026-10-01
232967,2026-09,PUNGGOL,4 ROOM,679A,PUNGGOL DR,04 TO 06,93.0,Premium Apartment,2016,89 years 01 month,730000.0,679A PUNGGOL DR,821679,1.405911562627434,103.9082881509672,2026-10-01
232966,2026-09,PUNGGOL,4 ROOM,678A,PUNGGOL DR,01 TO 03,93.0,Premium Apartment,2016,89 years 01 month,610000.0,678A PUNGGOL DR,821678,1.405662132363035,103.9087189858257,2026-10-01
232965,2026-09,PUNGGOL,4 ROOM,667A,PUNGGOL DR,07 TO 09,93.0,Premium Apartment,2016,88 years 06 months,760000.0,667A PUNGGOL DR,821667,1.402600309988652,103.9139713961771,2026-10-01
232964,2026-09,PUNGGOL,4 ROOM,613B,PUNGGOL DR,07 TO 09,93.0,Model A,2012,85 years 04 months,620000.0,613B PUNGGOL DR,822613,1.4042771025397,103.90827778637,2026-10-01
232963,2026-09,PUNGGOL,4 ROOM,677A,PUNGGOL DR,04 TO 06,93.0,Premium Apartment,2016,89 years 01 month,690000.0,677A PUNGGOL DR,821677,1.405289641608369,103.9092041237276,2026-10-01
232962,2026-09,PUNGGOL,4 ROOM,642D,PUNGGOL DR,04 TO 06,92.0,Premium Apartment,2005,77 years 05 months,558888.0,642D PUNGGOL DR,824642,1.39879750995964,103.9158456918557,2026-10-01
232871,2026-09,PUNGGOL,4 ROOM,303C,PUNGGOL CTRL,04 TO 06,93.0,Premium Apartment,2010,82 years 10 months,685000.0,303C PUNGGOL CTRL,823303,1.404052062082614,103.9053002043835,2026-10-01
232870,2026-09,PUNGGOL,4 ROOM,601A,PUNGGOL CTRL,10 TO 12,93.0,Model A,2012,84 years 10 months,688000.0,601A PUNGGOL CTRL,821601,1.402468465951188,103.9075822025977,2026-10-01
232869,2026-09,PUNGGOL,4 ROOM,303A,PUNGGOL CTRL,07 TO 09,94.0,Premium Apartment,2010,82 years 10 months,730000.0,303A PUNGGOL CTRL,821303,1.403777893641893,103.9057622063644,2026-10-01
232868,2026-09,PUNGGOL,4 ROOM,301C,PUNGGOL CTRL,13 TO 15,93.0,Premium Apartment,2010,82 years 11 months,716000.0,301C PUNGGOL CTRL,823301,1.404401623117491,103.9056637759253,2026-10-01
232867,2026-09,PUNGGOL,4 ROOM,298,PUNGGOL CTRL,07 TO 09,91.0,Premium Apartment,2003,76 years 02 months,620000.0,298 PUNGGOL CTRL,820298,1.402617227749967,103.9056027401445,2026-10-01
232866,2026-09,PUNGGOL,4 ROOM,295,PUNGGOL CTRL,01 TO 03,90.0,Premium Apartment,2003,76 years 03 months,561000.0,295 PUNGGOL CTRL,820295,1.401886207864572,103.9049172688778,2026-10-01
232865,2026-09,PUNGGOL,4 ROOM,162B,PUNGGOL CTRL,13 TO 15,95.0,Premium Apartment,2004,76 years 09 months,628000.0,162B PUNGGOL CTRL,822162,1.396272161460956,103.9145378398648,2026-10-01
232829,2026-09,PUNGGOL,4 ROOM,419C,NORTHSHORE DR,07 TO 09,94.0,Model A,2022,94 years 04 months,728000.0,419C NORTHSHORE DR,823419,1.418301218040607,103.9025729746696,2026-10-01
232828,2026-09,PUNGGOL,4 ROOM,420C,NORTHSHORE DR,16 TO 18,95.0,Model A,2022,94 years 04 months,725000.0,420C NORTHSHORE DR,823420,1.418926970469476,103.9023582464964,2026-10-01
232827,2026-09,PUNGGOL,4 ROOM,408B,NORTHSHORE DR,07 TO 09,94.0,Model A,2021,93 years 08 months,668000.0,408B NORTHSHORE DR,822408,1.417205361864407,103.9031996873776,2026-10-01
232826,2026-09,PUNGGOL,4 ROOM,409A,NORTHSHORE DR,10 TO 12,94.0,Model A,2021,93 years 08 months,690000.0,409A NORTHSHORE DR,821409,1.417214443220158,103.902200329239,2026-10-01
232825,2026-09,PUNGGOL,4 ROOM,415C,NORTHSHORE DR,04 TO 06,94.0,Model A,2022,94 years 04 months,688000.0,415C NORTHSHORE DR,823415,1.417448069715838,103.9003025271744,2026-10-01
232824,2026-09,PUNGGOL,4 ROOM,420A,NORTHSHORE DR,25 TO 27,95.0,Model A,2022,94 years 05 months,788000.0,420A NORTHSHORE DR,821420,1.418439113886777,103.9015997841853,2026-10-01
232823,2026-09,PUNGGOL,4 ROOM,409C,NORTHSHORE DR,04 TO 06,94.0,Model A,2021,93 years 09 months,660888.0,409C NORTHSHORE DR,823409,1.417738043552601,103.9029337420133,2026-10-01
232822,2026-09,PUNGGOL,4 ROOM,420A,NORTHSHORE DR,16 TO 18,94.0,Model A,2022,94 years 05 months,860000.0,420A NORTHSHORE DR,821420,1.418439113886777,103.9015997841853,2026-10-01
232727,2026-09,PUNGGOL,4 ROOM,116,EDGEFIELD PLAINS,13 TO 15,95.0,Premium Apartment,2003,75 years 09 months,580000.0,116 EDGEFIELD PLAINS,820116,1.395415680186809,103.9069122109856,2026-10-01
232726,2026-09,PUNGGOL,4 ROOM,672D,EDGEFIELD PLAINS,16 TO 18,90.0,Model A,2015,88 years 03 months,638000.0,672D EDGEFIELD PLAINS,824672,1.407590311891151,103.9109235727473,2026-10-01
232725,2026-09,PUNGGOL,4 ROOM,670B,EDGEFIELD PLAINS,07 TO 09,93.0,Premium Apartment,2016,88 years 10 months,635888.0,670B EDGEFIELD PLAINS,822670,1.405324180398445,103.9132807334037,2026-10-01
232724,2026-09,PUNGGOL,4 ROOM,673A,EDGEFIELD PLAINS,10 TO 12,90.0,Model A,2015,88 years 04 months,622000.0,673A EDGEFIELD PLAINS,821673,1.40667672566761,103.9116132911288,2026-10-01
232678,2026-09,PUNGGOL,4 ROOM,126A,EDGEDALE PLAINS,16 TO 18,91.0,Model A,2003,75 years 06 months,640000.0,126A EDGEDALE PLAINS,821126,1.394100549691546,103.9113561653929,2026-10-01
232677,2026-09,PUNGGOL,4 ROOM,683A,EDGEDALE PLAINS,16 TO 18,93.0,Premium Apartment,2018,91 years,710000.0,683A EDGEDALE PLAINS,821683,1.404263443944217,103.9153713643172,2026-10-01
233035,2026-09,PUNGGOL,4 ROOM,269B,PUNGGOL FIELD,10 TO 12,93.0,Premium Apartment,2013,85 years 05 months,738888.0,269B PUNGGOL FIELD,822269,1.403443932331643,103.8986664563753,2026-10-01
233044,2026-09,PUNGGOL,4 ROOM,170C,PUNGGOL FIELD,01 TO 03,92.0,Model A,2014,86 years 07 months,615000.0,170C PUNGGOL FIELD,823170,1.39310784191806,103.9145463991849,2026-10-01
233451,2026-09,PUNGGOL,5 ROOM,420A,NORTHSHORE DR,04 TO 06,115.0,Improved,2022,94 years 05 months,980000.0,420A NORTHSHORE DR,821420,1.418439113886777,103.9015997841853,2026-10-01
233045,2026-09,PUNGGOL,4 ROOM,228B,PUNGGOL FIELD,07 TO 09,96.0,Model A,2021,94 years 01 month,670000.0,228B PUNGGOL FIELD,822228,1.403762443386553,103.891553728412,2026-10-01
233450,2026-09,PUNGGOL,5 ROOM,415B,NORTHSHORE DR,01 TO 03,112.0,Improved,2022,94 years 05 months,850000.0,415B NORTHSHORE DR,822415,1.417186983477018,103.9000341407225,2026-10-01
233449,2026-09,PUNGGOL,5 ROOM,409A,NORTHSHORE DR,22 TO 24,112.0,Improved,2021,93 years 09 months,920000.0,409A NORTHSHORE DR,821409,1.417214443220158,103.902200329239,2026-10-01
233407,2026-09,PUNGGOL,5 ROOM,182,EDGEFIELD PLAINS,04 TO 06,110.0,Premium Apartment,2003,76 years 02 months,595000.0,182 EDGEFIELD PLAINS,820182,1.398921795519418,103.9093112665592,2026-10-01
233406,2026-09,PUNGGOL,5 ROOM,668B,EDGEFIELD PLAINS,10 TO 12,113.0,Premium Apartment,2016,88 years 10 months,955000.0,668B EDGEFIELD PLAINS,822668,1.404782918736354,103.9129785153945,2026-10-01
233405,2026-09,PUNGGOL,5 ROOM,185,EDGEFIELD PLAINS,01 TO 03,110.0,Premium Apartment,2003,76 years 03 months,590000.0,185 EDGEFIELD PLAINS,820185,1.398068146849925,103.9101669190159,2026-10-01
233404,2026-09,PUNGGOL,5 ROOM,105D,EDGEFIELD PLAINS,04 TO 06,110.0,Improved,2003,75 years 09 months,600000.0,105D EDGEFIELD PLAINS,824105,1.397175308959258,103.9052295931451,2026-10-01
233403,2026-09,PUNGGOL,5 ROOM,668B,EDGEFIELD PLAINS,01 TO 03,113.0,Premium Apartment,2016,88 years 10 months,821888.0,668B EDGEFIELD PLAINS,822668,1.404782918736354,103.9129785153945,2026-10-01
233367,2026-09,PUNGGOL,5 ROOM,122A,EDGEDALE PLAINS,04 TO 06,112.0,Improved,2017,89 years 09 months,700000.0,122A EDGEDALE PLAINS,821122,1.39350981217359,103.9091065626591,2026-10-01
233366,2026-09,PUNGGOL,5 ROOM,133,EDGEDALE PLAINS,01 TO 03,111.0,Premium Apartment,2003,76 years 03 months,560000.0,133 EDGEDALE PLAINS,820133,1.392831554214676,103.9106201199542,2026-10-01
233365,2026-09,PUNGGOL,5 ROOM,109C,EDGEDALE PLAINS,07 TO 09,110.0,Improved,2003,75 years 09 months,646000.0,109C EDGEDALE PLAINS,823109,1.395172719890946,103.9092816056409,2026-10-01
233364,2026-09,PUNGGOL,5 ROOM,684B,EDGEDALE PLAINS,01 TO 03,113.0,Premium Apartment,2018,91 years,795000.0,684B EDGEDALE PLAINS,822684,1.403027132330096,103.9150055755684,2026-10-01
233318,2026-09,PUNGGOL,4 ROOM,322D,SUMANG WALK,19 TO 21,96.0,Premium Apartment,2019,91 years 07 months,800000.0,322D SUMANG WALK,824322,1.41003628713147,103.8963802115806,2026-10-01
233317,2026-09,PUNGGOL,4 ROOM,322B,SUMANG WALK,10 TO 12,93.0,Premium Apartment,2019,91 years 07 months,658000.0,322B SUMANG WALK,822322,1.410915884969404,103.8968867449947,2026-10-01
233289,2026-09,PUNGGOL,4 ROOM,313B,SUMANG LINK,07 TO 09,92.0,Model A,2015,87 years 09 months,685000.0,313B SUMANG LINK,822313,1.410239547231919,103.9021435884068,2026-10-01
233277,2026-09,PUNGGOL,4 ROOM,233C,SUMANG LANE,01 TO 03,93.0,Model A,2018,91 years 03 months,555000.0,233C SUMANG LANE,823233,1.401732893859423,103.8910412210889,2026-10-01
233199,2026-09,PUNGGOL,4 ROOM,310B,PUNGGOL WALK,07 TO 09,92.0,Premium Apartment,2016,88 years 09 months,702000.0,310B PUNGGOL WALK,822310,1.409322674956259,103.9008018363726,2026-10-01
233198,2026-09,PUNGGOL,4 ROOM,308C,PUNGGOL WALK,10 TO 12,92.0,Premium Apartment,2016,88 years 06 months,730000.0,308C PUNGGOL WALK,823308,1.408006949440278,103.899074357998,2026-10-01
233197,2026-09,PUNGGOL,4 ROOM,310B,PUNGGOL WALK,07 TO 09,92.0,Premium Apartment,2016,88 years 09 months,685000.0,310B PUNGGOL WALK,822310,1.409322674956259,103.9008018363726,2026-10-01
233196,2026-09,PUNGGOL,4 ROOM,211A,PUNGGOL WALK,10 TO 12,92.0,Model A,2014,86 years 08 months,678000.0,211A PUNGGOL WALK,821211,1.401759847011012,103.899944347349,2026-10-01
233195,2026-09,PUNGGOL,4 ROOM,271D,PUNGGOL WALK,10 TO 12,93.0,Premium Apartment,2014,86 years 08 months,760000.0,271D PUNGGOL WALK,824271,1.403514325881875,103.90089026171,2026-10-01
233194,2026-09,PUNGGOL,4 ROOM,308A,PUNGGOL WALK,13 TO 15,92.0,Premium Apartment,2016,88 years 07 months,758000.0,308A PUNGGOL WALK,821308,1.407754256369413,103.9009062366499,2026-10-01
233107,2026-09,PUNGGOL,4 ROOM,289B,PUNGGOL PL,10 TO 12,96.0,Premium Apartment,2013,85 years 06 months,748000.0,289B PUNGGOL PL,822289,1.401343560902807,103.9031269957501,2026-10-01
233106,2026-09,PUNGGOL,4 ROOM,208A,PUNGGOL PL,01 TO 03,92.0,Model A,2014,86 years 09 months,645000.0,208A PUNGGOL PL,821208,1.401463245747324,103.9007610517109,2026-10-01
233105,2026-09,PUNGGOL,4 ROOM,273A,PUNGGOL PL,07 TO 09,93.0,Premium Apartment,2013,85 years 10 months,760888.0,273A PUNGGOL PL,821273,1.402284311615451,103.9021042786042,2026-10-01
233104,2026-09,PUNGGOL,4 ROOM,274A,PUNGGOL PL,13 TO 15,93.0,Premium Apartment,2013,85 years 11 months,756888.0,274A PUNGGOL PL,821274,1.402736207168594,103.9023521129012,2026-10-01
233103,2026-09,PUNGGOL,4 ROOM,303D,PUNGGOL PL,07 TO 09,93.0,Premium Apartment,2011,83 years 07 months,758000.0,303D PUNGGOL PL,824303,1.40423864727246,103.9050149988156,2026-10-01
233102,2026-09,PUNGGOL,4 ROOM,288A,PUNGGOL PL,16 TO 18,96.0,Premium Apartment,2013,85 years 07 months,805000.0,288A PUNGGOL PL,821288,1.402377994477673,103.9030395233088,2026-10-01
233101,2026-09,PUNGGOL,4 ROOM,302B,PUNGGOL PL,04 TO 06,93.0,Premium Apartment,2011,83 years 07 months,700000.0,302B PUNGGOL PL,822302,1.404374931038439,103.9047840324014,2026-10-01
233046,2026-09,PUNGGOL,4 ROOM,259A,PUNGGOL FIELD,01 TO 03,93.0,Model A,2016,88 years 09 months,600000.0,259A PUNGGOL FIELD,821259,1.403823399503921,103.8955477693935,2026-10-01
236538,2026-09,SERANGOON,4 ROOM,211,SERANGOON AVE 4,01 TO 03,94.0,New Generation,1985,58 years 01 month,540000.0,211 SERANGOON AVE 4,550211,1.356316888298294,103.8731754558605,2026-10-01
236568,2026-09,SERANGOON,4 ROOM,113,SERANGOON NTH AVE 1,01 TO 03,97.0,New Generation,1985,57 years 07 months,532000.0,113 SERANGOON NTH AVE 1,550113,1.368776828669544,103.8704749299867,2026-10-01
231427,2026-09,KALLANG/WHAMPOA,4 ROOM,78,LOR LIMAU,31 TO 33,93.0,Model A,2018,90 years 09 months,978888.0,78 LOR LIMAU,320078,1.324876177894785,103.8555410444987,2026-10-01
239792,2026-09,WOODLANDS,4 ROOM,684D,WOODLANDS DR 73,10 TO 12,103.0,Premium Apartment,2000,72 years 06 months,585000.0,684D WOODLANDS DR 73,734684,1.44135791662657,103.8045082191893,2026-10-01
239951,2026-09,WOODLANDS,4 ROOM,418,WOODLANDS ST 41,07 TO 09,106.0,Model A,1996,68 years 06 months,550000.0,418 WOODLANDS ST 41,730418,1.42885742321272,103.7748180140823,2026-10-01
239918,2026-09,WOODLANDS,4 ROOM,302,WOODLANDS ST 31,01 TO 03,95.0,New Generation,1993,65 years 05 months,490000.0,302 WOODLANDS ST 31,730302,1.431511147600441,103.7744284257866,2026-10-01
239917,2026-09,WOODLANDS,4 ROOM,319,WOODLANDS ST 31,10 TO 12,103.0,Model A,1993,65 years 08 months,565000.0,319 WOODLANDS ST 31,730319,1.431508880698344,103.7774002692351,2026-10-01
239916,2026-09,WOODLANDS,4 ROOM,319,WOODLANDS ST 31,10 TO 12,103.0,Model A,1993,65 years 08 months,555000.0,319 WOODLANDS ST 31,730319,1.431508880698344,103.7774002692351,2026-10-01
239913,2026-09,WOODLANDS,4 ROOM,154,WOODLANDS ST 13,07 TO 09,91.0,New Generation,1986,59 years,510000.0,154 WOODLANDS ST 13,730154,1.434687160613171,103.7754300553297,2026-10-01
239912,2026-09,WOODLANDS,4 ROOM,101,WOODLANDS ST 13,07 TO 09,91.0,New Generation,1985,57 years 08 months,472000.0,101 WOODLANDS ST 13,730101,1.435982685401854,103.7819327474628,2026-10-01
239911,2026-09,WOODLANDS,4 ROOM,146,WOODLANDS ST 13,10 TO 12,93.0,New Generation,1985,57 years 06 months,475000.0,146 WOODLANDS ST 13,730146,1.436117888400572,103.7740843537285,2026-10-01
239910,2026-09,WOODLANDS,4 ROOM,182B,WOODLANDS ST 13,04 TO 06,93.0,Model A,2019,92 years 02 months,638000.0,182B WOODLANDS ST 13,732182,1.435405180467734,103.7763600455568,2026-10-01
239909,2026-09,WOODLANDS,4 ROOM,108,WOODLANDS ST 13,07 TO 09,93.0,New Generation,1987,59 years 05 months,488888.0,108 WOODLANDS ST 13,730108,1.437219087355277,103.7815767532924,2026-10-01
239855,2026-09,WOODLANDS,4 ROOM,785B,WOODLANDS RISE,01 TO 03,93.0,Model A,2018,90 years 11 months,552888.0,785B WOODLANDS RISE,732785,1.446269453623462,103.805431688626,2026-10-01
239845,2026-09,WOODLANDS,4 ROOM,643,WOODLANDS RING RD,04 TO 06,101.0,Model A,1998,70 years 11 months,570000.0,643 WOODLANDS RING RD,730643,1.437696282095,103.8015688740838,2026-10-01
239844,2026-09,WOODLANDS,4 ROOM,628A,WOODLANDS RING RD,01 TO 03,101.0,Model A,1998,71 years 02 months,520000.0,628A WOODLANDS RING RD,731628,1.434974773895573,103.8008506845138,2026-10-01
239843,2026-09,WOODLANDS,4 ROOM,669,WOODLANDS RING RD,07 TO 09,85.0,Model A2,2000,73 years 02 months,535000.0,669 WOODLANDS RING RD,730669,1.438397593763453,103.7985402602054,2026-10-01
239842,2026-09,WOODLANDS,4 ROOM,630,WOODLANDS RING RD,07 TO 09,101.0,Model A,1998,71 years 01 month,548000.0,630 WOODLANDS RING RD,730630,1.43459740049637,103.8015010883138,2026-10-01
239791,2026-09,WOODLANDS,4 ROOM,684D,WOODLANDS DR 73,10 TO 12,103.0,Premium Apartment,2000,72 years 06 months,625000.0,684D WOODLANDS DR 73,734684,1.44135791662657,103.8045082191893,2026-10-01
239015,2026-09,TOA PAYOH,5 ROOM,239,LOR 1 TOA PAYOH,04 TO 06,120.0,Improved,1986,59 years,790000.0,239 LOR 1 TOA PAYOH,310239,1.340508941599162,103.8510407121114,2026-10-01
239790,2026-09,WOODLANDS,4 ROOM,691B,WOODLANDS DR 73,04 TO 06,93.0,Model A,2018,90 years 10 months,635000.0,691B WOODLANDS DR 73,732691,1.440299614205556,103.8058924814006,2026-10-01
239767,2026-09,WOODLANDS,4 ROOM,715,WOODLANDS DR 70,10 TO 12,101.0,Model A,1997,69 years 07 months,560000.0,715 WOODLANDS DR 70,730715,1.441989580626369,103.7993936702011,2026-10-01
239766,2026-09,WOODLANDS,4 ROOM,711,WOODLANDS DR 70,10 TO 12,101.0,Model A,1997,69 years 06 months,550000.0,711 WOODLANDS DR 70,730711,1.441222965694044,103.797378360624,2026-10-01
239765,2026-09,WOODLANDS,4 ROOM,717A,WOODLANDS DR 70,04 TO 06,88.0,Model A,2017,90 years 03 months,520000.0,717A WOODLANDS DR 70,731717,1.44053874571164,103.7986691146255,2026-10-01
239764,2026-09,WOODLANDS,4 ROOM,710,WOODLANDS DR 70,04 TO 06,101.0,Model A,1997,69 years 07 months,536888.0,710 WOODLANDS DR 70,730710,1.440776769333711,103.7974202770531,2026-10-01
239714,2026-09,WOODLANDS,4 ROOM,554,WOODLANDS DR 53,10 TO 12,90.0,Model A2,1999,72 years 03 months,540000.0,554 WOODLANDS DR 53,730554,1.432104163672546,103.7964908121118,2026-10-01
239706,2026-09,WOODLANDS,4 ROOM,621,WOODLANDS DR 52,07 TO 09,102.0,Model A,1998,70 years 10 months,512000.0,621 WOODLANDS DR 52,730621,1.43411191997483,103.7980800468932,2026-10-01
239686,2026-09,WOODLANDS,4 ROOM,887A,WOODLANDS DR 50,07 TO 09,92.0,Premium Apartment,2015,87 years 05 months,668888.0,887A WOODLANDS DR 50,731887,1.437192165410666,103.7938908769387,2026-10-01
239685,2026-09,WOODLANDS,4 ROOM,892A,WOODLANDS DR 50,10 TO 12,100.0,Model A,1996,69 years 03 months,580000.0,892A WOODLANDS DR 50,730892,1.43726918605215,103.7904323620726,2026-10-01
239684,2026-09,WOODLANDS,4 ROOM,892A,WOODLANDS DR 50,04 TO 06,100.0,Model A,1996,69 years 03 months,530000.0,892A WOODLANDS DR 50,730892,1.43726918605215,103.7904323620726,2026-10-01
239683,2026-09,WOODLANDS,4 ROOM,895B,WOODLANDS DR 50,10 TO 12,99.0,Model A,1997,69 years 07 months,590000.0,895B WOODLANDS DR 50,731895,1.43563898032961,103.791654565327,2026-10-01
239682,2026-09,WOODLANDS,4 ROOM,892A,WOODLANDS DR 50,01 TO 03,100.0,Model A,1996,69 years 03 months,530000.0,892A WOODLANDS DR 50,730892,1.43726918605215,103.7904323620726,2026-10-01
239681,2026-09,WOODLANDS,4 ROOM,894B,WOODLANDS DR 50,07 TO 09,100.0,Model A,1996,69 years 02 months,605000.0,894B WOODLANDS DR 50,731894,1.436009439197061,103.7895074929104,2026-10-01
239606,2026-09,WOODLANDS,4 ROOM,701,WOODLANDS DR 40,01 TO 03,100.0,Model A,1996,69 years 02 months,515800.0,701 WOODLANDS DR 40,730701,1.441797082047692,103.796074026236,2026-10-01
239952,2026-09,WOODLANDS,4 ROOM,436,WOODLANDS ST 41,10 TO 12,84.0,Simplified,1996,69 years,500000.0,436 WOODLANDS ST 41,730436,1.426616248058874,103.7748723416519,2026-10-01
239973,2026-09,WOODLANDS,4 ROOM,843,WOODLANDS ST 82,10 TO 12,84.0,Simplified,1994,66 years 10 months,490000.0,843 WOODLANDS ST 82,730843,1.443149290422851,103.7930551254092,2026-10-01
239974,2026-09,WOODLANDS,4 ROOM,845,WOODLANDS ST 82,07 TO 09,84.0,Simplified,1994,66 years 10 months,490000.0,845 WOODLANDS ST 82,730845,1.442754559464337,103.7925320865107,2026-10-01
239975,2026-09,WOODLANDS,4 ROOM,840,WOODLANDS ST 82,07 TO 09,104.0,Model A,1994,66 years 10 months,548000.0,840 WOODLANDS ST 82,730840,1.443812820984535,103.7924011124068,2026-10-01
240388,2026-09,WOODLANDS,5 ROOM,870,WOODLANDS ST 81,07 TO 09,133.0,Model A,1996,68 years 07 months,705000.0,870 WOODLANDS ST 81,730870,1.443373438631465,103.7887162506207,2026-10-01
240387,2026-09,WOODLANDS,5 ROOM,802,WOODLANDS ST 81,04 TO 06,121.0,Improved,1989,61 years 11 months,640000.0,802 WOODLANDS ST 81,730802,1.44094029531025,103.7860150178172,2026-10-01
240369,2026-09,WOODLANDS,5 ROOM,165,WOODLANDS ST 13,04 TO 06,121.0,Improved,1985,57 years 10 months,535000.0,165 WOODLANDS ST 13,730165,1.432972090453769,103.7749265465719,2026-10-01
240368,2026-09,WOODLANDS,5 ROOM,178,WOODLANDS ST 13,07 TO 09,125.0,Improved,1986,58 years 10 months,615000.0,178 WOODLANDS ST 13,730178,1.434640806018132,103.7776700226157,2026-10-01
240367,2026-09,WOODLANDS,5 ROOM,178,WOODLANDS ST 13,04 TO 06,121.0,Improved,1986,58 years 10 months,635000.0,178 WOODLANDS ST 13,730178,1.434640806018132,103.7776700226157,2026-10-01
240329,2026-09,WOODLANDS,5 ROOM,607,WOODLANDS RING RD,07 TO 09,122.0,Improved,1998,70 years 08 months,685000.0,607 WOODLANDS RING RD,730607,1.436654929606312,103.796231467375,2026-10-01
240328,2026-09,WOODLANDS,5 ROOM,664,WOODLANDS RING RD,07 TO 09,121.0,Improved,1998,70 years 06 months,685000.0,664 WOODLANDS RING RD,730664,1.436198457344928,103.7977988513681,2026-10-01
240254,2026-09,WOODLANDS,5 ROOM,671,WOODLANDS DR 71,04 TO 06,111.0,Improved,2000,73 years 03 months,665000.0,671 WOODLANDS DR 71,730671,1.439059641050205,103.7987748295161,2026-10-01
240241,2026-09,WOODLANDS,5 ROOM,694C,WOODLANDS DR 62,04 TO 06,113.0,Improved,2018,91 years 01 month,750000.0,694C WOODLANDS DR 62,733694,1.438822730559244,103.8057141799792,2026-10-01
240220,2026-09,WOODLANDS,5 ROOM,555,WOODLANDS DR 53,07 TO 09,115.0,Improved,1999,72 years 03 months,655888.0,555 WOODLANDS DR 53,730555,1.432281699435746,103.795797044364,2026-10-01
240203,2026-09,WOODLANDS,5 ROOM,889C,WOODLANDS DR 50,07 TO 09,113.0,Improved,2017,89 years 10 months,758888.0,889C WOODLANDS DR 50,733889,1.437812607240043,103.7924094215395,2026-10-01
240202,2026-09,WOODLANDS,5 ROOM,891B,WOODLANDS DR 50,07 TO 09,121.0,Improved,1996,69 years 01 month,718000.0,891B WOODLANDS DR 50,731891,1.437912277930311,103.7905398145499,2026-10-01
240201,2026-09,WOODLANDS,5 ROOM,899A,WOODLANDS DR 50,04 TO 06,118.0,Improved,1997,70 years 01 month,625000.0,899A WOODLANDS DR 50,730899,1.435805048099416,103.7952539878427,2026-10-01
240200,2026-09,WOODLANDS,5 ROOM,898B,WOODLANDS DR 50,01 TO 03,118.0,Improved,1997,69 years 11 months,600000.0,898B WOODLANDS DR 50,731898,1.435143174760863,103.7952105481151,2026-10-01
240161,2026-09,WOODLANDS,5 ROOM,537,WOODLANDS DR 16,04 TO 06,121.0,Improved,2000,73 years 01 month,650000.0,537 WOODLANDS DR 16,730537,1.429657857339746,103.7925829301929,2026-10-01
240133,2026-09,WOODLANDS,5 ROOM,524,WOODLANDS DR 14,01 TO 03,126.0,Premium Apartment,2000,72 years 07 months,655000.0,524 WOODLANDS DR 14,730524,1.432647685130068,103.7936795425394,2026-10-01
240132,2026-09,WOODLANDS,5 ROOM,523,WOODLANDS DR 14,01 TO 03,129.0,Premium Apartment,2000,72 years 09 months,625000.0,523 WOODLANDS DR 14,730523,1.433235128905053,103.7939882815852,2026-10-01
240131,2026-09,WOODLANDS,5 ROOM,529,WOODLANDS DR 14,04 TO 06,126.0,Premium Apartment,1999,71 years 11 months,605000.0,529 WOODLANDS DR 14,730529,1.431634146456959,103.7928789514735,2026-10-01
240130,2026-09,WOODLANDS,5 ROOM,506,WOODLANDS DR 14,10 TO 12,123.0,Improved,1999,71 years 05 months,720000.0,506 WOODLANDS DR 14,730506,1.432441704488616,103.7908638032021,2026-10-01
240129,2026-09,WOODLANDS,5 ROOM,515,WOODLANDS DR 14,07 TO 09,125.0,Premium Apartment,1999,71 years 07 months,745000.0,515 WOODLANDS DR 14,730515,1.434686375355357,103.7904532025103,2026-10-01
240128,2026-09,WOODLANDS,5 ROOM,510,WOODLANDS DR 14,04 TO 06,125.0,Premium Apartment,1999,71 years 07 months,728000.0,510 WOODLANDS DR 14,730510,1.432761015014597,103.7884971353695,2026-10-01
240127,2026-09,WOODLANDS,5 ROOM,503,WOODLANDS DR 14,04 TO 06,124.0,Improved,1998,71 years 04 months,670000.0,503 WOODLANDS DR 14,730503,1.432499959768891,103.791786711705,2026-10-01
240082,2026-09,WOODLANDS,5 ROOM,764A,WOODLANDS CIRCLE,04 TO 06,111.0,Improved,2003,75 years 11 months,590000.0,764A WOODLANDS CIRCLE,731764,1.445610648087233,103.7967806141674,2026-10-01
240057,2026-09,WOODLANDS,5 ROOM,680,WOODLANDS AVE 6,13 TO 15,121.0,Improved,1998,71 years,718888.0,680 WOODLANDS AVE 6,730680,1.439632618019731,103.8021216467927,2026-10-01
240056,2026-09,WOODLANDS,5 ROOM,762,WOODLANDS AVE 6,01 TO 03,121.0,Improved,1998,70 years 06 months,586888.0,762 WOODLANDS AVE 6,730762,1.446027316637933,103.7960719813672,2026-10-01
240037,2026-09,WOODLANDS,5 ROOM,366,WOODLANDS AVE 5,07 TO 09,123.0,Improved,1996,68 years 10 months,762000.0,366 WOODLANDS AVE 5,730366,1.433742401606473,103.7873817279906,2026-10-01
240032,2026-09,WOODLANDS,5 ROOM,615,WOODLANDS AVE 4,01 TO 03,122.0,Improved,1998,70 years 10 months,605000.0,615 WOODLANDS AVE 4,730615,1.434081708138816,103.7966624173144,2026-10-01
240018,2026-09,WOODLANDS,5 ROOM,353,WOODLANDS AVE 1,07 TO 09,120.0,Improved,1996,68 years 11 months,650000.0,353 WOODLANDS AVE 1,730353,1.431816487071708,103.7851624488421,2026-10-01
239991,2026-09,WOODLANDS,5 ROOM,10,MARSILING DR,10 TO 12,126.0,Standard,1976,48 years 07 months,540000.0,10 MARSILING DR,730010,1.440805674187186,103.7773185699961,2026-10-01
239595,2026-09,WOODLANDS,4 ROOM,577,WOODLANDS DR 16,04 TO 06,91.0,Model A,2000,73 years 02 months,580000.0,577 WOODLANDS DR 16,730577,1.430961964215422,103.7965447447922,2026-10-01
239594,2026-09,WOODLANDS,4 ROOM,573C,WOODLANDS DR 16,01 TO 03,93.0,Model A,2018,90 years 09 months,582222.0,573C WOODLANDS DR 16,733573,1.430501736725013,103.797682947729,2026-10-01
239593,2026-09,WOODLANDS,4 ROOM,539,WOODLANDS DR 16,10 TO 12,101.0,Model A,2000,73 years,612000.0,539 WOODLANDS DR 16,730539,1.429077117310091,103.7922558945373,2026-10-01
239276,2026-09,WOODLANDS,3 ROOM,101,WOODLANDS ST 13,01 TO 03,67.0,New Generation,1985,57 years 08 months,395000.0,101 WOODLANDS ST 13,730101,1.435982685401854,103.7819327474628,2026-10-01
239274,2026-09,WOODLANDS,3 ROOM,149,WOODLANDS ST 13,01 TO 03,68.0,New Generation,1985,57 years 07 months,388000.0,149 WOODLANDS ST 13,730149,1.435763817320609,103.7727980082286,2026-10-01
239273,2026-09,WOODLANDS,3 ROOM,166,WOODLANDS ST 13,01 TO 03,67.0,New Generation,1986,59 years 01 month,410000.0,166 WOODLANDS ST 13,730166,1.433317737659012,103.7754915559301,2026-10-01
239231,2026-09,WOODLANDS,3 ROOM,574B,WOODLANDS DR 16,07 TO 09,68.0,Model A,2018,90 years 10 months,540000.0,574B WOODLANDS DR 16,732574,1.429681209829775,103.7972198398093,2026-10-01
239204,2026-09,WOODLANDS,3 ROOM,130,MARSILING RISE,10 TO 12,69.0,Improved,1985,57 years 05 months,391000.0,130 MARSILING RISE,730130,1.438126441436875,103.7787004792178,2026-10-01
239192,2026-09,WOODLANDS,3 ROOM,19,MARSILING LANE,01 TO 03,60.0,Improved,1987,59 years 08 months,352500.0,19 MARSILING LANE,730019,1.443282042853322,103.7772942280457,2026-10-01
239190,2026-09,WOODLANDS,3 ROOM,15,MARSILING LANE,10 TO 12,65.0,Improved,1976,48 years 05 months,321000.0,15 MARSILING LANE,730015,1.441925602238598,103.7781583957634,2026-10-01
239164,2026-09,WOODLANDS,3 ROOM,22,MARSILING DR,04 TO 06,67.0,New Generation,1977,49 years 10 months,337000.0,22 MARSILING DR,730022,1.441897300828896,103.7743737919536,2026-10-01
239163,2026-09,WOODLANDS,3 ROOM,30,MARSILING DR,04 TO 06,87.0,New Generation,1977,49 years 08 months,380000.0,30 MARSILING DR,730030,1.442559074486976,103.7724055288583,2026-10-01
239162,2026-09,WOODLANDS,3 ROOM,206,MARSILING DR,10 TO 12,68.0,New Generation,1981,53 years 08 months,330000.0,206 MARSILING DR,730206,1.445407295786023,103.77336982144,2026-10-01
239161,2026-09,WOODLANDS,3 ROOM,203,MARSILING DR,04 TO 06,68.0,New Generation,1981,54 years 02 months,370000.0,203 MARSILING DR,730203,1.443782457829232,103.7744165961454,2026-10-01
239160,2026-09,WOODLANDS,3 ROOM,6,MARSILING DR,07 TO 09,65.0,Improved,1976,48 years 05 months,335000.0,6 MARSILING DR,730006,1.442072976441061,103.7763539905305,2026-10-01
239159,2026-09,WOODLANDS,3 ROOM,23,MARSILING DR,10 TO 12,67.0,New Generation,1977,50 years 03 months,350888.0,23 MARSILING DR,730023,1.441539757941108,103.7732998911957,2026-10-01
239158,2026-09,WOODLANDS,3 ROOM,22,MARSILING DR,13 TO 15,82.0,New Generation,1977,49 years 11 months,407000.0,22 MARSILING DR,730022,1.441897300828896,103.7743737919536,2026-10-01
239120,2026-09,WOODLANDS,2 ROOM,574A,WOODLANDS DR 16,10 TO 12,47.0,Model A,2018,90 years 09 months,380000.0,574A WOODLANDS DR 16,731574,1.430091917590226,103.7974883344552,2026-10-01
239119,2026-09,WOODLANDS,2 ROOM,574B,WOODLANDS DR 16,07 TO 09,47.0,2-room,2018,90 years 10 months,380000.0,574B WOODLANDS DR 16,732574,1.429681209829775,103.7972198398093,2026-10-01
239114,2026-09,WOODLANDS,2 ROOM,780B,WOODLANDS CRES,10 TO 12,47.0,Model A,2015,87 years 10 months,388000.0,780B WOODLANDS CRES,732780,1.448942460118004,103.8010162663551,2026-10-01
239097,2026-09,TOA PAYOH,EXECUTIVE,254,KIM KEAT AVE,04 TO 06,146.0,Maisonette,1989,61 years 05 months,963000.0,254 KIM KEAT AVE,310254,1.331733154085772,103.8583292683526,2026-10-01
239096,2026-09,TOA PAYOH,EXECUTIVE,257,KIM KEAT AVE,04 TO 06,146.0,Maisonette,1988,61 years 03 months,990000.0,257 KIM KEAT AVE,310257,1.332606885028613,103.8572705085315,2026-10-01
239087,2026-09,TOA PAYOH,5 ROOM,223,LOR 8 TOA PAYOH,01 TO 03,117.0,Standard,1976,48 years 07 months,648000.0,223 LOR 8 TOA PAYOH,310223,1.341264797128072,103.8555527546582,2026-10-01
239086,2026-09,TOA PAYOH,5 ROOM,218,LOR 8 TOA PAYOH,25 TO 27,117.0,Standard,1978,50 years 05 months,660000.0,218 LOR 8 TOA PAYOH,310218,1.342725835490897,103.8551515797274,2026-10-01
239085,2026-09,TOA PAYOH,5 ROOM,230,LOR 8 TOA PAYOH,01 TO 03,117.0,Standard,1976,49 years 01 month,553000.0,230 LOR 8 TOA PAYOH,310230,1.338255926806414,103.8593030710049,2026-10-01
239074,2026-09,TOA PAYOH,5 ROOM,7,LOR 7 TOA PAYOH,13 TO 15,120.0,Improved,1998,71 years,930000.0,7 LOR 7 TOA PAYOH,310007,1.338053696901536,103.8572869026007,2026-10-01
239073,2026-09,TOA PAYOH,5 ROOM,7,LOR 7 TOA PAYOH,16 TO 18,120.0,Improved,1998,71 years,980000.0,7 LOR 7 TOA PAYOH,310007,1.338053696901536,103.8572869026007,2026-10-01
239049,2026-09,TOA PAYOH,5 ROOM,143,LOR 2 TOA PAYOH,25 TO 27,110.0,Improved,2002,75 years 01 month,1230000.0,143 LOR 2 TOA PAYOH,310143,1.335884353992658,103.8439913402547,2026-10-01
239039,2026-09,TOA PAYOH,5 ROOM,138B,LOR 1A TOA PAYOH,19 TO 21,114.0,DBSS,2012,84 years 08 months,1520000.0,138B LOR 1A TOA PAYOH,312138,1.336264089399658,103.8456261913837,2026-10-01
239038,2026-09,TOA PAYOH,5 ROOM,138C,LOR 1A TOA PAYOH,04 TO 06,113.0,DBSS,2012,84 years 08 months,1248000.0,138C LOR 1A TOA PAYOH,313138,1.336264136710638,103.8449074134717,2026-10-01
239037,2026-09,TOA PAYOH,5 ROOM,138C,LOR 1A TOA PAYOH,04 TO 06,110.0,DBSS,2012,84 years 09 months,1225000.0,138C LOR 1A TOA PAYOH,313138,1.336264136710638,103.8449074134717,2026-10-01
239036,2026-09,TOA PAYOH,5 ROOM,138B,LOR 1A TOA PAYOH,31 TO 33,117.0,DBSS,2012,84 years 09 months,1385000.0,138B LOR 1A TOA PAYOH,312138,1.336264089399658,103.8456261913837,2026-10-01
239017,2026-09,TOA PAYOH,5 ROOM,174,LOR 1 TOA PAYOH,10 TO 12,151.0,Adjoined flat,1972,44 years 10 months,935000.0,174 LOR 1 TOA PAYOH,310174,1.33067209684741,103.8419179317399,2026-10-01
239275,2026-09,WOODLANDS,3 ROOM,182A,WOODLANDS ST 13,28 TO 30,68.0,Model A,2019,92 years 02 months,600000.0,182A WOODLANDS ST 13,731182,1.43569654168682,103.775515756855,2026-10-01
239277,2026-09,WOODLANDS,3 ROOM,149,WOODLANDS ST 13,10 TO 12,68.0,New Generation,1985,57 years 07 months,405888.0,149 WOODLANDS ST 13,730149,1.435763817320609,103.7727980082286,2026-10-01
239592,2026-09,WOODLANDS,4 ROOM,579,WOODLANDS DR 16,04 TO 06,90.0,Model A,2001,73 years 08 months,509000.0,579 WOODLANDS DR 16,730579,1.43071319275919,103.7957089104757,2026-10-01
239293,2026-09,WOODLANDS,3 ROOM,830,WOODLANDS ST 83,01 TO 03,73.0,Model A,1994,67 years 02 months,460000.0,830 WOODLANDS ST 83,730830,1.43928523903244,103.7907853435338,2026-10-01
239591,2026-09,WOODLANDS,4 ROOM,575,WOODLANDS DR 16,01 TO 03,86.0,Model A2,2000,73 years 04 months,490000.0,575 WOODLANDS DR 16,730575,1.431187204422852,103.7972377290005,2026-10-01
239590,2026-09,WOODLANDS,4 ROOM,542,WOODLANDS DR 16,01 TO 03,101.0,Model A,2000,72 years 09 months,569000.0,542 WOODLANDS DR 16,730542,1.427731874853323,103.7936250578709,2026-10-01
239552,2026-09,WOODLANDS,4 ROOM,519,WOODLANDS DR 14,01 TO 03,104.0,Premium Apartment,2000,73 years 01 month,528000.0,519 WOODLANDS DR 14,730519,1.434588530772395,103.7919626618571,2026-10-01
239551,2026-09,WOODLANDS,4 ROOM,520,WOODLANDS DR 14,04 TO 06,104.0,Premium Apartment,2000,73 years 01 month,595000.0,520 WOODLANDS DR 14,730520,1.4341741030819,103.7923973050644,2026-10-01
239550,2026-09,WOODLANDS,4 ROOM,514,WOODLANDS DR 14,01 TO 03,105.0,Premium Apartment,1999,71 years 06 months,580000.0,514 WOODLANDS DR 14,730514,1.434597813477288,103.7896725579445,2026-10-01
239549,2026-09,WOODLANDS,4 ROOM,502A,WOODLANDS DR 14,04 TO 06,102.0,Model A,1998,71 years 03 months,590000.0,502A WOODLANDS DR 14,731502,1.433304613836367,103.7913136331987,2026-10-01
239548,2026-09,WOODLANDS,4 ROOM,512,WOODLANDS DR 14,04 TO 06,107.0,Premium Apartment,1999,71 years 07 months,610000.0,512 WOODLANDS DR 14,730512,1.434232389289873,103.7888571980817,2026-10-01
239516,2026-09,WOODLANDS,4 ROOM,780C,WOODLANDS CRES,04 TO 06,92.0,Model A,2015,87 years 10 months,566000.0,780C WOODLANDS CRES,733780,1.449111114779511,103.8013466821345,2026-10-01
239515,2026-09,WOODLANDS,4 ROOM,787B,WOODLANDS CRES,13 TO 15,101.0,Model A,1997,70 years 02 months,518888.0,787B WOODLANDS CRES,732787,1.444562069973856,103.8008115542055,2026-10-01
239514,2026-09,WOODLANDS,4 ROOM,780D,WOODLANDS CRES,13 TO 15,92.0,Model A,2015,87 years 11 months,606888.0,780D WOODLANDS CRES,734780,1.448119960980317,103.8019458416362,2026-10-01
239513,2026-09,WOODLANDS,4 ROOM,782A,WOODLANDS CRES,04 TO 06,92.0,Model A,2015,87 years 10 months,550000.0,782A WOODLANDS CRES,731782,1.447466503204837,103.8026612946303,2026-10-01
239486,2026-09,WOODLANDS,4 ROOM,729,WOODLANDS CIRCLE,04 TO 06,100.0,Model A2,1997,70 years 03 months,505000.0,729 WOODLANDS CIRCLE,730729,1.442590538111256,103.7985807885646,2026-10-01
239485,2026-09,WOODLANDS,4 ROOM,740,WOODLANDS CIRCLE,04 TO 06,102.0,Model A,1997,70 years 02 months,538000.0,740 WOODLANDS CIRCLE,730740,1.444516659945321,103.7962981811882,2026-10-01
239484,2026-09,WOODLANDS,4 ROOM,743,WOODLANDS CIRCLE,07 TO 09,91.0,Model A2,1997,70 years 02 months,523000.0,743 WOODLANDS CIRCLE,730743,1.443733618223843,103.7963119403898,2026-10-01
239483,2026-09,WOODLANDS,4 ROOM,741,WOODLANDS CIRCLE,04 TO 06,100.0,Model A,1997,70 years,530000.0,741 WOODLANDS CIRCLE,730741,1.444411907310378,103.7958279452336,2026-10-01
239482,2026-09,WOODLANDS,4 ROOM,746,WOODLANDS CIRCLE,04 TO 06,103.0,Model A,1998,70 years 05 months,520000.0,746 WOODLANDS CIRCLE,730746,1.442507136276411,103.7953046494045,2026-10-01
239393,2026-09,WOODLANDS,4 ROOM,612,WOODLANDS AVE 4,07 TO 09,101.0,Model A,1998,71 years,518000.0,612 WOODLANDS AVE 4,730612,1.435081892710488,103.7967330548074,2026-10-01
239392,2026-09,WOODLANDS,4 ROOM,618,WOODLANDS AVE 4,10 TO 12,96.0,Model A2,1998,70 years 10 months,528888.0,618 WOODLANDS AVE 4,730618,1.433640888272461,103.7966441895426,2026-10-01
239391,2026-09,WOODLANDS,4 ROOM,616,WOODLANDS AVE 4,04 TO 06,102.0,Model A,1998,70 years 09 months,510000.0,616 WOODLANDS AVE 4,730616,1.434322761545114,103.795844279939,2026-10-01
239374,2026-09,WOODLANDS,4 ROOM,348,WOODLANDS AVE 3,13 TO 15,84.0,Simplified,1988,60 years 11 months,505000.0,348 WOODLANDS AVE 3,730348,1.432939460174404,103.7818813944568,2026-10-01
239373,2026-09,WOODLANDS,4 ROOM,348,WOODLANDS AVE 3,04 TO 06,84.0,Simplified,1988,61 years,485000.0,348 WOODLANDS AVE 3,730348,1.432939460174404,103.7818813944568,2026-10-01
239369,2026-09,WOODLANDS,4 ROOM,351,WOODLANDS AVE 1,04 TO 06,106.0,Model A,1996,69 years,585000.0,351 WOODLANDS AVE 1,730351,1.432506001392731,103.7840615997017,2026-10-01
239368,2026-09,WOODLANDS,4 ROOM,336,WOODLANDS AVE 1,04 TO 06,83.0,Simplified,1985,58 years 03 months,410000.0,336 WOODLANDS AVE 1,730336,1.430459508707457,103.7820030601284,2026-10-01
239341,2026-09,WOODLANDS,4 ROOM,119,MARSILING RISE,07 TO 09,111.0,Model A,1995,67 years 07 months,565000.0,119 MARSILING RISE,730119,1.438828531948345,103.7803229764065,2026-10-01
239337,2026-09,WOODLANDS,4 ROOM,12C,MARSILING LANE,22 TO 24,93.0,Model A,2013,85 years 09 months,653188.0,12C MARSILING LANE,733012,1.441085877117634,103.7777812343979,2026-10-01
239330,2026-09,WOODLANDS,4 ROOM,202,MARSILING DR,10 TO 12,93.0,New Generation,1981,53 years 10 months,435000.0,202 MARSILING DR,730202,1.443151211426942,103.7751647770486,2026-10-01
239329,2026-09,WOODLANDS,4 ROOM,5A,MARSILING DR,07 TO 09,90.0,Model A,2002,74 years 08 months,443000.0,5A MARSILING DR,732005,1.440084796282157,103.7752006600701,2026-10-01
239328,2026-09,WOODLANDS,4 ROOM,29,MARSILING DR,04 TO 06,97.0,New Generation,1979,52 years 02 months,425000.0,29 MARSILING DR,730029,1.443102189858706,103.7733665127474,2026-10-01
239327,2026-09,WOODLANDS,4 ROOM,28,MARSILING DR,13 TO 15,97.0,New Generation,1977,49 years 08 months,435888.0,28 MARSILING DR,730028,1.44279097620867,103.7737065750829,2026-10-01
240414,2026-09,WOODLANDS,EXECUTIVE,139,MARSILING RD,04 TO 06,173.0,Apartment,1995,67 years 08 months,938000.0,139 MARSILING RD,730139,1.43775226684573,103.7772757682185,2026-10-01
240426,2026-09,WOODLANDS,EXECUTIVE,122,MARSILING RISE,01 TO 03,170.0,Apartment,1995,67 years 07 months,940000.0,122 MARSILING RISE,730122,1.439166197173152,103.7796586030321,2026-10-01
240427,2026-09,WOODLANDS,EXECUTIVE,124,MARSILING RISE,07 TO 09,184.0,Apartment,1995,67 years 07 months,1015000.0,124 MARSILING RISE,730124,1.438828680422691,103.7793876697254,2026-10-01
241611,2026-09,YISHUN,5 ROOM,509A,YISHUN AVE 4,04 TO 06,113.0,Improved,2018,90 years 08 months,682000.0,509A YISHUN AVE 4,761509,1.413710706758872,103.8395281732636,2026-10-01
241568,2026-09,YISHUN,5 ROOM,432A,YISHUN AVE 1,01 TO 03,112.0,Improved,2015,88 years 02 months,638000.0,432A YISHUN AVE 1,761432,1.419307289504708,103.8470436290457,2026-10-01
241557,2026-09,YISHUN,4 ROOM,844,YISHUN ST 81,10 TO 12,104.0,Model A,1988,61 years 03 months,630000.0,844 YISHUN ST 81,760844,1.41562517345068,103.835446503581,2026-10-01
241556,2026-09,YISHUN,4 ROOM,825,YISHUN ST 81,10 TO 12,103.0,Model A,1988,61 years 02 months,638888.0,825 YISHUN ST 81,760825,1.414438586491333,103.8327737334816,2026-10-01
241555,2026-09,YISHUN,4 ROOM,852,YISHUN ST 81,04 TO 06,108.0,Model A,1988,60 years 07 months,590000.0,852 YISHUN ST 81,760852,1.416059601533233,103.8367958070423,2026-10-01
241554,2026-09,YISHUN,4 ROOM,875,YISHUN ST 81,10 TO 12,104.0,Model A,1988,60 years 05 months,603000.0,875 YISHUN ST 81,760875,1.414763209513868,103.8362870239816,2026-10-01
241553,2026-09,YISHUN,4 ROOM,867,YISHUN ST 81,01 TO 03,104.0,Model A,1988,60 years 10 months,528000.0,867 YISHUN ST 81,760867,1.413906054508136,103.8380051654584,2026-10-01
241525,2026-09,YISHUN,4 ROOM,752,YISHUN ST 72,07 TO 09,91.0,New Generation,1984,56 years 08 months,545000.0,752 YISHUN ST 72,760752,1.427237611890832,103.8340501975557,2026-10-01
241496,2026-09,YISHUN,4 ROOM,726,YISHUN ST 71,10 TO 12,104.0,Model A,1985,58 years 02 months,515000.0,726 YISHUN ST 71,760726,1.426536213652698,103.8306687843416,2026-10-01
241479,2026-09,YISHUN,4 ROOM,635,YISHUN ST 61,10 TO 12,84.0,Simplified,1987,60 years,460000.0,635 YISHUN ST 61,760635,1.419230703750708,103.8389821109842,2026-10-01
241478,2026-09,YISHUN,4 ROOM,639,YISHUN ST 61,04 TO 06,84.0,Simplified,1987,60 years,442000.0,639 YISHUN ST 61,760639,1.420560238218858,103.8384492410142,2026-10-01
241477,2026-09,YISHUN,4 ROOM,644,YISHUN ST 61,07 TO 09,83.0,Simplified,1988,60 years 10 months,438800.0,644 YISHUN ST 61,760644,1.421707734566573,103.8374745191476,2026-10-01
241475,2026-09,YISHUN,4 ROOM,625,YISHUN ST 61,07 TO 09,83.0,Simplified,1987,59 years 10 months,515888.0,625 YISHUN ST 61,760625,1.418173615285749,103.8361903646734,2026-10-01
241449,2026-09,YISHUN,4 ROOM,504C,YISHUN ST 51,04 TO 06,93.0,Model A,2016,88 years 06 months,582888.0,504C YISHUN ST 51,763504,1.417966513510051,103.8434586799033,2026-10-01
241448,2026-09,YISHUN,4 ROOM,512B,YISHUN ST 51,07 TO 09,93.0,Model A,2017,90 years,628000.0,512B YISHUN ST 51,762512,1.41470704581507,103.8421123414432,2026-10-01
241401,2026-09,YISHUN,4 ROOM,478C,YISHUN ST 44,10 TO 12,93.0,Model A,2021,93 years 05 months,578500.0,478C YISHUN ST 44,763478,1.429783899485012,103.8511903597729,2026-10-01
241400,2026-09,YISHUN,4 ROOM,478C,YISHUN ST 44,13 TO 15,93.0,Model A,2021,93 years 05 months,570000.0,478C YISHUN ST 44,763478,1.429783899485012,103.8511903597729,2026-10-01
241382,2026-09,YISHUN,4 ROOM,479C,YISHUN ST 42,04 TO 06,93.0,Model A,2021,93 years 08 months,595000.0,479C YISHUN ST 42,763479,1.429429610916775,103.8500967212457,2026-10-01
241352,2026-09,YISHUN,4 ROOM,336A,YISHUN ST 31,04 TO 06,92.0,Model A,2015,88 years 02 months,555000.0,336A YISHUN ST 31,761336,1.431283334578584,103.8446424946484,2026-10-01
241324,2026-09,YISHUN,4 ROOM,275,YISHUN ST 22,07 TO 09,84.0,Simplified,1986,58 years 04 months,450000.0,275 YISHUN ST 22,760275,1.43775877119442,103.8386905165616,2026-10-01
241304,2026-09,YISHUN,4 ROOM,217,YISHUN ST 21,04 TO 06,93.0,New Generation,1985,58 years,510000.0,217 YISHUN ST 21,760217,1.432623935322435,103.8363170718319,2026-10-01
241303,2026-09,YISHUN,4 ROOM,217,YISHUN ST 21,10 TO 12,98.0,New Generation,1985,58 years,540000.0,217 YISHUN ST 21,760217,1.432623935322435,103.8363170718319,2026-10-01
241302,2026-09,YISHUN,4 ROOM,234,YISHUN ST 21,07 TO 09,93.0,New Generation,1985,58 years 02 months,470000.0,234 YISHUN ST 21,760234,1.434353515092311,103.8379195382028,2026-10-01
241281,2026-09,YISHUN,4 ROOM,132,YISHUN ST 11,01 TO 03,105.0,Model A,1985,57 years 05 months,500000.0,132 YISHUN ST 11,760132,1.432778464150776,103.8312239541356,2026-10-01
241258,2026-09,YISHUN,4 ROOM,242,YISHUN RING RD,01 TO 03,93.0,New Generation,1986,58 years 04 months,510000.0,242 YISHUN RING RD,760242,1.432707915121769,103.8400524162352,2026-10-01
241257,2026-09,YISHUN,4 ROOM,402,YISHUN RING RD,07 TO 09,108.0,Model A,1989,61 years 06 months,528000.0,402 YISHUN RING RD,760402,1.426549686676143,103.8472651347623,2026-10-01
241256,2026-09,YISHUN,4 ROOM,253,YISHUN RING RD,04 TO 06,104.0,Model A,1985,57 years 07 months,488000.0,253 YISHUN RING RD,760253,1.435074738890272,103.8407950484432,2026-10-01
241255,2026-09,YISHUN,4 ROOM,676C,YISHUN RING RD,01 TO 03,93.0,Model A,2018,91 years 01 month,620000.0,676C YISHUN RING RD,763676,1.421485247659965,103.8424761635929,2026-10-01
241254,2026-09,YISHUN,4 ROOM,108,YISHUN RING RD,04 TO 06,97.0,New Generation,1985,57 years 05 months,462000.0,108 YISHUN RING RD,760108,1.432323550809123,103.8290719711769,2026-10-01
241253,2026-09,YISHUN,4 ROOM,794,YISHUN RING RD,04 TO 06,84.0,Simplified,1987,59 years 05 months,500000.0,794 YISHUN RING RD,760794,1.419965522083798,103.8322043932619,2026-10-01
241587,2026-09,YISHUN,5 ROOM,426D,YISHUN AVE 11,10 TO 12,112.0,Improved,2015,87 years 07 months,690000.0,426D YISHUN AVE 11,764426,1.423122015621297,103.8474982207595,2026-10-01
241612,2026-09,YISHUN,5 ROOM,658,YISHUN AVE 4,07 TO 09,130.0,Improved,1987,60 years,700000.0,658 YISHUN AVE 4,760658,1.421896322035138,103.8394874067747,2026-10-01
241251,2026-09,YISHUN,4 ROOM,354,YISHUN RING RD,04 TO 06,105.0,Model A,1989,61 years 06 months,570000.0,354 YISHUN RING RD,760354,1.425785972730308,103.8452281011016,2026-10-01
241613,2026-09,YISHUN,5 ROOM,733,YISHUN AVE 5,01 TO 03,121.0,Improved,1984,57 years 01 month,630000.0,733 YISHUN AVE 5,760733,1.429654210820472,103.8308899344904,2026-10-01
241819,2026-09,YISHUN,EXECUTIVE,828,YISHUN ST 81,10 TO 12,146.0,Maisonette,1988,60 years 05 months,1010000.0,828 YISHUN ST 81,760828,1.415190929705149,103.8329016926813,2026-10-01
241818,2026-09,YISHUN,EXECUTIVE,828,YISHUN ST 81,04 TO 06,142.0,Apartment,1988,60 years 05 months,980000.0,828 YISHUN ST 81,760828,1.415190929705149,103.8329016926813,2026-10-01
241809,2026-09,YISHUN,EXECUTIVE,641,YISHUN ST 61,10 TO 12,164.0,Apartment,1992,64 years 09 months,1185000.0,641 YISHUN ST 61,760641,1.42081685421993,103.8381660089256,2026-10-01
241808,2026-09,YISHUN,EXECUTIVE,611,YISHUN ST 61,01 TO 03,146.0,Maisonette,1987,60 years 03 months,760000.0,611 YISHUN ST 61,760611,1.420200858776335,103.8361528906316,2026-10-01
241807,2026-09,YISHUN,EXECUTIVE,643,YISHUN ST 61,04 TO 06,146.0,Maisonette,1987,60 years 01 month,849000.0,643 YISHUN ST 61,760643,1.42133515867974,103.8374369867232,2026-10-01
241773,2026-09,YISHUN,EXECUTIVE,664A,YISHUN AVE 4,01 TO 03,164.0,Apartment,1992,64 years 10 months,1038000.0,664A YISHUN AVE 4,761664,1.420552661401134,103.8412171562655,2026-10-01
241769,2026-09,YISHUN,EXECUTIVE,791,YISHUN AVE 2,07 TO 09,143.0,Apartment,1987,60 years 01 month,840000.0,791 YISHUN AVE 2,760791,1.420519780461898,103.8335644178445,2026-10-01
241767,2026-09,YISHUN,EXECUTIVE,351,YISHUN AVE 11,04 TO 06,154.0,Maisonette,1988,60 years 11 months,860000.0,351 YISHUN AVE 11,760351,1.426429315985651,103.8440721287192,2026-10-01
241760,2026-09,YISHUN,5 ROOM,757,YISHUN ST 72,07 TO 09,122.0,Improved,1986,59 years 02 months,690000.0,757 YISHUN ST 72,760757,1.426510752938631,103.8342847156011,2026-10-01
241755,2026-09,YISHUN,5 ROOM,722,YISHUN ST 71,04 TO 06,131.0,Improved,1987,60 years 01 month,550000.0,722 YISHUN ST 71,760722,1.425667157975568,103.8290161042839,2026-10-01
241754,2026-09,YISHUN,5 ROOM,713,YISHUN ST 71,01 TO 03,122.0,Improved,1987,59 years 10 months,520000.0,713 YISHUN ST 71,760713,1.427528118774695,103.8274165886604,2026-10-01
241750,2026-09,YISHUN,5 ROOM,647,YISHUN ST 61,01 TO 03,121.0,Improved,1987,59 years 08 months,630000.0,647 YISHUN ST 61,760647,1.422564132620126,103.8372738606076,2026-10-01
241741,2026-09,YISHUN,5 ROOM,513D,YISHUN ST 51,01 TO 03,113.0,Improved,2018,90 years 05 months,670000.0,513D YISHUN ST 51,764513,1.415633560272148,103.8443278165228,2026-10-01
241740,2026-09,YISHUN,5 ROOM,513D,YISHUN ST 51,10 TO 12,120.0,3Gen,2018,90 years 06 months,750000.0,513D YISHUN ST 51,764513,1.415633560272148,103.8443278165228,2026-10-01
241739,2026-09,YISHUN,5 ROOM,502C,YISHUN ST 51,13 TO 15,112.0,Improved,2018,90 years 05 months,822000.0,502C YISHUN ST 51,763502,1.417323097014415,103.8415542000419,2026-10-01
241738,2026-09,YISHUN,5 ROOM,504B,YISHUN ST 51,10 TO 12,112.0,Improved,2016,88 years 07 months,800000.0,504B YISHUN ST 51,762504,1.417733180733374,103.8438244136192,2026-10-01
241716,2026-09,YISHUN,5 ROOM,335C,YISHUN ST 31,04 TO 06,112.0,Improved,2015,88 years 03 months,683000.0,335C YISHUN ST 31,763335,1.432487770141122,103.8443673684046,2026-10-01
241708,2026-09,YISHUN,5 ROOM,209,YISHUN ST 21,07 TO 09,121.0,Improved,1985,57 years 10 months,655000.0,209 YISHUN ST 21,760209,1.431385840140991,103.8376994051438,2026-10-01
241691,2026-09,YISHUN,5 ROOM,161,YISHUN ST 11,10 TO 12,121.0,Improved,1985,57 years 09 months,655000.0,161 YISHUN ST 11,760161,1.432786275260102,103.8331329009609,2026-10-01
241690,2026-09,YISHUN,5 ROOM,155,YISHUN ST 11,04 TO 06,125.0,Improved,1985,57 years 07 months,608000.0,155 YISHUN ST 11,760155,1.431886857353056,103.8342559949736,2026-10-01
241678,2026-09,YISHUN,5 ROOM,809,YISHUN RING RD,04 TO 06,122.0,Improved,1987,59 years 08 months,720000.0,809 YISHUN RING RD,760809,1.416627722632403,103.8307409069502,2026-10-01
241677,2026-09,YISHUN,5 ROOM,367,YISHUN RING RD,10 TO 12,121.0,Improved,1988,61 years,680000.0,367 YISHUN RING RD,760367,1.429591952932046,103.8451214463891,2026-10-01
241676,2026-09,YISHUN,5 ROOM,677B,YISHUN RING RD,13 TO 15,113.0,Improved,2018,91 years 02 months,780000.0,677B YISHUN RING RD,762677,1.422099811593983,103.8426660369285,2026-10-01
241675,2026-09,YISHUN,5 ROOM,342C,YISHUN RING RD,07 TO 09,113.0,Premium Apartment,2016,88 years 05 months,750000.0,342C YISHUN RING RD,763342,1.429918917534858,103.8443674698174,2026-10-01
241674,2026-09,YISHUN,5 ROOM,676C,YISHUN RING RD,13 TO 15,113.0,Improved,2018,91 years 02 months,780000.0,676C YISHUN RING RD,763676,1.421485247659965,103.8424761635929,2026-10-01
241673,2026-09,YISHUN,5 ROOM,342A,YISHUN RING RD,07 TO 09,117.0,Premium Apartment,2016,88 years 05 months,803000.0,342A YISHUN RING RD,761342,1.430597111148553,103.8444648234201,2026-10-01
241672,2026-09,YISHUN,5 ROOM,677B,YISHUN RING RD,10 TO 12,113.0,Improved,2018,91 years 02 months,808888.0,677B YISHUN RING RD,762677,1.422099811593983,103.8426660369285,2026-10-01
241671,2026-09,YISHUN,5 ROOM,805,YISHUN RING RD,13 TO 15,122.0,Improved,1987,59 years 09 months,730000.0,805 YISHUN RING RD,760805,1.417427226918752,103.8315888697003,2026-10-01
241637,2026-09,YISHUN,5 ROOM,932,YISHUN CTRL 1,07 TO 09,123.0,Improved,1993,65 years 06 months,870000.0,932 YISHUN CTRL 1,760932,1.426362176325886,103.8371504182191,2026-10-01
241252,2026-09,YISHUN,4 ROOM,113,YISHUN RING RD,07 TO 09,84.0,Simplified,1986,58 years 06 months,450000.0,113 YISHUN RING RD,760113,1.435135802014621,103.8288732410929,2026-10-01
241250,2026-09,YISHUN,4 ROOM,254,YISHUN RING RD,10 TO 12,84.0,Simplified,1985,58 years,483000.0,254 YISHUN RING RD,760254,1.434618917450702,103.8405838665013,2026-10-01
240462,2026-09,WOODLANDS,EXECUTIVE,788B,WOODLANDS CRES,04 TO 06,143.0,Maisonette,1999,71 years 07 months,853000.0,788B WOODLANDS CRES,732788,1.443712572207415,103.8012276029304,2026-10-01
240699,2026-09,YISHUN,3 ROOM,316A,YISHUN AVE 9,10 TO 12,67.0,Model A,2015,88 years 02 months,535000.0,316A YISHUN AVE 9,761316,1.433355306811961,103.842705084631,2026-10-01
240687,2026-09,YISHUN,3 ROOM,101,YISHUN AVE 5,04 TO 06,68.0,New Generation,1978,50 years 10 months,410000.0,101 YISHUN AVE 5,760101,1.430535753840807,103.8276677220736,2026-10-01
240686,2026-09,YISHUN,3 ROOM,740,YISHUN AVE 5,04 TO 06,67.0,New Generation,1985,57 years 07 months,408000.0,740 YISHUN AVE 5,760740,1.43012361713358,103.8321531643618,2026-10-01
240661,2026-09,YISHUN,3 ROOM,508A,YISHUN AVE 4,10 TO 12,68.0,Model A,2018,90 years 08 months,540000.0,508A YISHUN AVE 4,761508,1.414781932361772,103.8395515993902,2026-10-01
240660,2026-09,YISHUN,3 ROOM,673A,YISHUN AVE 4,01 TO 03,68.0,Model A,2018,91 years 03 months,465000.0,673A YISHUN AVE 4,761673,1.419999161454642,103.8419991027848,2026-10-01
240659,2026-09,YISHUN,3 ROOM,506B,YISHUN AVE 4,07 TO 09,68.0,Model A,2018,90 years 08 months,530000.0,506B YISHUN AVE 4,762506,1.415818689012279,103.8406788292644,2026-10-01
240658,2026-09,YISHUN,3 ROOM,673A,YISHUN AVE 4,04 TO 06,68.0,Model A,2018,91 years 03 months,495000.0,673A YISHUN AVE 4,761673,1.419999161454642,103.8419991027848,2026-10-01
240657,2026-09,YISHUN,3 ROOM,861,YISHUN AVE 4,04 TO 06,74.0,Model A,1989,61 years 06 months,435000.0,861 YISHUN AVE 4,760861,1.417426190731607,103.8395641626057,2026-10-01
240635,2026-09,YISHUN,3 ROOM,459,YISHUN AVE 11,04 TO 06,67.0,Model A,2013,85 years 11 months,473000.0,459 YISHUN AVE 11,760459,1.421035749268419,103.8463335470352,2026-10-01
240634,2026-09,YISHUN,3 ROOM,429A,YISHUN AVE 11,04 TO 06,67.0,Model A,2015,88 years 03 months,459000.0,429A YISHUN AVE 11,761429,1.422097317254529,103.8495603692984,2026-10-01
240607,2026-09,YISHUN,2 ROOM,478A,YISHUN ST 44,04 TO 06,38.0,2-room,2021,93 years 05 months,348000.0,478A YISHUN ST 44,761478,1.429102178498093,103.8511386880564,2026-10-01
240599,2026-09,YISHUN,2 ROOM,452,YISHUN RING RD,04 TO 06,47.0,Model A,2012,85 years,368000.0,452 YISHUN RING RD,760452,1.422082642835372,103.8454157178595,2026-10-01
240594,2026-09,YISHUN,2 ROOM,675B,YISHUN AVE 4,01 TO 03,47.0,2-room,2018,91 years 03 months,358000.0,675B YISHUN AVE 4,762675,1.418995084996116,103.842949381197,2026-10-01
240586,2026-09,YISHUN,2 ROOM,424B,YISHUN AVE 11,10 TO 12,47.0,Model A,2015,88 years 04 months,340000.0,424B YISHUN AVE 11,762424,1.423245545323599,103.8485418762899,2026-10-01
240585,2026-09,YISHUN,2 ROOM,459,YISHUN AVE 11,07 TO 09,48.0,Model A,2013,86 years,360000.0,459 YISHUN AVE 11,760459,1.421035749268419,103.8463335470352,2026-10-01
240584,2026-09,YISHUN,2 ROOM,459,YISHUN AVE 11,01 TO 03,48.0,Model A,2013,86 years,340000.0,459 YISHUN AVE 11,760459,1.421035749268419,103.8463335470352,2026-10-01
240583,2026-09,YISHUN,2 ROOM,424B,YISHUN AVE 11,01 TO 03,47.0,Model A,2015,88 years 04 months,335000.0,424B YISHUN AVE 11,762424,1.423245545323599,103.8485418762899,2026-10-01
240559,2026-09,WOODLANDS,EXECUTIVE,818,WOODLANDS ST 82,04 TO 06,177.0,Apartment,1994,67 years 04 months,1170000.0,818 WOODLANDS ST 82,730818,1.44166198623146,103.7899300055295,2026-10-01
240558,2026-09,WOODLANDS,EXECUTIVE,838,WOODLANDS ST 82,01 TO 03,146.0,Maisonette,1988,61 years,835000.0,838 WOODLANDS ST 82,730838,1.441899984120199,103.7912335525616,2026-10-01
240540,2026-09,WOODLANDS,EXECUTIVE,412,WOODLANDS ST 41,10 TO 12,162.0,Apartment,1995,67 years 11 months,965000.0,412 WOODLANDS ST 41,730412,1.428140108151239,103.7728218905682,2026-10-01
240530,2026-09,WOODLANDS,EXECUTIVE,325,WOODLANDS ST 32,04 TO 06,163.0,Apartment,1995,67 years 04 months,950000.0,325 WOODLANDS ST 32,730325,1.430788911556059,103.7795177221421,2026-10-01
240519,2026-09,WOODLANDS,EXECUTIVE,304,WOODLANDS ST 31,01 TO 03,163.0,Apartment,1993,65 years 05 months,890000.0,304 WOODLANDS ST 31,730304,1.429892559808654,103.7738539275774,2026-10-01
240514,2026-09,WOODLANDS,EXECUTIVE,658,WOODLANDS RING RD,04 TO 06,144.0,Maisonette,1998,70 years 07 months,875000.0,658 WOODLANDS RING RD,730658,1.436641712981462,103.7996015594192,2026-10-01
240513,2026-09,WOODLANDS,EXECUTIVE,635,WOODLANDS RING RD,07 TO 09,142.0,Maisonette,1999,72 years 01 month,880000.0,635 WOODLANDS RING RD,730635,1.436497055578152,103.8023005944093,2026-10-01
240512,2026-09,WOODLANDS,EXECUTIVE,648,WOODLANDS RING RD,01 TO 03,143.0,Maisonette,1998,71 years,830000.0,648 WOODLANDS RING RD,730648,1.438303104130426,103.8014740360668,2026-10-01
240511,2026-09,WOODLANDS,EXECUTIVE,635,WOODLANDS RING RD,07 TO 09,141.0,Apartment,1999,72 years 01 month,900000.0,635 WOODLANDS RING RD,730635,1.436497055578152,103.8023005944093,2026-10-01
240510,2026-09,WOODLANDS,EXECUTIVE,656,WOODLANDS RING RD,04 TO 06,143.0,Maisonette,1998,70 years 07 months,858000.0,656 WOODLANDS RING RD,730656,1.436985963942794,103.7991178641237,2026-10-01
240509,2026-09,WOODLANDS,EXECUTIVE,656,WOODLANDS RING RD,04 TO 06,143.0,Maisonette,1998,70 years 07 months,870000.0,656 WOODLANDS RING RD,730656,1.436985963942794,103.7991178641237,2026-10-01
240483,2026-09,WOODLANDS,EXECUTIVE,683D,WOODLANDS DR 62,01 TO 03,143.0,Premium Apartment,2000,72 years 05 months,800000.0,683D WOODLANDS DR 62,734683,1.440746752908634,103.803139356416,2026-10-01
240463,2026-09,WOODLANDS,EXECUTIVE,788D,WOODLANDS CRES,10 TO 12,143.0,Maisonette,1999,71 years 09 months,850000.0,788D WOODLANDS CRES,734788,1.443915818800032,103.8025543336268,2026-10-01
240688,2026-09,YISHUN,3 ROOM,701,YISHUN AVE 5,10 TO 12,68.0,New Generation,1984,56 years 05 months,397000.0,701 YISHUN AVE 5,760701,1.429954557061192,103.8288352353483,2026-10-01
240777,2026-09,YISHUN,3 ROOM,106,YISHUN RING RD,04 TO 06,82.0,New Generation,1978,50 years 05 months,410000.0,106 YISHUN RING RD,760106,1.431478614323491,103.8274520042116,2026-10-01
241249,2026-09,YISHUN,4 ROOM,239,YISHUN RING RD,04 TO 06,93.0,New Generation,1985,57 years 09 months,510000.0,239 YISHUN RING RD,760239,1.433595146492022,103.8396853736014,2026-10-01
240778,2026-09,YISHUN,3 ROOM,849,YISHUN RING RD,01 TO 03,64.0,Model A,1999,71 years 11 months,470000.0,849 YISHUN RING RD,760849,1.416960498442541,103.8353477871871,2026-10-01
241248,2026-09,YISHUN,4 ROOM,254,YISHUN RING RD,07 TO 09,84.0,Simplified,1985,58 years,455000.0,254 YISHUN RING RD,760254,1.434618917450702,103.8405838665013,2026-10-01
241247,2026-09,YISHUN,4 ROOM,166,YISHUN RING RD,04 TO 06,84.0,Simplified,1987,60 years 04 months,465000.0,166 YISHUN RING RD,760166,1.436283860578378,103.8316065808755,2026-10-01
241246,2026-09,YISHUN,4 ROOM,342A,YISHUN RING RD,13 TO 15,96.0,Premium Apartment,2016,88 years 05 months,685000.0,342A YISHUN RING RD,761342,1.430597111148553,103.8444648234201,2026-10-01
241245,2026-09,YISHUN,4 ROOM,782,YISHUN RING RD,01 TO 03,89.0,Simplified,1988,60 years 08 months,508000.0,782 YISHUN RING RD,760782,1.421966451858243,103.8317593819302,2026-10-01
241117,2026-09,YISHUN,4 ROOM,171,YISHUN AVE 7,01 TO 03,103.0,Model A,1988,61 years,500000.0,171 YISHUN AVE 7,760171,1.436916210229765,103.8321320152639,2026-10-01
241108,2026-09,YISHUN,4 ROOM,462A,YISHUN AVE 6,04 TO 06,93.0,Model A,2019,91 years 11 months,580000.0,462A YISHUN AVE 6,761462,1.427637494326234,103.8501229440053,2026-10-01
241107,2026-09,YISHUN,4 ROOM,403,YISHUN AVE 6,07 TO 09,104.0,Model A,1988,61 years 03 months,535000.0,403 YISHUN AVE 6,760403,1.426937263975983,103.8485531745841,2026-10-01
241106,2026-09,YISHUN,4 ROOM,407,YISHUN AVE 6,07 TO 09,104.0,Model A,1988,60 years 09 months,538000.0,407 YISHUN AVE 6,760407,1.425907133998293,103.8481699031521,2026-10-01
241069,2026-09,YISHUN,4 ROOM,706,YISHUN AVE 5,04 TO 06,93.0,New Generation,1984,56 years 05 months,455000.0,706 YISHUN AVE 5,760706,1.428866920855133,103.8289090019529,2026-10-01
241065,2026-09,YISHUN,4 ROOM,660,YISHUN AVE 4,04 TO 06,84.0,Simplified,1987,59 years 11 months,475000.0,660 YISHUN AVE 4,760660,1.421626880311501,103.8397046223217,2026-10-01
241010,2026-09,YISHUN,4 ROOM,768,YISHUN AVE 3,04 TO 06,84.0,Simplified,1985,58 years,465888.0,768 YISHUN AVE 3,760768,1.424361513348685,103.8339402609825,2026-10-01
240994,2026-09,YISHUN,4 ROOM,347B,YISHUN AVE 11,07 TO 09,92.0,DBSS,2013,85 years 11 months,743000.0,347B YISHUN AVE 11,762347,1.42749509336445,103.8423771404005,2026-10-01
240993,2026-09,YISHUN,4 ROOM,426C,YISHUN AVE 11,04 TO 06,92.0,Model A,2015,87 years 06 months,565000.0,426C YISHUN AVE 11,763426,1.422716491800523,103.8469636572113,2026-10-01
240992,2026-09,YISHUN,4 ROOM,424D,YISHUN AVE 11,04 TO 06,92.0,Model A,2015,88 years 04 months,535000.0,424D YISHUN AVE 11,764424,1.422829663535975,103.8492233890887,2026-10-01
240991,2026-09,YISHUN,4 ROOM,427,YISHUN AVE 11,07 TO 09,104.0,Model A,1988,61 years 01 month,510000.0,427 YISHUN AVE 11,760427,1.422069069198715,103.848091765572,2026-10-01
240990,2026-09,YISHUN,4 ROOM,430B,YISHUN AVE 11,04 TO 06,92.0,Model A,2015,88 years 04 months,500000.0,430B YISHUN AVE 11,762430,1.420987097308351,103.848612654306,2026-10-01
240931,2026-09,YISHUN,3 ROOM,829,YISHUN ST 81,10 TO 12,73.0,Model A,1988,60 years 05 months,470000.0,829 YISHUN ST 81,760829,1.414540772082638,103.8333464422705,2026-10-01
240930,2026-09,YISHUN,3 ROOM,825,YISHUN ST 81,10 TO 12,73.0,Model A,1988,61 years 02 months,458000.0,825 YISHUN ST 81,760825,1.414438586491333,103.8327737334816,2026-10-01
240911,2026-09,YISHUN,3 ROOM,718,YISHUN ST 71,01 TO 03,64.0,Simplified,1987,59 years 07 months,375000.0,718 YISHUN ST 71,760718,1.426818279628496,103.8285127754854,2026-10-01
240900,2026-09,YISHUN,3 ROOM,637A,YISHUN ST 61,01 TO 03,64.0,Simplified,1992,64 years 09 months,385000.0,637A YISHUN ST 61,761637,1.420460297482423,103.8392861626737,2026-10-01
240892,2026-09,YISHUN,3 ROOM,512A,YISHUN ST 51,04 TO 06,68.0,Model A,2017,89 years 11 months,480000.0,512A YISHUN ST 51,761512,1.41427715732809,103.8411206442881,2026-10-01
240874,2026-09,YISHUN,3 ROOM,455,YISHUN ST 41,04 TO 06,67.0,Model A,2013,86 years,460000.0,455 YISHUN ST 41,760455,1.419980451717836,103.8443839809654,2026-10-01
240872,2026-09,YISHUN,3 ROOM,333D,YISHUN ST 31,07 TO 09,67.0,Model A,2015,88 years 03 months,497000.0,333D YISHUN ST 31,764333,1.432065471690213,103.8461128898822,2026-10-01
240854,2026-09,YISHUN,3 ROOM,222,YISHUN ST 21,04 TO 06,67.0,New Generation,1985,58 years,400000.0,222 YISHUN ST 21,760222,1.434028571493042,103.8357170357146,2026-10-01
240818,2026-09,YISHUN,3 ROOM,160,YISHUN ST 11,10 TO 12,67.0,New Generation,1985,58 years 01 month,420000.0,160 YISHUN ST 11,760160,1.432414546004896,103.833344538739,2026-10-01
240782,2026-09,YISHUN,3 ROOM,165,YISHUN RING RD,04 TO 06,64.0,Simplified,1988,60 years 09 months,400000.0,165 YISHUN RING RD,760165,1.435771805132641,103.8317838219663,2026-10-01
240781,2026-09,YISHUN,3 ROOM,853,YISHUN RING RD,01 TO 03,74.0,Model A,1988,60 years 05 months,435000.0,853 YISHUN RING RD,760853,1.416451294532496,103.8367411384717,2026-10-01
240780,2026-09,YISHUN,3 ROOM,256,YISHUN RING RD,01 TO 03,64.0,Simplified,1985,57 years 10 months,393000.0,256 YISHUN RING RD,760256,1.434093420982373,103.839979155802,2026-10-01
240779,2026-09,YISHUN,3 ROOM,107,YISHUN RING RD,01 TO 03,67.0,New Generation,1982,54 years 09 months,382000.0,107 YISHUN RING RD,760107,1.432218081183708,103.8275201974581,2026-10-01
239016,2026-09,TOA PAYOH,5 ROOM,238,LOR 1 TOA PAYOH,19 TO 21,120.0,Improved,1986,58 years 11 months,878000.0,238 LOR 1 TOA PAYOH,310238,1.340210062401504,103.8515746343883,2026-10-01
239014,2026-09,TOA PAYOH,5 ROOM,157,LOR 1 TOA PAYOH,07 TO 09,134.0,Adjoined flat,1971,43 years 11 months,980000.0,157 LOR 1 TOA PAYOH,310157,1.332206263212489,103.8454528617383,2026-10-01
236572,2026-09,SERANGOON,4 ROOM,141,SERANGOON NTH AVE 2,10 TO 12,103.0,Model A,1989,61 years 09 months,618000.0,141 SERANGOON NTH AVE 2,550141,1.368594213042112,103.8745232437641,2026-10-01
237357,2026-09,TAMPINES,4 ROOM,221,TAMPINES ST 24,07 TO 09,104.0,Model A,1984,57 years 02 months,670000.0,221 TAMPINES ST 24,521221,1.355160562331167,103.9523610562333,2026-10-01
237541,2026-09,TAMPINES,4 ROOM,621B,TAMPINES ST 61,07 TO 09,93.0,Model A,2022,94 years 05 months,788888.0,621B TAMPINES ST 61,522621,1.360944654718365,103.9393998564484,2026-10-01
237540,2026-09,TAMPINES,4 ROOM,619A,TAMPINES ST 61,13 TO 15,93.0,Model A,2021,94 years 02 months,800500.0,619A TAMPINES ST 61,521619,1.361885853654712,103.9386871436541,2026-10-01
237538,2026-09,TAMPINES,4 ROOM,606B,TAMPINES ST 61,13 TO 15,92.0,Model A,2020,92 years 06 months,788000.0,606B TAMPINES ST 61,522606,1.362301658172511,103.937401758053,2026-10-01
237441,2026-09,TAMPINES,4 ROOM,462,TAMPINES ST 44,07 TO 09,89.0,Simplified,1987,59 years 10 months,576800.0,462 TAMPINES ST 44,520462,1.35901318117917,103.9551111253087,2026-10-01
237440,2026-09,TAMPINES,4 ROOM,461,TAMPINES ST 44,04 TO 06,84.0,Simplified,1986,58 years 08 months,530000.0,461 TAMPINES ST 44,520461,1.358839548527602,103.9543515860531,2026-10-01
237434,2026-09,TAMPINES,4 ROOM,493D,TAMPINES ST 43,04 TO 06,104.0,Model A,1993,65 years 11 months,618000.0,493D TAMPINES ST 43,523493,1.362380613339507,103.9514921917182,2026-10-01
237433,2026-09,TAMPINES,4 ROOM,437,TAMPINES ST 43,10 TO 12,104.0,Model A,1986,59 years,625000.0,437 TAMPINES ST 43,520437,1.359966245393255,103.9515877585836,2026-10-01
237432,2026-09,TAMPINES,4 ROOM,434,TAMPINES ST 43,10 TO 12,104.0,Model A,1986,59 years,640000.0,434 TAMPINES ST 43,520434,1.359241842344902,103.9516130789691,2026-10-01
237423,2026-09,TAMPINES,4 ROOM,455,TAMPINES ST 42,10 TO 12,84.0,Simplified,1988,60 years 05 months,582888.0,455 TAMPINES ST 42,520455,1.357354020150699,103.9539137570969,2026-10-01
237422,2026-09,TAMPINES,4 ROOM,455,TAMPINES ST 42,07 TO 09,84.0,Simplified,1988,60 years 05 months,583000.0,455 TAMPINES ST 42,520455,1.357354020150699,103.9539137570969,2026-10-01
237394,2026-09,TAMPINES,4 ROOM,366,TAMPINES ST 34,01 TO 03,102.0,Model A,1997,69 years 07 months,570000.0,366 TAMPINES ST 34,520366,1.357617585721207,103.9613789890643,2026-10-01
237393,2026-09,TAMPINES,4 ROOM,371,TAMPINES ST 34,07 TO 09,105.0,Model A,1995,68 years 01 month,650000.0,371 TAMPINES ST 34,520371,1.357090894732106,103.958597718781,2026-10-01
237378,2026-09,TAMPINES,4 ROOM,346,TAMPINES ST 33,01 TO 03,108.0,Model A,1996,68 years 09 months,620000.0,346 TAMPINES ST 33,520346,1.351237915861869,103.9625706140086,2026-10-01
237377,2026-09,TAMPINES,4 ROOM,355,TAMPINES ST 33,07 TO 09,107.0,Model A,1996,68 years 07 months,635000.0,355 TAMPINES ST 33,520355,1.355050591326868,103.9615999571309,2026-10-01
237356,2026-09,TAMPINES,4 ROOM,221,TAMPINES ST 24,10 TO 12,104.0,Model A,1984,57 years 03 months,615000.0,221 TAMPINES ST 24,521221,1.355160562331167,103.9523610562333,2026-10-01
239012,2026-09,TOA PAYOH,5 ROOM,171,LOR 1 TOA PAYOH,01 TO 03,123.0,Improved,1995,67 years 08 months,950000.0,171 LOR 1 TOA PAYOH,310171,1.330685349109361,103.8426590173617,2026-10-01
237343,2026-09,TAMPINES,4 ROOM,272,TAMPINES ST 22,04 TO 06,103.0,Model A,1984,56 years 10 months,570000.0,272 TAMPINES ST 22,520272,1.349159418315558,103.9502814870983,2026-10-01
237342,2026-09,TAMPINES,4 ROOM,292,TAMPINES ST 22,01 TO 03,91.0,New Generation,1985,57 years 07 months,535000.0,292 TAMPINES ST 22,520292,1.350183594208238,103.9557756538077,2026-10-01
237341,2026-09,TAMPINES,4 ROOM,282,TAMPINES ST 22,04 TO 06,115.0,Model A,1984,56 years 06 months,638000.0,282 TAMPINES ST 22,520282,1.347754099092977,103.9524367749929,2026-10-01
237340,2026-09,TAMPINES,4 ROOM,277,TAMPINES ST 22,07 TO 09,106.0,Model A,1985,57 years 06 months,610288.0,277 TAMPINES ST 22,520277,1.34727819641373,103.951193517105,2026-10-01
237339,2026-09,TAMPINES,4 ROOM,282,TAMPINES ST 22,07 TO 09,102.0,Model A,1984,56 years 06 months,605000.0,282 TAMPINES ST 22,520282,1.347754099092977,103.9524367749929,2026-10-01
237338,2026-09,TAMPINES,4 ROOM,285,TAMPINES ST 22,04 TO 06,105.0,Model A,1984,56 years 11 months,620000.0,285 TAMPINES ST 22,520285,1.350010741942631,103.952816059954,2026-10-01
237314,2026-09,TAMPINES,4 ROOM,243,TAMPINES ST 21,01 TO 03,104.0,Model A,1984,56 years 09 months,645000.0,243 TAMPINES ST 21,521243,1.354195274448072,103.9471220941048,2026-10-01
237313,2026-09,TAMPINES,4 ROOM,240,TAMPINES ST 21,10 TO 12,105.0,Model A,1984,56 years 11 months,690000.0,240 TAMPINES ST 21,520240,1.355004069744349,103.9471214203417,2026-10-01
237312,2026-09,TAMPINES,4 ROOM,250,TAMPINES ST 21,04 TO 06,104.0,Model A,1984,57 years 04 months,575000.0,250 TAMPINES ST 21,520250,1.352318622921502,103.9484579873738,2026-10-01
237311,2026-09,TAMPINES,4 ROOM,269,TAMPINES ST 21,01 TO 03,104.0,Model A,1984,56 years 06 months,640000.0,269 TAMPINES ST 21,520269,1.350745436016778,103.9480243926339,2026-10-01
237310,2026-09,TAMPINES,4 ROOM,267,TAMPINES ST 21,07 TO 09,114.0,Model A,1983,55 years 11 months,618000.0,267 TAMPINES ST 21,520267,1.350772788063688,103.9492592316995,2026-10-01
237309,2026-09,TAMPINES,4 ROOM,240,TAMPINES ST 21,04 TO 06,105.0,Model A,1984,57 years,668000.0,240 TAMPINES ST 21,520240,1.355004069744349,103.9471214203417,2026-10-01
237308,2026-09,TAMPINES,4 ROOM,261,TAMPINES ST 21,10 TO 12,105.0,Model A,1984,57 years 01 month,640000.0,261 TAMPINES ST 21,520261,1.354303492743316,103.9509654755736,2026-10-01
237278,2026-09,TAMPINES,4 ROOM,157,TAMPINES ST 12,04 TO 06,93.0,New Generation,1985,57 years 05 months,640000.0,157 TAMPINES ST 12,521157,1.351073290773782,103.9450038568856,2026-10-01
237542,2026-09,TAMPINES,4 ROOM,627A,TAMPINES ST 61,10 TO 12,93.0,Model A,2022,94 years 05 months,800000.0,627A TAMPINES ST 61,521627,1.363241561253232,103.940161575823,2026-10-01
237543,2026-09,TAMPINES,4 ROOM,618B,TAMPINES ST 61,01 TO 03,93.0,Model A,2021,94 years 02 months,720000.0,618B TAMPINES ST 61,522618,1.362323279315013,103.9391417714057,2026-10-01
237544,2026-09,TAMPINES,4 ROOM,620B,TAMPINES ST 61,07 TO 09,93.0,Model A,2021,94 years 02 months,780000.0,620B TAMPINES ST 61,522620,1.361412794652148,103.939404356376,2026-10-01
237545,2026-09,TAMPINES,4 ROOM,620B,TAMPINES ST 61,10 TO 12,93.0,Model A,2021,94 years 02 months,850000.0,620B TAMPINES ST 61,522620,1.361412794652148,103.939404356376,2026-10-01
237749,2026-09,TAMPINES,5 ROOM,156,SIMEI RD,01 TO 03,128.0,Improved,1989,61 years 06 months,738000.0,156 SIMEI RD,520156,1.345150482047184,103.958719815836,2026-10-01
237748,2026-09,TAMPINES,5 ROOM,161,SIMEI RD,01 TO 03,122.0,Improved,1989,61 years 07 months,715000.0,161 SIMEI RD,520161,1.345351157016757,103.9601208962875,2026-10-01
237747,2026-09,TAMPINES,5 ROOM,165,SIMEI RD,10 TO 12,122.0,Improved,1989,61 years 08 months,772000.0,165 SIMEI RD,520165,1.345530161200654,103.9592488041339,2026-10-01
237733,2026-09,TAMPINES,4 ROOM,930,TAMPINES ST 91,10 TO 12,104.0,Model A,1984,57 years 04 months,680000.0,930 TAMPINES ST 91,520930,1.345962920079953,103.9396147750977,2026-10-01
237732,2026-09,TAMPINES,4 ROOM,913,TAMPINES ST 91,01 TO 03,104.0,Model A,1984,56 years 09 months,645000.0,913 TAMPINES ST 91,520913,1.348869280752479,103.9389852225732,2026-10-01
237712,2026-09,TAMPINES,4 ROOM,870A,TAMPINES ST 86,07 TO 09,94.0,Model A,2017,89 years 05 months,716000.0,870A TAMPINES ST 86,521870,1.356087002058969,103.9317522484002,2026-10-01
237696,2026-09,TAMPINES,4 ROOM,874D,TAMPINES ST 85,13 TO 15,93.0,Model A,2021,94 years 02 months,790000.0,874D TAMPINES ST 85,524874,1.35462980931459,103.9312726383234,2026-10-01
237695,2026-09,TAMPINES,4 ROOM,874D,TAMPINES ST 85,04 TO 06,93.0,Model A,2021,94 years 02 months,727000.0,874D TAMPINES ST 85,524874,1.35462980931459,103.9312726383234,2026-10-01
237658,2026-09,TAMPINES,4 ROOM,865,TAMPINES ST 83,04 TO 06,103.0,Model A,1989,61 years 08 months,635000.0,865 TAMPINES ST 83,520865,1.353892425210447,103.9342514627329,2026-10-01
237657,2026-09,TAMPINES,4 ROOM,866,TAMPINES ST 83,04 TO 06,104.0,Model A,1989,61 years 09 months,658000.0,866 TAMPINES ST 83,520866,1.354250612177961,103.9344768746431,2026-10-01
237627,2026-09,TAMPINES,4 ROOM,842G,TAMPINES ST 82,10 TO 12,108.0,Model A,1995,67 years 11 months,685000.0,842G TAMPINES ST 82,527842,1.3520767474161,103.9371117158614,2026-10-01
237610,2026-09,TAMPINES,4 ROOM,889A,TAMPINES ST 81,01 TO 03,104.0,Model A,1989,61 years 06 months,618000.0,889A TAMPINES ST 81,521889,1.34941515758327,103.9314059997049,2026-10-01
237602,2026-09,TAMPINES,4 ROOM,718,TAMPINES ST 72,04 TO 06,99.0,Model A,1997,69 years 08 months,656000.0,718 TAMPINES ST 72,520718,1.35908701781337,103.9355444024763,2026-10-01
237587,2026-09,TAMPINES,4 ROOM,708,TAMPINES ST 71,07 TO 09,100.0,Model A,1997,69 years 10 months,640000.0,708 TAMPINES ST 71,520708,1.357993367896807,103.9368911285751,2026-10-01
237586,2026-09,TAMPINES,4 ROOM,704,TAMPINES ST 71,01 TO 03,99.0,Model A,1997,69 years 11 months,630000.0,704 TAMPINES ST 71,520704,1.356557204408921,103.9371600213797,2026-10-01
237559,2026-09,TAMPINES,4 ROOM,620A,TAMPINES ST 61,13 TO 15,93.0,Model A,2021,94 years 01 month,820000.0,620A TAMPINES ST 61,521620,1.361409893256154,103.9388550088543,2026-10-01
237558,2026-09,TAMPINES,4 ROOM,626A,TAMPINES ST 61,13 TO 15,93.0,Model A,2022,94 years 07 months,835000.0,626A TAMPINES ST 61,521626,1.362697377987262,103.940131457766,2026-10-01
237557,2026-09,TAMPINES,4 ROOM,621B,TAMPINES ST 61,07 TO 09,93.0,Model A,2022,94 years 04 months,780000.0,621B TAMPINES ST 61,522621,1.360944654718365,103.9393998564484,2026-10-01
237556,2026-09,TAMPINES,4 ROOM,621A,TAMPINES ST 61,10 TO 12,93.0,Model A,2022,94 years 04 months,775000.0,621A TAMPINES ST 61,521621,1.360945334690903,103.9386918243611,2026-10-01
237555,2026-09,TAMPINES,4 ROOM,618B,TAMPINES ST 61,01 TO 03,93.0,Model A,2021,94 years 01 month,740000.0,618B TAMPINES ST 61,522618,1.362323279315013,103.9391417714057,2026-10-01
237554,2026-09,TAMPINES,4 ROOM,620A,TAMPINES ST 61,04 TO 06,93.0,Model A,2021,94 years 01 month,760000.0,620A TAMPINES ST 61,521620,1.361409893256154,103.9388550088543,2026-10-01
237553,2026-09,TAMPINES,4 ROOM,620A,TAMPINES ST 61,16 TO 18,93.0,Model A,2021,94 years 01 month,850888.0,620A TAMPINES ST 61,521620,1.361409893256154,103.9388550088543,2026-10-01
237552,2026-09,TAMPINES,4 ROOM,620B,TAMPINES ST 61,07 TO 09,93.0,Model A,2021,94 years 02 months,810000.0,620B TAMPINES ST 61,522620,1.361412794652148,103.939404356376,2026-10-01
237551,2026-09,TAMPINES,4 ROOM,619A,TAMPINES ST 61,04 TO 06,93.0,Model A,2021,94 years 02 months,758888.0,619A TAMPINES ST 61,521619,1.361885853654712,103.9386871436541,2026-10-01
237550,2026-09,TAMPINES,4 ROOM,627B,TAMPINES ST 61,07 TO 09,93.0,Model A,2022,94 years 05 months,820000.0,627B TAMPINES ST 61,522627,1.363609326915282,103.9399423538667,2026-10-01
237549,2026-09,TAMPINES,4 ROOM,619B,TAMPINES ST 61,07 TO 09,93.0,Model A,2021,94 years 02 months,800000.0,619B TAMPINES ST 61,522619,1.36188469560748,103.9394040171763,2026-10-01
237548,2026-09,TAMPINES,4 ROOM,626A,TAMPINES ST 61,10 TO 12,93.0,Model A,2022,94 years 08 months,815000.0,626A TAMPINES ST 61,521626,1.362697377987262,103.940131457766,2026-10-01
237547,2026-09,TAMPINES,4 ROOM,619A,TAMPINES ST 61,07 TO 09,93.0,Model A,2021,94 years 02 months,800000.0,619A TAMPINES ST 61,521619,1.361885853654712,103.9386871436541,2026-10-01
237546,2026-09,TAMPINES,4 ROOM,619A,TAMPINES ST 61,13 TO 15,93.0,Model A,2021,94 years 02 months,805000.0,619A TAMPINES ST 61,521619,1.361885853654712,103.9386871436541,2026-10-01
237277,2026-09,TAMPINES,4 ROOM,140,TAMPINES ST 12,07 TO 09,91.0,New Generation,1984,57 years 04 months,570000.0,140 TAMPINES ST 12,520140,1.3477319115079,103.94412402405,2026-10-01
237258,2026-09,TAMPINES,4 ROOM,126,TAMPINES ST 11,07 TO 09,104.0,Model A,1985,58 years 01 month,598000.0,126 TAMPINES ST 11,521126,1.345786132887234,103.9503216112906,2026-10-01
237249,2026-09,TAMPINES,4 ROOM,610B,TAMPINES NTH DR 1,04 TO 06,93.0,Model A,2020,93 years 02 months,768000.0,610B TAMPINES NTH DR 1,522610,1.364417816356809,103.9360067194229,2026-10-01
236843,2026-09,TAMPINES,3 ROOM,262,TAMPINES ST 21,07 TO 09,74.0,Model A,1984,57 years 04 months,490000.0,262 TAMPINES ST 21,520262,1.353756649019377,103.9509703989189,2026-10-01
236841,2026-09,TAMPINES,3 ROOM,250,TAMPINES ST 21,04 TO 06,74.0,Model A,1984,57 years 04 months,518000.0,250 TAMPINES ST 21,520250,1.352318622921502,103.9484579873738,2026-10-01
236840,2026-09,TAMPINES,3 ROOM,243,TAMPINES ST 21,10 TO 12,74.0,Model A,1984,56 years 10 months,515000.0,243 TAMPINES ST 21,521243,1.354195274448072,103.9471220941048,2026-10-01
236786,2026-09,TAMPINES,3 ROOM,108,TAMPINES ST 11,01 TO 03,74.0,Model A,1984,56 years 11 months,465000.0,108 TAMPINES ST 11,521108,1.347866464382061,103.9485616162593,2026-10-01
236766,2026-09,TAMPINES,3 ROOM,613A,TAMPINES NTH DR 1,07 TO 09,69.0,Model A,2020,93 years 02 months,596000.0,613A TAMPINES NTH DR 1,521613,1.365793491684212,103.9353228920261,2026-10-01
236765,2026-09,TAMPINES,3 ROOM,613A,TAMPINES NTH DR 1,07 TO 09,69.0,Model A,2020,93 years 02 months,608000.0,613A TAMPINES NTH DR 1,521613,1.365793491684212,103.9353228920261,2026-10-01
236724,2026-09,TAMPINES,3 ROOM,907,TAMPINES AVE 4,04 TO 06,73.0,Model A,1984,57 years 01 month,490000.0,907 TAMPINES AVE 4,520907,1.350612281472764,103.9393974145576,2026-10-01
236723,2026-09,TAMPINES,3 ROOM,807,TAMPINES AVE 4,10 TO 12,73.0,Model A,1984,56 years 08 months,525000.0,807 TAMPINES AVE 4,520807,1.345866244838848,103.9360934432769,2026-10-01
236712,2026-09,TAMPINES,3 ROOM,890C,TAMPINES AVE 1,04 TO 06,69.0,Model A,2015,88 years 01 month,679000.0,890C TAMPINES AVE 1,523890,1.347313578750365,103.9337673682906,2026-10-01
236704,2026-09,TAMPINES,2 ROOM,522A,TAMPINES CTRL 7,01 TO 03,47.0,Model A,2015,88 years,420000.0,522A TAMPINES CTRL 7,521522,1.357769137788415,103.9383919676913,2026-10-01
236696,2026-09,SERANGOON,EXECUTIVE,526,SERANGOON NTH AVE 4,04 TO 06,147.0,Maisonette,1992,65 years 02 months,1140000.0,526 SERANGOON NTH AVE 4,550526,1.371779120194655,103.8727856100115,2026-10-01
236695,2026-09,SERANGOON,EXECUTIVE,542,SERANGOON NTH AVE 4,01 TO 03,149.0,Apartment,1992,65 years 02 months,1105000.0,542 SERANGOON NTH AVE 4,550542,1.37409116805565,103.8718896518131,2026-10-01
236694,2026-09,SERANGOON,EXECUTIVE,535,SERANGOON NTH AVE 4,04 TO 06,149.0,Apartment,1992,65 years 02 months,1088000.0,535 SERANGOON NTH AVE 4,550535,1.373806030935258,103.8739802376354,2026-10-01
236693,2026-09,SERANGOON,EXECUTIVE,506,SERANGOON NTH AVE 4,10 TO 12,145.0,Apartment,1992,65 years 03 months,1160000.0,506 SERANGOON NTH AVE 4,550506,1.372816319019074,103.8763396845978,2026-10-01
236692,2026-09,SERANGOON,EXECUTIVE,542,SERANGOON NTH AVE 4,01 TO 03,149.0,Apartment,1992,65 years 02 months,970000.0,542 SERANGOON NTH AVE 4,550542,1.37409116805565,103.8718896518131,2026-10-01
236691,2026-09,SERANGOON,EXECUTIVE,519,SERANGOON NTH AVE 4,07 TO 09,147.0,Maisonette,1992,65 years 02 months,1081000.0,519 SERANGOON NTH AVE 4,550519,1.371992234318957,103.8745903196839,2026-10-01
236676,2026-09,SERANGOON,EXECUTIVE,123,SERANGOON NTH AVE 1,04 TO 06,150.0,Maisonette,1985,58 years 01 month,940000.0,123 SERANGOON NTH AVE 1,550123,1.366958512980815,103.8725935511918,2026-10-01
236671,2026-09,SERANGOON,EXECUTIVE,424,SERANGOON CTRL,01 TO 03,146.0,Maisonette,1989,61 years 08 months,1160000.0,424 SERANGOON CTRL,550424,1.348147389366723,103.8755908350066,2026-10-01
236668,2026-09,SERANGOON,EXECUTIVE,322,SERANGOON AVE 3,04 TO 06,146.0,Maisonette,1986,58 years 06 months,1205000.0,322 SERANGOON AVE 3,550322,1.351755071376065,103.8686624308749,2026-10-01
236666,2026-09,SERANGOON,EXECUTIVE,321,SERANGOON AVE 2,04 TO 06,146.0,Maisonette,1986,58 years 04 months,1168000.0,321 SERANGOON AVE 2,550321,1.351205268905794,103.8677695276246,2026-10-01
236665,2026-09,SERANGOON,EXECUTIVE,232A,SERANGOON AVE 2,04 TO 06,141.0,Apartment,1998,70 years 10 months,1180000.0,232A SERANGOON AVE 2,551232,1.354254190824613,103.8685429566517,2026-10-01
236657,2026-09,SERANGOON,5 ROOM,541,SERANGOON NTH AVE 4,07 TO 09,122.0,Improved,1992,65 years 02 months,850000.0,541 SERANGOON NTH AVE 4,550541,1.37430115670151,103.8725560249885,2026-10-01
236656,2026-09,SERANGOON,5 ROOM,540,SERANGOON NTH AVE 4,07 TO 09,122.0,Improved,1992,65 years 02 months,830000.0,540 SERANGOON NTH AVE 4,550540,1.374618930857306,103.8725735206377,2026-10-01
236655,2026-09,SERANGOON,5 ROOM,535A,SERANGOON NTH AVE 4,01 TO 03,124.0,Improved,1992,65 years 02 months,725000.0,535A SERANGOON NTH AVE 4,551535,1.373565353854391,103.8745372369423,2026-10-01
236640,2026-09,SERANGOON,5 ROOM,549,SERANGOON NTH AVE 3,10 TO 12,119.0,Improved,1997,70 years 03 months,838000.0,549 SERANGOON NTH AVE 3,550549,1.372676039661404,103.8710931524457,2026-10-01
236635,2026-09,SERANGOON,5 ROOM,139,SERANGOON NTH AVE 2,04 TO 06,122.0,Improved,1989,61 years 08 months,775000.0,139 SERANGOON NTH AVE 2,550139,1.368783729528227,103.8754124291088,2026-10-01
236630,2026-09,SERANGOON,5 ROOM,116,SERANGOON NTH AVE 1,04 TO 06,121.0,Improved,1986,58 years 04 months,730888.0,116 SERANGOON NTH AVE 1,550116,1.368487569944706,103.8715886857437,2026-10-01
236626,2026-09,SERANGOON,5 ROOM,255,SERANGOON CTRL DR,10 TO 12,115.0,Improved,1999,71 years 08 months,1000000.0,255 SERANGOON CTRL DR,550255,1.355062010982574,103.8708718590099,2026-10-01
236621,2026-09,SERANGOON,5 ROOM,205,SERANGOON CTRL,07 TO 09,122.0,Improved,1986,59 years 03 months,978000.0,205 SERANGOON CTRL,550205,1.352784681691952,103.8734467168679,2026-10-01
236598,2026-09,SERANGOON,4 ROOM,528,SERANGOON NTH AVE 4,04 TO 06,110.0,Model A,1992,65 years 02 months,678000.0,528 SERANGOON NTH AVE 4,550528,1.371418523926003,103.8721798434973,2026-10-01
236842,2026-09,TAMPINES,3 ROOM,261,TAMPINES ST 21,04 TO 06,74.0,Model A,1984,57 years 01 month,470000.0,261 TAMPINES ST 21,520261,1.354303492743316,103.9509654755736,2026-10-01
236844,2026-09,TAMPINES,3 ROOM,236,TAMPINES ST 21,10 TO 12,73.0,Model A,1984,57 years 02 months,536000.0,236 TAMPINES ST 21,520236,1.355905168796691,103.9474474867053,2026-10-01
237248,2026-09,TAMPINES,4 ROOM,613A,TAMPINES NTH DR 1,04 TO 06,93.0,Model A,2020,93 years 02 months,755000.0,613A TAMPINES NTH DR 1,521613,1.365793491684212,103.9353228920261,2026-10-01
236845,2026-09,TAMPINES,3 ROOM,243,TAMPINES ST 21,01 TO 03,74.0,Model A,1984,56 years 09 months,480000.0,243 TAMPINES ST 21,521243,1.354195274448072,103.9471220941048,2026-10-01
237247,2026-09,TAMPINES,4 ROOM,613A,TAMPINES NTH DR 1,01 TO 03,93.0,Model A,2020,93 years 02 months,680000.0,613A TAMPINES NTH DR 1,521613,1.365793491684212,103.9353228920261,2026-10-01
237205,2026-09,TAMPINES,4 ROOM,519A,TAMPINES CTRL 8,10 TO 12,83.0,DBSS,2014,86 years 10 months,877800.0,519A TAMPINES CTRL 8,521519,1.357275944613935,103.9403816003535,2026-10-01
237188,2026-09,TAMPINES,4 ROOM,522C,TAMPINES CTRL 7,04 TO 06,93.0,Model A,2015,87 years 11 months,763888.0,522C TAMPINES CTRL 7,523522,1.358004813053166,103.9394161357346,2026-10-01
237171,2026-09,TAMPINES,4 ROOM,501,TAMPINES CTRL 1,04 TO 06,110.0,Model A,1989,62 years 02 months,720000.0,501 TAMPINES CTRL 1,520501,1.355682332825364,103.9444485470013,2026-10-01
237148,2026-09,TAMPINES,4 ROOM,868B,TAMPINES AVE 8,13 TO 15,92.0,Model A,2015,87 years 10 months,758000.0,868B TAMPINES AVE 8,522868,1.355924320831494,103.932912367489,2026-10-01
237147,2026-09,TAMPINES,4 ROOM,869A,TAMPINES AVE 8,13 TO 15,92.0,Model A,2015,87 years 10 months,750800.0,869A TAMPINES AVE 8,521869,1.35501799093942,103.9323174274293,2026-10-01
237101,2026-09,TAMPINES,4 ROOM,859A,TAMPINES AVE 5,07 TO 09,104.0,Model A,1988,60 years 07 months,675000.0,859A TAMPINES AVE 5,521859,1.355063074078523,103.9380571628706,2026-10-01
237093,2026-09,TAMPINES,4 ROOM,806,TAMPINES AVE 4,07 TO 09,105.0,Model A,1984,56 years 07 months,680000.0,806 TAMPINES AVE 4,520806,1.345540335274077,103.9368755223868,2026-10-01
237092,2026-09,TAMPINES,4 ROOM,811,TAMPINES AVE 4,10 TO 12,91.0,New Generation,1985,57 years 08 months,635000.0,811 TAMPINES AVE 4,520811,1.346572757207607,103.9373403034326,2026-10-01
237080,2026-09,TAMPINES,4 ROOM,622B,TAMPINES AVE 12,13 TO 15,93.0,Model A,2022,94 years 04 months,830000.0,622B TAMPINES AVE 12,522622,1.360984429964985,103.9406662046777,2026-10-01
237079,2026-09,TAMPINES,4 ROOM,622A,TAMPINES AVE 12,07 TO 09,93.0,Model A,2022,94 years 04 months,760000.0,622A TAMPINES AVE 12,521622,1.361061853493206,103.9400170221557,2026-10-01
237078,2026-09,TAMPINES,4 ROOM,622B,TAMPINES AVE 12,13 TO 15,93.0,Model A,2022,94 years 04 months,835000.0,622B TAMPINES AVE 12,522622,1.360984429964985,103.9406662046777,2026-10-01
237062,2026-09,TAMPINES,4 ROOM,224,SIMEI ST 4,04 TO 06,106.0,Model A,1989,61 years 11 months,675000.0,224 SIMEI ST 4,520224,1.34287178966991,103.9575618372094,2026-10-01
237052,2026-09,TAMPINES,4 ROOM,135,SIMEI ST 1,04 TO 06,84.0,Simplified,1988,60 years 10 months,560000.0,135 SIMEI ST 1,520135,1.348037331032951,103.957046121852,2026-10-01
237051,2026-09,TAMPINES,4 ROOM,127,SIMEI ST 1,01 TO 03,84.0,Simplified,1987,60 years 03 months,550000.0,127 SIMEI ST 1,520127,1.346584243845838,103.9543164306124,2026-10-01
237050,2026-09,TAMPINES,4 ROOM,150,SIMEI ST 1,10 TO 12,84.0,Simplified,1987,60 years 04 months,610000.0,150 SIMEI ST 1,520150,1.3461967058616,103.9571052664468,2026-10-01
237020,2026-09,TAMPINES,4 ROOM,165,SIMEI RD,07 TO 09,104.0,Model A,1989,61 years 08 months,600000.0,165 SIMEI RD,520165,1.345530161200654,103.9592488041339,2026-10-01
237011,2026-09,TAMPINES,3 ROOM,925,TAMPINES ST 91,13 TO 15,73.0,Model A,1983,56 years 04 months,507000.0,925 TAMPINES ST 91,520925,1.34642313830127,103.9409698582466,2026-10-01
237010,2026-09,TAMPINES,3 ROOM,925,TAMPINES ST 91,01 TO 03,73.0,Model A,1983,56 years 04 months,458000.0,925 TAMPINES ST 91,520925,1.34642313830127,103.9409698582466,2026-10-01
236995,2026-09,TAMPINES,3 ROOM,884,TAMPINES ST 83,10 TO 12,74.0,Model A,1988,60 years 10 months,503888.0,884 TAMPINES ST 83,520884,1.351532770570693,103.9328054665894,2026-10-01
236987,2026-09,TAMPINES,3 ROOM,846,TAMPINES ST 82,04 TO 06,74.0,Model A,1986,58 years 05 months,480000.0,846 TAMPINES ST 82,520846,1.352157369186627,103.9359234976533,2026-10-01
236980,2026-09,TAMPINES,3 ROOM,817,TAMPINES ST 81,04 TO 06,73.0,Model A,1984,57 years 01 month,478000.0,817 TAMPINES ST 81,520817,1.3476396672832,103.9366979661775,2026-10-01
236925,2026-09,TAMPINES,3 ROOM,438,TAMPINES ST 43,07 TO 09,74.0,Model A,1985,58 years 03 months,453000.0,438 TAMPINES ST 43,520438,1.360314073838005,103.9515906179514,2026-10-01
236912,2026-09,TAMPINES,3 ROOM,417,TAMPINES ST 41,01 TO 03,69.0,Improved,1985,58 years 04 months,455000.0,417 TAMPINES ST 41,520417,1.358780925187888,103.9472759129619,2026-10-01
236911,2026-09,TAMPINES,3 ROOM,407,TAMPINES ST 41,01 TO 03,69.0,Improved,1985,58 years 02 months,440000.0,407 TAMPINES ST 41,520407,1.358196018309122,103.9450156952242,2026-10-01
236883,2026-09,TAMPINES,3 ROOM,217,TAMPINES ST 23,04 TO 06,67.0,New Generation,1986,58 years 05 months,450000.0,217 TAMPINES ST 23,520217,1.354168163467772,103.9518617557923,2026-10-01
236868,2026-09,TAMPINES,3 ROOM,285,TAMPINES ST 22,04 TO 06,74.0,Model A,1984,56 years 10 months,455888.0,285 TAMPINES ST 22,520285,1.350010741942631,103.952816059954,2026-10-01
236867,2026-09,TAMPINES,3 ROOM,296,TAMPINES ST 22,04 TO 06,67.0,New Generation,1985,57 years 11 months,450000.0,296 TAMPINES ST 22,520296,1.350987875491454,103.9554820351587,2026-10-01
236846,2026-09,TAMPINES,3 ROOM,246,TAMPINES ST 21,10 TO 12,67.0,New Generation,1984,57 years 01 month,485000.0,246 TAMPINES ST 21,521246,1.353225497744194,103.9472321823378,2026-10-01
237773,2026-09,TAMPINES,5 ROOM,255,SIMEI ST 1,01 TO 03,119.0,Improved,1996,69 years,828800.0,255 SIMEI ST 1,520255,1.342429017228667,103.9517585504676,2026-10-01
237774,2026-09,TAMPINES,5 ROOM,102,SIMEI ST 1,04 TO 06,122.0,Improved,1988,61 years 02 months,728000.0,102 SIMEI ST 1,520102,1.341347249762522,103.9513550749272,2026-10-01
237775,2026-09,TAMPINES,5 ROOM,107,SIMEI ST 1,01 TO 03,122.0,Improved,1988,61 years 02 months,725000.0,107 SIMEI ST 1,520107,1.342161139672706,103.9504899420219,2026-10-01
238710,2026-09,TOA PAYOH,4 ROOM,113A,ALKAFF CRES,01 TO 03,93.0,Model A,2021,94 years 04 months,938000.0,113A ALKAFF CRES,341113,1.335959427687006,103.8731510428391,2026-10-01
238707,2026-09,TOA PAYOH,4 ROOM,114A,ALKAFF CRES,16 TO 18,93.0,Model A,2021,94 years 04 months,1200000.0,114A ALKAFF CRES,341114,1.335621460472767,103.8727086739953,2026-10-01
238706,2026-09,TOA PAYOH,4 ROOM,111B,ALKAFF CRES,16 TO 18,93.0,Model A,2021,94 years 04 months,1100000.0,111B ALKAFF CRES,342111,1.335005345068894,103.8733305547711,2026-10-01
238665,2026-09,TOA PAYOH,3 ROOM,4,UPP ALJUNIED LANE,07 TO 09,57.0,Standard,1968,40 years 09 months,303000.0,4 UPP ALJUNIED LANE,360004,1.333547432103864,103.8790658384062,2026-10-01
238664,2026-09,TOA PAYOH,3 ROOM,7,UPP ALJUNIED LANE,13 TO 15,68.0,Model A,2017,89 years 06 months,690000.0,7 UPP ALJUNIED LANE,360007,1.334714550416528,103.8787083290581,2026-10-01
238657,2026-09,TOA PAYOH,3 ROOM,205,TOA PAYOH NTH,07 TO 09,76.0,Improved,1973,45 years 10 months,518888.0,205 TOA PAYOH NTH,310205,1.342274860303177,103.8480502687802,2026-10-01
238647,2026-09,TOA PAYOH,3 ROOM,27,TOA PAYOH EAST,10 TO 12,67.0,Improved,1971,43 years 06 months,360000.0,27 TOA PAYOH EAST,310027,1.332270007123475,103.8563604260288,2026-10-01
238589,2026-09,TOA PAYOH,3 ROOM,231,LOR 8 TOA PAYOH,01 TO 03,65.0,Improved,1976,49 years 03 months,336000.0,231 LOR 8 TOA PAYOH,310231,1.337360069334223,103.8594923945998,2026-10-01
238588,2026-09,TOA PAYOH,3 ROOM,232,LOR 8 TOA PAYOH,07 TO 09,65.0,Improved,1976,49 years 03 months,351000.0,232 LOR 8 TOA PAYOH,310232,1.337571873187176,103.8588439302601,2026-10-01
238570,2026-09,TOA PAYOH,3 ROOM,13,LOR 7 TOA PAYOH,04 TO 06,66.0,Improved,1970,42 years 11 months,320000.0,13 LOR 7 TOA PAYOH,310013,1.336283328743427,103.8590269873879,2026-10-01
238567,2026-09,TOA PAYOH,3 ROOM,13,LOR 7 TOA PAYOH,10 TO 12,66.0,Improved,1970,42 years 11 months,324000.0,13 LOR 7 TOA PAYOH,310013,1.336283328743427,103.8590269873879,2026-10-01
238566,2026-09,TOA PAYOH,3 ROOM,12,LOR 7 TOA PAYOH,07 TO 09,66.0,Improved,1970,42 years 11 months,380000.0,12 LOR 7 TOA PAYOH,310012,1.336746107245497,103.8576158841764,2026-10-01
238540,2026-09,TOA PAYOH,3 ROOM,47,LOR 6 TOA PAYOH,01 TO 03,58.0,Standard,1969,41 years 05 months,305888.0,47 LOR 6 TOA PAYOH,310047,1.336910297631686,103.8540303527506,2026-10-01
238538,2026-09,TOA PAYOH,3 ROOM,59,LOR 5 TOA PAYOH,04 TO 06,61.0,Standard,1973,45 years 05 months,338000.0,59 LOR 5 TOA PAYOH,310059,1.336750357018817,103.851794384284,2026-10-01
238507,2026-09,TOA PAYOH,3 ROOM,96,LOR 3 TOA PAYOH,13 TO 15,68.0,Improved,1970,42 years 06 months,338800.0,96 LOR 3 TOA PAYOH,310096,1.338624064633579,103.8483797854567,2026-10-01
238506,2026-09,TOA PAYOH,3 ROOM,91,LOR 3 TOA PAYOH,07 TO 09,78.0,Improved,1970,42 years 05 months,355000.0,91 LOR 3 TOA PAYOH,310091,1.338226030741834,103.8485969166543,2026-10-01
238491,2026-09,TOA PAYOH,3 ROOM,128,LOR 1 TOA PAYOH,04 TO 06,67.0,Improved,1970,42 years 04 months,356666.0,128 LOR 1 TOA PAYOH,310128,1.337812953539955,103.8443319288758,2026-10-01
238490,2026-09,TOA PAYOH,3 ROOM,128,LOR 1 TOA PAYOH,04 TO 06,67.0,Improved,1970,42 years 05 months,340000.0,128 LOR 1 TOA PAYOH,310128,1.337812953539955,103.8443319288758,2026-10-01
238489,2026-09,TOA PAYOH,3 ROOM,125,LOR 1 TOA PAYOH,07 TO 09,67.0,Improved,1970,42 years 05 months,395000.0,125 LOR 1 TOA PAYOH,310125,1.338331333952078,103.8457371171314,2026-10-01
238488,2026-09,TOA PAYOH,3 ROOM,115,LOR 1 TOA PAYOH,04 TO 06,65.0,Improved,1967,39 years 10 months,340000.0,115 LOR 1 TOA PAYOH,310115,1.340631406685436,103.8443052219862,2026-10-01
238424,2026-09,TOA PAYOH,3 ROOM,195,KIM KEAT AVE,01 TO 03,66.0,Improved,1973,45 years 10 months,320000.0,195 KIM KEAT AVE,310195,1.330293033908347,103.859165821409,2026-10-01
238423,2026-09,TOA PAYOH,3 ROOM,195,KIM KEAT AVE,10 TO 12,66.0,Improved,1973,45 years 10 months,338000.0,195 KIM KEAT AVE,310195,1.330293033908347,103.859165821409,2026-10-01
238422,2026-09,TOA PAYOH,3 ROOM,195,KIM KEAT AVE,04 TO 06,66.0,Improved,1973,46 years,338000.0,195 KIM KEAT AVE,310195,1.330293033908347,103.859165821409,2026-10-01
238406,2026-09,TOA PAYOH,3 ROOM,104A,BIDADARI PK DR,13 TO 15,68.0,Model A,2021,93 years 09 months,785000.0,104A BIDADARI PK DR,341104,1.335321977889235,103.8709339933374,2026-10-01
238405,2026-09,TOA PAYOH,3 ROOM,107A,BIDADARI PK DR,10 TO 12,68.0,Model A,2021,94 years 03 months,815888.0,107A BIDADARI PK DR,341107,1.334779767862864,103.872399131107,2026-10-01
238404,2026-09,TOA PAYOH,3 ROOM,103A,BIDADARI PK DR,13 TO 15,68.0,Model A,2021,93 years 09 months,830000.0,103A BIDADARI PK DR,341103,1.33560960429896,103.8717275973132,2026-10-01
238403,2026-09,TOA PAYOH,3 ROOM,103A,BIDADARI PK DR,13 TO 15,68.0,Model A,2021,93 years 10 months,833000.0,103A BIDADARI PK DR,341103,1.33560960429896,103.8717275973132,2026-10-01
238402,2026-09,TOA PAYOH,3 ROOM,104A,BIDADARI PK DR,01 TO 03,68.0,Model A,2021,93 years 10 months,768000.0,104A BIDADARI PK DR,341104,1.335321977889235,103.8709339933374,2026-10-01
238401,2026-09,TOA PAYOH,3 ROOM,103A,BIDADARI PK DR,13 TO 15,68.0,Model A,2021,93 years 10 months,787000.0,103A BIDADARI PK DR,341103,1.33560960429896,103.8717275973132,2026-10-01
238400,2026-09,TOA PAYOH,3 ROOM,107A,BIDADARI PK DR,07 TO 09,68.0,Model A,2021,94 years 04 months,800000.0,107A BIDADARI PK DR,341107,1.334779767862864,103.872399131107,2026-10-01
238708,2026-09,TOA PAYOH,4 ROOM,118A,ALKAFF CRES,13 TO 15,93.0,Model A,2020,93 years 04 months,1100000.0,118A ALKAFF CRES,341118,1.336490284467483,103.8737772996532,2026-10-01
238711,2026-09,TOA PAYOH,4 ROOM,113A,ALKAFF CRES,13 TO 15,93.0,Model A,2021,94 years 04 months,1078000.0,113A ALKAFF CRES,341113,1.335959427687006,103.8731510428391,2026-10-01
238375,2026-09,TOA PAYOH,3 ROOM,114A,ALKAFF CRES,04 TO 06,68.0,Model A,2021,94 years 03 months,808888.0,114A ALKAFF CRES,341114,1.335621460472767,103.8727086739953,2026-10-01
238712,2026-09,TOA PAYOH,4 ROOM,112B,ALKAFF CRES,10 TO 12,93.0,Model A,2021,94 years 04 months,1128888.0,112B ALKAFF CRES,342112,1.335862313536717,103.8735040037253,2026-10-01
238995,2026-09,TOA PAYOH,5 ROOM,256,KIM KEAT AVE,07 TO 09,122.0,Improved,1988,61 years 04 months,875000.0,256 KIM KEAT AVE,310256,1.332192067464168,103.8584987136233,2026-10-01
238988,2026-09,TOA PAYOH,5 ROOM,107B,BIDADARI PK DR,16 TO 18,113.0,Improved,2021,94 years 04 months,1490000.0,107B BIDADARI PK DR,342107,1.334371551539836,103.8721172219085,2026-10-01
238966,2026-09,TOA PAYOH,4 ROOM,261,TOA PAYOH EAST,16 TO 18,93.0,Model A,2019,92 years 04 months,1040000.0,261 TOA PAYOH EAST,310261,1.333503862168516,103.8552378462517,2026-10-01
238951,2026-09,TOA PAYOH,4 ROOM,79B,TOA PAYOH CTRL,28 TO 30,91.0,Model A,2009,81 years 07 months,1068000.0,79B TOA PAYOH CTRL,312079,1.334640783019093,103.8479902668812,2026-10-01
238950,2026-09,TOA PAYOH,4 ROOM,79A,TOA PAYOH CTRL,31 TO 33,76.0,Model A,2009,81 years 08 months,905000.0,79A TOA PAYOH CTRL,311079,1.334531295376759,103.8475656958214,2026-10-01
238923,2026-09,TOA PAYOH,4 ROOM,139,POTONG PASIR AVE 3,16 TO 18,104.0,Model A,1984,56 years 11 months,828000.0,139 POTONG PASIR AVE 3,350139,1.333276489261622,103.8661102305858,2026-10-01
238921,2026-09,TOA PAYOH,4 ROOM,145,POTONG PASIR AVE 2,07 TO 09,104.0,Model A,1984,56 years 11 months,820000.0,145 POTONG PASIR AVE 2,350145,1.332373177706392,103.8661651586651,2026-10-01
238908,2026-09,TOA PAYOH,4 ROOM,228,LOR 8 TOA PAYOH,01 TO 03,82.0,Improved,1976,49 years 01 month,410000.0,228 LOR 8 TOA PAYOH,310228,1.339148800252314,103.8587796618375,2026-10-01
238882,2026-09,TOA PAYOH,4 ROOM,145,LOR 2 TOA PAYOH,31 TO 33,86.0,Model A,2006,78 years 04 months,975000.0,145 LOR 2 TOA PAYOH,310145,1.335210354281589,103.8461629407664,2026-10-01
238881,2026-09,TOA PAYOH,4 ROOM,144,LOR 2 TOA PAYOH,25 TO 27,91.0,Model A,2002,75 years 01 month,935000.0,144 LOR 2 TOA PAYOH,310144,1.335350733157092,103.84402714867,2026-10-01
238880,2026-09,TOA PAYOH,4 ROOM,153,LOR 2 TOA PAYOH,10 TO 12,101.0,Model A,1999,71 years 11 months,880000.0,153 LOR 2 TOA PAYOH,310153,1.333570575433606,103.8457237768123,2026-10-01
238879,2026-09,TOA PAYOH,4 ROOM,175,LOR 2 TOA PAYOH,19 TO 21,84.0,Improved,1974,46 years 11 months,560000.0,175 LOR 2 TOA PAYOH,310175,1.33339638797855,103.8470537987667,2026-10-01
238878,2026-09,TOA PAYOH,4 ROOM,152,LOR 2 TOA PAYOH,04 TO 06,91.0,Model A,2006,78 years 05 months,878000.0,152 LOR 2 TOA PAYOH,310152,1.334167085125543,103.845891140252,2026-10-01
238877,2026-09,TOA PAYOH,4 ROOM,141,LOR 2 TOA PAYOH,07 TO 09,86.0,Model A,2001,73 years 05 months,797500.0,141 LOR 2 TOA PAYOH,311141,1.335837619571769,103.8457312041101,2026-10-01
238837,2026-09,TOA PAYOH,4 ROOM,130A,LOR 1 TOA PAYOH,31 TO 33,93.0,Model A,2018,91 years,1150000.0,130A LOR 1 TOA PAYOH,311130,1.33739384161997,103.8431836164784,2026-10-01
238836,2026-09,TOA PAYOH,4 ROOM,239,LOR 1 TOA PAYOH,19 TO 21,103.0,Model A,1986,59 years 01 month,810000.0,239 LOR 1 TOA PAYOH,310239,1.340508941599162,103.8510407121114,2026-10-01
238835,2026-09,TOA PAYOH,4 ROOM,130A,LOR 1 TOA PAYOH,22 TO 24,93.0,Model A,2018,91 years,1140000.0,130A LOR 1 TOA PAYOH,311130,1.33739384161997,103.8431836164784,2026-10-01
238807,2026-09,TOA PAYOH,4 ROOM,9,JOO SENG RD,16 TO 18,93.0,Model A,2017,89 years 06 months,953000.0,9 JOO SENG RD,360009,1.334900178569344,103.8793342628838,2026-10-01
238796,2026-09,TOA PAYOH,4 ROOM,105B,BIDADARI PK DR,16 TO 18,94.0,Model A,2020,92 years 11 months,970000.0,105B BIDADARI PK DR,342105,1.333474038791528,103.8704904052839,2026-10-01
238795,2026-09,TOA PAYOH,4 ROOM,104A,BIDADARI PK DR,13 TO 15,93.0,Model A,2021,93 years 09 months,1238888.0,104A BIDADARI PK DR,341104,1.335321977889235,103.8709339933374,2026-10-01
238794,2026-09,TOA PAYOH,4 ROOM,102B,BIDADARI PK DR,13 TO 15,93.0,Model A,2021,93 years 09 months,1070000.0,102B BIDADARI PK DR,342102,1.33622045424377,103.8718470665178,2026-10-01
238793,2026-09,TOA PAYOH,4 ROOM,107A,BIDADARI PK DR,07 TO 09,93.0,Model A,2021,94 years 03 months,1085000.0,107A BIDADARI PK DR,341107,1.334779767862864,103.872399131107,2026-10-01
238792,2026-09,TOA PAYOH,4 ROOM,104A,BIDADARI PK DR,10 TO 12,93.0,Model A,2021,93 years 10 months,1150000.0,104A BIDADARI PK DR,341104,1.335321977889235,103.8709339933374,2026-10-01
238791,2026-09,TOA PAYOH,4 ROOM,110A,BIDADARI PK DR,16 TO 18,93.0,Model A,2021,94 years 04 months,1238000.0,110A BIDADARI PK DR,341110,1.333484161789856,103.8731471766112,2026-10-01
238790,2026-09,TOA PAYOH,4 ROOM,103B,BIDADARI PK DR,10 TO 12,93.0,Model A,2021,93 years 10 months,1100000.0,103B BIDADARI PK DR,342103,1.335089454203733,103.8713372798048,2026-10-01
238788,2026-09,TOA PAYOH,4 ROOM,104A,BIDADARI PK DR,16 TO 18,93.0,Model A,2021,93 years 10 months,1165000.0,104A BIDADARI PK DR,341104,1.335321977889235,103.8709339933374,2026-10-01
238787,2026-09,TOA PAYOH,4 ROOM,110B,BIDADARI PK DR,01 TO 03,93.0,Model A,2021,94 years 04 months,1050000.0,110B BIDADARI PK DR,342110,1.334068254294078,103.8732659365756,2026-10-01
238714,2026-09,TOA PAYOH,4 ROOM,114A,ALKAFF CRES,04 TO 06,93.0,Model A,2021,94 years 04 months,1068888.0,114A ALKAFF CRES,341114,1.335621460472767,103.8727086739953,2026-10-01
238713,2026-09,TOA PAYOH,4 ROOM,118A,ALKAFF CRES,04 TO 06,93.0,Model A,2020,93 years 04 months,1010000.0,118A ALKAFF CRES,341118,1.336490284467483,103.8737772996532,2026-10-01
238399,2026-09,TOA PAYOH,3 ROOM,104A,BIDADARI PK DR,07 TO 09,68.0,Model A,2021,93 years 10 months,770000.0,104A BIDADARI PK DR,341104,1.335321977889235,103.8709339933374,2026-10-01
238374,2026-09,TOA PAYOH,3 ROOM,114B,ALKAFF CRES,10 TO 12,68.0,Model A,2021,94 years 04 months,785000.0,114B ALKAFF CRES,342114,1.335207164882379,103.8725960500825,2026-10-01
237787,2026-09,TAMPINES,5 ROOM,815,TAMPINES AVE 4,07 TO 09,121.0,Improved,1985,57 years 07 months,730000.0,815 TAMPINES AVE 4,520815,1.347346926514007,103.9374090061575,2026-10-01
238086,2026-09,TAMPINES,5 ROOM,619A,TAMPINES ST 61,07 TO 09,113.0,Improved,2021,94 years 02 months,930000.0,619A TAMPINES ST 61,521619,1.361885853654712,103.9386871436541,2026-10-01
238084,2026-09,TAMPINES,5 ROOM,627B,TAMPINES ST 61,10 TO 12,113.0,Improved,2022,94 years 05 months,948000.0,627B TAMPINES ST 61,522627,1.363609326915282,103.9399423538667,2026-10-01
238083,2026-09,TAMPINES,5 ROOM,606B,TAMPINES ST 61,04 TO 06,112.0,Improved,2020,92 years 06 months,910000.0,606B TAMPINES ST 61,522606,1.362301658172511,103.937401758053,2026-10-01
238045,2026-09,TAMPINES,5 ROOM,491G,TAMPINES ST 45,10 TO 12,122.0,Improved,1993,65 years 11 months,763000.0,491G TAMPINES ST 45,526491,1.363611225244517,103.954333196181,2026-10-01
238044,2026-09,TAMPINES,5 ROOM,498A,TAMPINES ST 45,04 TO 06,125.0,Premium Apartment,1997,69 years 11 months,765000.0,498A TAMPINES ST 45,520498,1.361540566591036,103.9580574198982,2026-10-01
238043,2026-09,TAMPINES,5 ROOM,492D,TAMPINES ST 45,01 TO 03,124.0,Improved,1993,65 years 11 months,745000.0,492D TAMPINES ST 45,523492,1.36387725215991,103.9541226099435,2026-10-01
238016,2026-09,TAMPINES,5 ROOM,458,TAMPINES ST 42,07 TO 09,122.0,Improved,1988,60 years 06 months,780000.0,458 TAMPINES ST 42,520458,1.357980757248361,103.9545500162337,2026-10-01
238015,2026-09,TAMPINES,5 ROOM,450G,TAMPINES ST 42,04 TO 06,122.0,Improved,1996,69 years 03 months,761000.0,450G TAMPINES ST 42,527450,1.358360637925223,103.9528736931096,2026-10-01
238002,2026-09,TAMPINES,5 ROOM,366,TAMPINES ST 34,07 TO 09,121.0,Improved,1997,69 years 07 months,740000.0,366 TAMPINES ST 34,520366,1.357617585721207,103.9613789890643,2026-10-01
237977,2026-09,TAMPINES,5 ROOM,305,TAMPINES ST 32,07 TO 09,125.0,Improved,1993,65 years 11 months,735000.0,305 TAMPINES ST 32,520305,1.352413467271044,103.955871285534,2026-10-01
237964,2026-09,TAMPINES,5 ROOM,230,TAMPINES ST 24,07 TO 09,121.0,Improved,1985,57 years 07 months,765000.0,230 TAMPINES ST 24,524230,1.355932425808211,103.9527466098691,2026-10-01
237956,2026-09,TAMPINES,5 ROOM,288,TAMPINES ST 22,04 TO 06,133.0,Model A,1984,57 years 01 month,660000.0,288 TAMPINES ST 22,520288,1.348852774030529,103.954704571774,2026-10-01
237945,2026-09,TAMPINES,5 ROOM,232,TAMPINES ST 21,10 TO 12,121.0,Improved,1985,57 years 05 months,730000.0,232 TAMPINES ST 21,521232,1.3564101927157,103.9487017367278,2026-10-01
237944,2026-09,TAMPINES,5 ROOM,257,TAMPINES ST 21,04 TO 06,121.0,Improved,1985,57 years 06 months,680000.0,257 TAMPINES ST 21,520257,1.353760540128444,103.9499397089116,2026-10-01
237943,2026-09,TAMPINES,5 ROOM,257,TAMPINES ST 21,07 TO 09,121.0,Improved,1985,57 years 06 months,672000.0,257 TAMPINES ST 21,520257,1.353760540128444,103.9499397089116,2026-10-01
237942,2026-09,TAMPINES,5 ROOM,254,TAMPINES ST 21,04 TO 06,121.0,Improved,1984,57 years 02 months,685000.0,254 TAMPINES ST 21,521254,1.352993299123987,103.9493499775968,2026-10-01
237941,2026-09,TAMPINES,5 ROOM,268,TAMPINES ST 21,01 TO 03,133.0,Model A,1984,57 years 03 months,780000.0,268 TAMPINES ST 21,520268,1.351390288063842,103.9478975352213,2026-10-01
237940,2026-09,TAMPINES,5 ROOM,254,TAMPINES ST 21,04 TO 06,126.0,Improved,1984,57 years 02 months,730000.0,254 TAMPINES ST 21,521254,1.352993299123987,103.9493499775968,2026-10-01
237939,2026-09,TAMPINES,5 ROOM,268,TAMPINES ST 21,04 TO 06,133.0,Model A,1984,57 years 03 months,770000.0,268 TAMPINES ST 21,520268,1.351390288063842,103.9478975352213,2026-10-01
237927,2026-09,TAMPINES,5 ROOM,160,TAMPINES ST 12,10 TO 12,121.0,Improved,1984,56 years 08 months,835000.0,160 TAMPINES ST 12,521160,1.350702366353935,103.9451836188453,2026-10-01
237926,2026-09,TAMPINES,5 ROOM,143,TAMPINES ST 12,01 TO 03,134.0,Model A,1984,56 years 09 months,775000.0,143 TAMPINES ST 12,520143,1.348069528704072,103.9435770881225,2026-10-01
237915,2026-09,TAMPINES,5 ROOM,610C,TAMPINES NTH DR 1,07 TO 09,113.0,Improved,2020,93 years 01 month,880000.0,610C TAMPINES NTH DR 1,523610,1.364417760020228,103.9355583401576,2026-10-01
237914,2026-09,TAMPINES,5 ROOM,609A,TAMPINES NTH DR 1,07 TO 09,113.0,Improved,2020,93 years 02 months,933000.0,609A TAMPINES NTH DR 1,521609,1.363614124990169,103.9353577597333,2026-10-01
237913,2026-09,TAMPINES,5 ROOM,612B,TAMPINES NTH DR 1,13 TO 15,113.0,Improved,2020,93 years 02 months,980000.0,612B TAMPINES NTH DR 1,522612,1.365360435247598,103.9357898151812,2026-10-01
237912,2026-09,TAMPINES,5 ROOM,612A,TAMPINES NTH DR 1,04 TO 06,113.0,Improved,2020,93 years 02 months,820000.0,612A TAMPINES NTH DR 1,521612,1.36528634266008,103.9351960336231,2026-10-01
237910,2026-09,TAMPINES,5 ROOM,608B,TAMPINES NTH DR 1,04 TO 06,113.0,Improved,2020,93 years 02 months,885000.0,608B TAMPINES NTH DR 1,522608,1.36312572875357,103.9359561039705,2026-10-01
237877,2026-09,TAMPINES,5 ROOM,519B,TAMPINES CTRL 8,10 TO 12,108.0,DBSS,2014,86 years 10 months,1075000.0,519B TAMPINES CTRL 8,522519,1.357433653774879,103.9400517165462,2026-10-01
237869,2026-09,TAMPINES,5 ROOM,515C,TAMPINES CTRL 7,16 TO 18,108.0,DBSS,2008,81 years 04 months,1068888.0,515C TAMPINES CTRL 7,523515,1.356967801734301,103.9389865351573,2026-10-01
237845,2026-09,TAMPINES,5 ROOM,485A,TAMPINES AVE 9,07 TO 09,125.0,Improved,1993,66 years 01 month,760000.0,485A TAMPINES AVE 9,520485,1.359893153396633,103.9557565709361,2026-10-01
237799,2026-09,TAMPINES,5 ROOM,393,TAMPINES AVE 7,07 TO 09,128.0,Improved,1994,67 years 03 months,793888.0,393 TAMPINES AVE 7,520393,1.355192486772473,103.9569687782442,2026-10-01
238085,2026-09,TAMPINES,5 ROOM,627B,TAMPINES ST 61,04 TO 06,113.0,Improved,2022,94 years 05 months,888000.0,627B TAMPINES ST 61,522627,1.363609326915282,103.9399423538667,2026-10-01
238087,2026-09,TAMPINES,5 ROOM,618A,TAMPINES ST 61,16 TO 18,113.0,Improved,2021,94 years 02 months,945000.0,618A TAMPINES ST 61,521618,1.362334520004489,103.9387972722741,2026-10-01
238373,2026-09,TOA PAYOH,3 ROOM,114A,ALKAFF CRES,07 TO 09,68.0,Model A,2021,94 years 04 months,805000.0,114A ALKAFF CRES,341114,1.335621460472767,103.8727086739953,2026-10-01
238088,2026-09,TAMPINES,5 ROOM,620A,TAMPINES ST 61,07 TO 09,113.0,Improved,2021,94 years 02 months,880000.0,620A TAMPINES ST 61,521620,1.361409893256154,103.9388550088543,2026-10-01
238353,2026-09,TOA PAYOH,2 ROOM,52,LOR 6 TOA PAYOH,10 TO 12,43.0,Standard,1983,55 years 09 months,320000.0,52 LOR 6 TOA PAYOH,310052,1.338249143328335,103.8524819786213,2026-10-01
238352,2026-09,TOA PAYOH,2 ROOM,51,LOR 6 TOA PAYOH,10 TO 12,50.0,Standard,1983,55 years 10 months,325000.0,51 LOR 6 TOA PAYOH,310051,1.337783376484396,103.8525074558546,2026-10-01
238346,2026-09,TOA PAYOH,2 ROOM,56,LOR 4 TOA PAYOH,04 TO 06,43.0,Standard,1967,39 years 09 months,280000.0,56 LOR 4 TOA PAYOH,310056,1.337029296458708,103.8503827953616,2026-10-01
238345,2026-09,TOA PAYOH,2 ROOM,56,LOR 4 TOA PAYOH,07 TO 09,44.0,Standard,1967,39 years 10 months,260000.0,56 LOR 4 TOA PAYOH,310056,1.337029296458708,103.8503827953616,2026-10-01
238334,2026-09,TAMPINES,MULTI-GENERATION,454,TAMPINES ST 42,10 TO 12,166.0,Multi Generation,1987,59 years 11 months,1388000.0,454 TAMPINES ST 42,520454,1.357298223067599,103.9550063943723,2026-10-01
238323,2026-09,TAMPINES,EXECUTIVE,856C,TAMPINES ST 82,04 TO 06,148.0,Maisonette,1995,68 years 03 months,1130000.0,856C TAMPINES ST 82,523856,1.352505101715657,103.9375875073159,2026-10-01
238315,2026-09,TAMPINES,EXECUTIVE,894,TAMPINES ST 81,01 TO 03,146.0,Maisonette,1989,61 years 04 months,935000.0,894 TAMPINES ST 81,520894,1.348604200572579,103.9319221383735,2026-10-01
238314,2026-09,TAMPINES,EXECUTIVE,895,TAMPINES ST 81,07 TO 09,146.0,Maisonette,1988,61 years 02 months,980000.0,895 TAMPINES ST 81,520895,1.347782639028311,103.931593522645,2026-10-01
238292,2026-09,TAMPINES,EXECUTIVE,495D,TAMPINES ST 43,04 TO 06,146.0,Apartment,1994,66 years 05 months,890000.0,495D TAMPINES ST 43,523495,1.363671849965279,103.9520245653583,2026-10-01
238284,2026-09,TAMPINES,EXECUTIVE,429,TAMPINES ST 41,07 TO 09,148.0,Maisonette,1985,58 years 03 months,890000.0,429 TAMPINES ST 41,520429,1.359085712497508,103.9497671629984,2026-10-01
238270,2026-09,TAMPINES,EXECUTIVE,310,TAMPINES ST 32,07 TO 09,144.0,Apartment,1993,65 years 11 months,1000000.0,310 TAMPINES ST 32,520310,1.353463206936204,103.9571130860142,2026-10-01
238269,2026-09,TAMPINES,EXECUTIVE,331,TAMPINES ST 32,07 TO 09,149.0,Apartment,1996,68 years 04 months,958000.0,331 TAMPINES ST 32,520331,1.353356210648147,103.9597887445447,2026-10-01
238268,2026-09,TAMPINES,EXECUTIVE,332,TAMPINES ST 32,04 TO 06,147.0,Apartment,1996,68 years 05 months,908000.0,332 TAMPINES ST 32,520332,1.353167937620975,103.9606886533925,2026-10-01
238248,2026-09,TAMPINES,EXECUTIVE,230J,TAMPINES ST 21,07 TO 09,149.0,Apartment,1993,65 years 10 months,1010000.0,230J TAMPINES ST 21,523230,1.356195360716804,103.9496630544321,2026-10-01
238247,2026-09,TAMPINES,EXECUTIVE,245,TAMPINES ST 21,10 TO 12,143.0,Apartment,1984,57 years 04 months,1100000.0,245 TAMPINES ST 21,521245,1.35320840937902,103.9464898403628,2026-10-01
238243,2026-09,TAMPINES,EXECUTIVE,156,TAMPINES ST 12,10 TO 12,150.0,Maisonette,1984,57 years 01 month,1150888.0,156 TAMPINES ST 12,521156,1.351621943599655,103.945090000876,2026-10-01
238242,2026-09,TAMPINES,EXECUTIVE,156,TAMPINES ST 12,04 TO 06,150.0,Maisonette,1984,57 years 01 month,1070000.0,156 TAMPINES ST 12,521156,1.351621943599655,103.945090000876,2026-10-01
238235,2026-09,TAMPINES,EXECUTIVE,124,TAMPINES ST 11,04 TO 06,146.0,Maisonette,1986,58 years 06 months,860000.0,124 TAMPINES ST 11,521124,1.345184289110755,103.9497933250937,2026-10-01
238232,2026-09,TAMPINES,EXECUTIVE,893,TAMPINES AVE 8,10 TO 12,143.0,Maisonette,1997,69 years 06 months,1020000.0,893 TAMPINES AVE 8,520893,1.348470875343689,103.9302283037782,2026-10-01
238231,2026-09,TAMPINES,EXECUTIVE,893A,TAMPINES AVE 8,07 TO 09,137.0,Apartment,1997,69 years 05 months,960000.0,893A TAMPINES AVE 8,521893,1.348235050076418,103.93068020188,2026-10-01
238194,2026-09,TAMPINES,EXECUTIVE,128,SIMEI ST 1,01 TO 03,145.0,Maisonette,1987,59 years 10 months,950000.0,128 SIMEI ST 1,520128,1.346900720880857,103.9548557595775,2026-10-01
238173,2026-09,TAMPINES,5 ROOM,874C,TAMPINES ST 85,01 TO 03,113.0,Improved,2021,94 years 02 months,850000.0,874C TAMPINES ST 85,523874,1.354000404258416,103.9309408381578,2026-10-01
238172,2026-09,TAMPINES,5 ROOM,874B,TAMPINES ST 85,04 TO 06,113.0,Improved,2021,94 years 02 months,858800.0,874B TAMPINES ST 85,522874,1.354271124953098,103.930267258528,2026-10-01
238171,2026-09,TAMPINES,5 ROOM,874D,TAMPINES ST 85,01 TO 03,113.0,Improved,2021,94 years 02 months,850000.0,874D TAMPINES ST 85,524874,1.35462980931459,103.9312726383234,2026-10-01
238142,2026-09,TAMPINES,5 ROOM,842H,TAMPINES ST 82,01 TO 03,127.0,Improved,1995,68 years,875000.0,842H TAMPINES ST 82,528842,1.351616678615783,103.937070511177,2026-10-01
238129,2026-09,TAMPINES,5 ROOM,898A,TAMPINES ST 81,07 TO 09,127.0,Improved,1988,61 years 04 months,850000.0,898A TAMPINES ST 81,521898,1.346813182503354,103.9348872840505,2026-10-01
238091,2026-09,TAMPINES,5 ROOM,618B,TAMPINES ST 61,07 TO 09,113.0,Improved,2021,94 years 01 month,945000.0,618B TAMPINES ST 61,522618,1.362323279315013,103.9391417714057,2026-10-01
238090,2026-09,TAMPINES,5 ROOM,627B,TAMPINES ST 61,13 TO 15,116.0,Improved,2022,94 years 05 months,1073000.0,627B TAMPINES ST 61,522627,1.363609326915282,103.9399423538667,2026-10-01
238089,2026-09,TAMPINES,5 ROOM,619B,TAMPINES ST 61,04 TO 06,113.0,Improved,2021,94 years 01 month,895000.0,619B TAMPINES ST 61,522619,1.36188469560748,103.9394040171763,2026-10-01
231463,2026-09,KALLANG/WHAMPOA,4 ROOM,113A,MCNAIR RD,16 TO 18,93.0,Premium Apartment,2017,90 years 04 months,1180000.0,113A MCNAIR RD,322113,1.321425756110266,103.8601946893833,2026-10-01
241821,2026-09,YISHUN,MULTI-GENERATION,666,YISHUN AVE 4,10 TO 12,151.0,Multi Generation,1987,60 years 04 months,1212000.0,666 YISHUN AVE 4,760666,1.418998472132827,103.8405680024973,2026-10-01
226784,2026-09,CENTRAL AREA,5 ROOM,672A,KLANG LANE,01 TO 03,105.0,Improved,2002,74 years 11 months,800000.0,672A KLANG LANE,211672,1.308490523887009,103.852546280742,2026-10-01
226639,2026-09,BUKIT TIMAH,5 ROOM,17,TOH YI DR,04 TO 06,122.0,Improved,1988,60 years 11 months,1300000.0,17 TOH YI DR,590017,1.339769040240663,103.7725561107774,2026-10-01
223436,2026-09,BEDOK,4 ROOM,5,BEDOK STH AVE 2,13 TO 15,82.0,Improved,1976,48 years 04 months,529000.0,5 BEDOK STH AVE 2,460005,1.322191579157258,103.9343992644613,2026-10-01
226608,2026-09,BUKIT TIMAH,3 ROOM,4,QUEEN'S RD,10 TO 12,73.0,Improved,1974,46 years 07 months,480000.0,4 QUEEN'S RD,260004,1.318832252844571,103.8080619676246,2026-10-01
226601,2026-09,BUKIT PANJANG,EXECUTIVE,607,SENJA RD,22 TO 24,132.0,Apartment,2001,74 years 03 months,1000000.0,607 SENJA RD,670607,1.382519651386973,103.7615162800106,2026-10-01
226592,2026-09,BUKIT PANJANG,EXECUTIVE,478,SEGAR RD,04 TO 06,125.0,Premium Apartment,2003,75 years 05 months,695000.0,478 SEGAR RD,670478,1.389531276429497,103.7728749234861,2026-10-01
226569,2026-09,BUKIT PANJANG,EXECUTIVE,543,JELAPANG RD,04 TO 06,142.0,Maisonette,1999,71 years 10 months,1105000.0,543 JELAPANG RD,670543,1.382495210441492,103.7640460249974,2026-10-01
226568,2026-09,BUKIT PANJANG,EXECUTIVE,503,JELAPANG RD,04 TO 06,144.0,Maisonette,1998,70 years 07 months,860000.0,503 JELAPANG RD,670503,1.384184146109812,103.7664346368849,2026-10-01
226567,2026-09,BUKIT PANJANG,EXECUTIVE,544,JELAPANG RD,01 TO 03,140.0,Apartment,1999,71 years 11 months,855000.0,544 JELAPANG RD,670544,1.382058449462549,103.7640154243685,2026-10-01
226537,2026-09,BUKIT PANJANG,5 ROOM,630,SENJA RD,19 TO 21,110.0,Premium Apartment,2004,77 years 01 month,745000.0,630 SENJA RD,670630,1.386685483197502,103.7597589153771,2026-10-01
226536,2026-09,BUKIT PANJANG,5 ROOM,635B,SENJA RD,19 TO 21,112.0,Improved,2015,88 years 02 months,798000.0,635B SENJA RD,672635,1.386602752375775,103.7577104678676,2026-10-01
226535,2026-09,BUKIT PANJANG,5 ROOM,624,SENJA RD,19 TO 21,111.0,Improved,2001,74 years 04 months,650000.0,624 SENJA RD,670624,1.386243402926579,103.7618375809801,2026-10-01
226534,2026-09,BUKIT PANJANG,5 ROOM,635A,SENJA RD,07 TO 09,112.0,Improved,2015,88 years 02 months,785000.0,635A SENJA RD,671635,1.386562258245283,103.7572080724941,2026-10-01
226533,2026-09,BUKIT PANJANG,5 ROOM,606,SENJA RD,16 TO 18,120.0,Improved,1999,71 years 08 months,930000.0,606 SENJA RD,670606,1.381295747016229,103.761571341904,2026-10-01
226498,2026-09,BUKIT PANJANG,5 ROOM,547A,SEGAR RD,04 TO 06,112.0,Improved,2015,87 years 10 months,718000.0,547A SEGAR RD,671547,1.388063817470583,103.7700095363397,2026-10-01
226497,2026-09,BUKIT PANJANG,5 ROOM,469,SEGAR RD,04 TO 06,110.0,Premium Apartment,2002,74 years 10 months,590000.0,469 SEGAR RD,670469,1.387889257439479,103.7732878789201,2026-10-01
226496,2026-09,BUKIT PANJANG,5 ROOM,546B,SEGAR RD,07 TO 09,112.0,Improved,2015,87 years 11 months,708000.0,546B SEGAR RD,672546,1.388794536689836,103.769891778175,2026-10-01
226495,2026-09,BUKIT PANJANG,5 ROOM,473,SEGAR RD,07 TO 09,110.0,Premium Apartment,2003,75 years 05 months,590000.0,473 SEGAR RD,670473,1.388237312942107,103.7721445234732,2026-10-01
226460,2026-09,BUKIT PANJANG,5 ROOM,204,PETIR RD,10 TO 12,122.0,Improved,1988,61 years 01 month,658000.0,204 PETIR RD,670204,1.373175165326062,103.7748106144556,2026-10-01
226459,2026-09,BUKIT PANJANG,5 ROOM,168,PETIR RD,22 TO 24,120.0,Improved,1998,71 years,918000.0,168 PETIR RD,670168,1.377582855926095,103.764402344565,2026-10-01
226449,2026-09,BUKIT PANJANG,5 ROOM,120,PENDING RD,01 TO 03,131.0,Improved,1988,60 years 06 months,620000.0,120 PENDING RD,670120,1.377054601612277,103.7694440692976,2026-10-01
226446,2026-09,BUKIT PANJANG,5 ROOM,175,LOMPANG RD,16 TO 18,121.0,Improved,1997,70 years 04 months,910000.0,175 LOMPANG RD,670175,1.379796040542787,103.7659895372625,2026-10-01
226437,2026-09,BUKIT PANJANG,5 ROOM,515,JELAPANG RD,10 TO 12,123.0,Improved,1998,71 years 02 months,620000.0,515 JELAPANG RD,670515,1.388206157078947,103.7672658367531,2026-10-01
226418,2026-09,BUKIT PANJANG,5 ROOM,173,GANGSA RD,07 TO 09,122.0,Improved,1997,70 years 04 months,865000.0,173 GANGSA RD,670173,1.3799294145581,103.766762151697,2026-10-01
226417,2026-09,BUKIT PANJANG,5 ROOM,173,GANGSA RD,04 TO 06,122.0,Improved,1997,70 years 04 months,828000.0,173 GANGSA RD,670173,1.3799294145581,103.766762151697,2026-10-01
226405,2026-09,BUKIT PANJANG,5 ROOM,442C,FAJAR RD,04 TO 06,113.0,Improved,2016,89 years 04 months,720000.0,442C FAJAR RD,673442,1.381487568542561,103.7709422292705,2026-10-01
226404,2026-09,BUKIT PANJANG,5 ROOM,442,FAJAR RD,07 TO 09,117.0,Improved,1997,70 years 04 months,655000.0,442 FAJAR RD,670442,1.382251153493107,103.7712356661097,2026-10-01
226624,2026-09,BUKIT TIMAH,5 ROOM,5,FARRER RD,13 TO 15,123.0,Standard,1974,46 years 08 months,1045000.0,5 FARRER RD,260005,1.31655990980043,103.8072881021665,2026-10-01
226640,2026-09,BUKIT TIMAH,5 ROOM,14,TOH YI DR,04 TO 06,122.0,Improved,1988,61 years 01 month,980000.0,14 TOH YI DR,590014,1.339087026119225,103.7725693499432,2026-10-01
226384,2026-09,BUKIT PANJANG,5 ROOM,613,BT PANJANG RING RD,01 TO 03,110.0,Improved,2002,74 years 09 months,630000.0,613 BT PANJANG RING RD,670613,1.384366729301849,103.7620462319116,2026-10-01
226645,2026-09,BUKIT TIMAH,EXECUTIVE,2,TOH YI DR,07 TO 09,146.0,Maisonette,1988,61 years,1420000.0,2 TOH YI DR,590002,1.339174804235768,103.7753414190335,2026-10-01
226826,2026-09,CHOA CHU KANG,3 ROOM,801C,KEAT HONG CL,07 TO 09,67.0,Model A,2018,90 years 06 months,500000.0,801C KEAT HONG CL,683801,1.375231641527364,103.7427666251861,2026-10-01
226812,2026-09,CHOA CHU KANG,3 ROOM,535,CHOA CHU KANG ST 51,07 TO 09,69.0,Model A,2011,84 years,481000.0,535 CHOA CHU KANG ST 51,680535,1.391339944516694,103.7439318753509,2026-10-01
223390,2026-09,BEDOK,4 ROOM,134,BEDOK RESERVOIR RD,07 TO 09,84.0,Simplified,1987,59 years 08 months,544888.0,134 BEDOK RESERVOIR RD,470134,1.332878584600201,103.9128384892691,2026-10-01
223391,2026-09,BEDOK,4 ROOM,125,BEDOK RESERVOIR RD,07 TO 09,84.0,Simplified,1987,59 years 10 months,550000.0,125 BEDOK RESERVOIR RD,470125,1.332959934049185,103.9099047625225,2026-10-01
226807,2026-09,CHOA CHU KANG,3 ROOM,490B,CHOA CHU KANG AVE 5,07 TO 09,68.0,Model A,2016,88 years 10 months,495888.0,490B CHOA CHU KANG AVE 5,682490,1.375623119617265,103.7413407157927,2026-10-01
226785,2026-09,CENTRAL AREA,5 ROOM,671B,KLANG LANE,10 TO 12,105.0,Improved,2003,75 years 05 months,775000.0,671B KLANG LANE,212671,1.309232901133204,103.852360705457,2026-10-01
231426,2026-09,KALLANG/WHAMPOA,4 ROOM,78,LOR LIMAU,13 TO 15,93.0,Model A,2018,90 years 10 months,948000.0,78 LOR LIMAU,320078,1.324876177894785,103.8555410444987,2026-10-01
226778,2026-09,CENTRAL AREA,5 ROOM,1C,CANTONMENT RD,19 TO 21,107.0,Type S2,2011,83 years 04 months,1720000.0,1C CANTONMENT RD,85301,1.277449093870789,103.8416666796505,2026-10-01
226777,2026-09,CENTRAL AREA,5 ROOM,1B,CANTONMENT RD,28 TO 30,107.0,Type S2,2011,83 years 05 months,1701000.0,1B CANTONMENT RD,85201,1.277799406760047,103.8414034304642,2026-10-01
226765,2026-09,CENTRAL AREA,4 ROOM,635,VEERASAMY RD,10 TO 12,109.0,Model A,1985,57 years 11 months,820000.0,635 VEERASAMY RD,200635,1.306588501817807,103.855218716278,2026-10-01
223422,2026-09,BEDOK,4 ROOM,764,BEDOK RESERVOIR VIEW,10 TO 12,104.0,Premium Apartment,2000,73 years 04 months,818000.0,764 BEDOK RESERVOIR VIEW,470764,1.335872262964803,103.9354009491084,2026-10-01
226753,2026-09,CENTRAL AREA,4 ROOM,642,ROWELL RD,22 TO 24,103.0,Model A,1984,56 years 04 months,813000.0,642 ROWELL RD,200642,1.307780514370616,103.8564952499438,2026-10-01
226747,2026-09,CENTRAL AREA,4 ROOM,334,KRETA AYER RD,22 TO 24,83.0,Improved,1981,53 years 07 months,830000.0,334 KRETA AYER RD,80334,1.281606412297002,103.8423359259692,2026-10-01
223435,2026-09,BEDOK,4 ROOM,34,BEDOK STH AVE 2,04 TO 06,90.0,Improved,1977,50 years 01 month,500000.0,34 BEDOK STH AVE 2,460034,1.322056529259175,103.9383547266598,2026-10-01
226745,2026-09,CENTRAL AREA,4 ROOM,671B,KLANG LANE,10 TO 12,85.0,Model A,2003,75 years 06 months,680000.0,671B KLANG LANE,212671,1.309232901133204,103.852360705457,2026-10-01
226744,2026-09,CENTRAL AREA,4 ROOM,671B,KLANG LANE,04 TO 06,85.0,Model A,2003,75 years 06 months,708000.0,671B KLANG LANE,212671,1.309232901133204,103.852360705457,2026-10-01
226740,2026-09,CENTRAL AREA,4 ROOM,26,JLN BERSEH,04 TO 06,87.0,Improved,1979,51 years 10 months,628000.0,26 JLN BERSEH,200026,1.306163608956271,103.857776695846,2026-10-01
226738,2026-09,CENTRAL AREA,4 ROOM,1A,CANTONMENT RD,28 TO 30,93.0,Type S1,2011,83 years 04 months,1388000.0,1A CANTONMENT RD,85101,1.277842710482195,103.8409659236906,2026-10-01
226737,2026-09,CENTRAL AREA,4 ROOM,1F,CANTONMENT RD,28 TO 30,95.0,Type S1,2011,83 years 04 months,1400000.0,1F CANTONMENT RD,85601,1.27598699469415,103.8411917620162,2026-10-01
226736,2026-09,CENTRAL AREA,4 ROOM,1G,CANTONMENT RD,16 TO 18,93.0,Type S1,2011,83 years 05 months,1220000.0,1G CANTONMENT RD,85701,1.275532291283024,103.8412746067037,2026-10-01
226691,2026-09,CENTRAL AREA,3 ROOM,536,UPP CROSS ST,16 TO 18,68.0,Improved,1981,53 years 09 months,620000.0,536 UPP CROSS ST,50536,1.284962796812035,103.8456182602808,2026-10-01
226690,2026-09,CENTRAL AREA,3 ROOM,536,UPP CROSS ST,07 TO 09,68.0,Improved,1981,53 years 09 months,565000.0,536 UPP CROSS ST,50536,1.284962796812035,103.8456182602808,2026-10-01
226679,2026-09,CENTRAL AREA,3 ROOM,1,TG PAGAR PLAZA,07 TO 09,59.0,Improved,1977,49 years 06 months,470000.0,1 TG PAGAR PLAZA,82001,1.275688475114961,103.8424334499832,2026-10-01
226647,2026-09,BUKIT TIMAH,EXECUTIVE,2,TOH YI DR,01 TO 03,154.0,Maisonette,1988,61 years,1310000.0,2 TOH YI DR,590002,1.339174804235768,103.7753414190335,2026-10-01
226646,2026-09,BUKIT TIMAH,EXECUTIVE,8,TOH YI DR,01 TO 03,146.0,Maisonette,1989,61 years 09 months,1400000.0,8 TOH YI DR,590008,1.337964911843686,103.7740157467068,2026-10-01
226385,2026-09,BUKIT PANJANG,5 ROOM,611,BT PANJANG RING RD,01 TO 03,110.0,Improved,2002,74 years 08 months,640000.0,611 BT PANJANG RING RD,670611,1.38387209680692,103.7618598315123,2026-10-01
226383,2026-09,BUKIT PANJANG,5 ROOM,427,BT PANJANG RING RD,16 TO 18,129.0,Improved,1989,61 years 06 months,708000.0,427 BT PANJANG RING RD,670427,1.38637062116916,103.7698112493892,2026-10-01
225785,2026-09,BUKIT MERAH,4 ROOM,70B,TELOK BLANGAH HTS,07 TO 09,93.0,Model A,2017,89 years 08 months,950000.0,70B TELOK BLANGAH HTS,102070,1.276749456932897,103.8105415434649,2026-10-01
226131,2026-09,BUKIT PANJANG,4 ROOM,437,FAJAR RD,01 TO 03,101.0,Model A,1997,70 years,510000.0,437 FAJAR RD,670437,1.382509572587663,103.7695480688688,2026-10-01
226106,2026-09,BUKIT PANJANG,4 ROOM,430,BT PANJANG RING RD,01 TO 03,104.0,Model A,1989,61 years 07 months,518000.0,430 BT PANJANG RING RD,670430,1.386640616780351,103.770534452658,2026-10-01
226071,2026-09,BUKIT PANJANG,4 ROOM,275,BANGKIT RD,10 TO 12,84.0,Simplified,1988,60 years 05 months,490000.0,275 BANGKIT RD,670275,1.376835521285442,103.7748258486559,2026-10-01
226047,2026-09,BUKIT PANJANG,3 ROOM,547D,SEGAR RD,01 TO 03,67.0,Model A,2015,87 years 11 months,450000.0,547D SEGAR RD,674547,1.38890112645024,103.7690032304,2026-10-01
226036,2026-09,BUKIT PANJANG,3 ROOM,219,PETIR RD,04 TO 06,73.0,Model A,1988,60 years 07 months,410000.0,219 PETIR RD,670219,1.37416504802936,103.7727123128011,2026-10-01
226023,2026-09,BUKIT PANJANG,3 ROOM,128,PENDING RD,04 TO 06,73.0,Model A,1988,60 years 10 months,410000.0,128 PENDING RD,670128,1.375995111630576,103.7697661877752,2026-10-01
226006,2026-09,BUKIT PANJANG,3 ROOM,454,FAJAR RD,07 TO 09,68.0,Model A,2015,88 years 04 months,510088.0,454 FAJAR RD,670454,1.384502431199039,103.7715374315624,2026-10-01
225973,2026-09,BUKIT MERAH,5 ROOM,74,TELOK BLANGAH HTS,10 TO 12,117.0,Standard,1978,50 years 04 months,780000.0,74 TELOK BLANGAH HTS,100074,1.275363230647243,103.8087843765171,2026-10-01
225972,2026-09,BUKIT MERAH,5 ROOM,85,TELOK BLANGAH HTS,28 TO 30,110.0,Improved,2003,75 years 07 months,1050000.0,85 TELOK BLANGAH HTS,100085,1.277222538556987,103.8087204431766,2026-10-01
225963,2026-09,BUKIT MERAH,5 ROOM,66,TELOK BLANGAH DR,04 TO 06,118.0,Standard,1978,50 years 11 months,790000.0,66 TELOK BLANGAH DR,100066,1.274132972680212,103.8096326498215,2026-10-01
225959,2026-09,BUKIT MERAH,5 ROOM,8,TELOK BLANGAH CRES,10 TO 12,141.0,Adjoined flat,1975,47 years 08 months,780000.0,8 TELOK BLANGAH CRES,90008,1.277795390689949,103.8193413035239,2026-10-01
225933,2026-09,BUKIT MERAH,5 ROOM,44,LENGKOK BAHRU,01 TO 03,141.0,Model A-Maisonette,1984,56 years 10 months,1395000.0,44 LENGKOK BAHRU,150044,1.286850982215196,103.8117124818033,2026-10-01
225917,2026-09,BUKIT MERAH,5 ROOM,120,KIM TIAN PL,04 TO 06,115.0,Improved,2001,73 years 06 months,985000.0,120 KIM TIAN PL,160120,1.282955039804139,103.8279833195386,2026-10-01
225904,2026-09,BUKIT MERAH,5 ROOM,22,JLN MEMBINA,04 TO 06,110.0,Improved,2003,75 years 11 months,1350000.0,22 JLN MEMBINA,166022,1.284887946829503,103.8264445669551,2026-10-01
225883,2026-09,BUKIT MERAH,5 ROOM,50,HOY FATT RD,07 TO 09,122.0,Improved,1987,59 years 04 months,885000.0,50 HOY FATT RD,150050,1.287877158361211,103.8114409226618,2026-10-01
225874,2026-09,BUKIT MERAH,5 ROOM,5,EVERTON PK,10 TO 12,127.0,Improved,1980,53 years 03 months,935000.0,5 EVERTON PK,80005,1.27668433818668,103.8394591087532,2026-10-01
223502,2026-09,BEDOK,4 ROOM,153A,BEDOK STH RD,07 TO 09,93.0,Model A,2022,94 years 07 months,1180000.0,153A BEDOK STH RD,461153,1.319367766761237,103.9469952317953,2026-10-01
225870,2026-09,BUKIT MERAH,5 ROOM,114,DEPOT RD,10 TO 12,117.0,Standard,1976,49 years 03 months,760000.0,114 DEPOT RD,100114,1.281759271177941,103.8068622366419,2026-10-01
223503,2026-09,BEDOK,4 ROOM,154A,BEDOK STH RD,07 TO 09,93.0,Model A,2022,94 years 04 months,948888.0,154A BEDOK STH RD,461154,1.318182887696907,103.9467536797264,2026-10-01
225869,2026-09,BUKIT MERAH,5 ROOM,114,DEPOT RD,10 TO 12,114.0,Standard,1976,49 years 03 months,730000.0,114 DEPOT RD,100114,1.281759271177941,103.8068622366419,2026-10-01
223504,2026-09,BEDOK,4 ROOM,153A,BEDOK STH RD,13 TO 15,93.0,Model A,2022,94 years 07 months,1020000.0,153A BEDOK STH RD,461153,1.319367766761237,103.9469952317953,2026-10-01
225853,2026-09,BUKIT MERAH,5 ROOM,114,BT PURMEI RD,13 TO 15,135.0,Model A,1985,57 years 06 months,1045888.0,114 BT PURMEI RD,90114,1.275071818501646,103.8258871900716,2026-10-01
225850,2026-09,BUKIT MERAH,5 ROOM,117,BT MERAH CTRL,01 TO 03,117.0,Improved,1977,50 years 03 months,660000.0,117 BT MERAH CTRL,150117,1.283652350240064,103.8154110521745,2026-10-01
225849,2026-09,BUKIT MERAH,5 ROOM,117,BT MERAH CTRL,13 TO 15,117.0,Improved,1977,50 years 03 months,670000.0,117 BT MERAH CTRL,150117,1.283652350240064,103.8154110521745,2026-10-01
225829,2026-09,BUKIT MERAH,4 ROOM,92B,TELOK BLANGAH ST 31,16 TO 18,93.0,Model A,2018,91 years 03 months,930000.0,92B TELOK BLANGAH ST 31,102092,1.275879169884666,103.8073298053897,2026-10-01
223508,2026-09,BEDOK,4 ROOM,35,CHAI CHEE AVE,04 TO 06,82.0,Improved,1975,47 years 05 months,460000.0,35 CHAI CHEE AVE,461035,1.324819860080759,103.9262581176788,2026-10-01
226130,2026-09,BUKIT PANJANG,4 ROOM,442,FAJAR RD,07 TO 09,100.0,Model A,1997,70 years 03 months,505000.0,442 FAJAR RD,670442,1.382251153493107,103.7712356661097,2026-10-01
226143,2026-09,BUKIT PANJANG,4 ROOM,104,GANGSA RD,04 TO 06,103.0,Model A,1988,60 years 06 months,520000.0,104 GANGSA RD,670104,1.378803994861523,103.7679687565394,2026-10-01
226382,2026-09,BUKIT PANJANG,5 ROOM,611,BT PANJANG RING RD,16 TO 18,111.0,Improved,2002,74 years 09 months,682000.0,611 BT PANJANG RING RD,670611,1.38387209680692,103.7618598315123,2026-10-01
226144,2026-09,BUKIT PANJANG,4 ROOM,170,GANGSA RD,16 TO 18,101.0,Model A,1997,70 years 03 months,716800.0,170 GANGSA RD,670170,1.378562755519669,103.7660977856713,2026-10-01
226381,2026-09,BUKIT PANJANG,5 ROOM,545,BT PANJANG RING RD,10 TO 12,120.0,Improved,1999,71 years 11 months,780000.0,545 BT PANJANG RING RD,670545,1.3815964206089,103.7634963365063,2026-10-01
226363,2026-09,BUKIT PANJANG,5 ROOM,255,BANGKIT RD,10 TO 12,122.0,Improved,1988,61 years 01 month,670000.0,255 BANGKIT RD,670255,1.379586635194848,103.7730531803973,2026-10-01
226355,2026-09,BUKIT PANJANG,4 ROOM,633C,SENJA RD,10 TO 12,93.0,Model A,2013,86 years 04 months,650000.0,633C SENJA RD,673633,1.384734731318236,103.7592177477851,2026-10-01
226354,2026-09,BUKIT PANJANG,4 ROOM,625,SENJA RD,19 TO 21,90.0,Premium Apartment,2004,77 years 03 months,566888.0,625 SENJA RD,670625,1.38563406119189,103.7603610508144,2026-10-01
226353,2026-09,BUKIT PANJANG,4 ROOM,622,SENJA RD,01 TO 03,90.0,Model A,2001,74 years 04 months,515000.0,622 SENJA RD,670622,1.385932525278527,103.7614209500748,2026-10-01
226352,2026-09,BUKIT PANJANG,4 ROOM,636B,SENJA RD,13 TO 15,92.0,Model A,2015,88 years 03 months,660000.0,636B SENJA RD,672636,1.387624707599772,103.7583314450942,2026-10-01
226351,2026-09,BUKIT PANJANG,4 ROOM,626,SENJA RD,01 TO 03,95.0,Premium Apartment,2005,77 years 07 months,548000.0,626 SENJA RD,670626,1.385474808347091,103.7598805493207,2026-10-01
226350,2026-09,BUKIT PANJANG,4 ROOM,616,SENJA RD,10 TO 12,91.0,Model A2,2002,74 years 08 months,555000.0,616 SENJA RD,670616,1.384822071654379,103.7611818957327,2026-10-01
226349,2026-09,BUKIT PANJANG,4 ROOM,636C,SENJA RD,19 TO 21,92.0,Model A,2015,88 years 03 months,680000.0,636C SENJA RD,673636,1.387434545932694,103.7591185714142,2026-10-01
226283,2026-09,BUKIT PANJANG,4 ROOM,486,SEGAR RD,10 TO 12,92.0,Model A,2014,87 years 03 months,598000.0,486 SEGAR RD,670486,1.389240608176225,103.7716207712596,2026-10-01
226282,2026-09,BUKIT PANJANG,4 ROOM,547A,SEGAR RD,04 TO 06,92.0,Model A,2015,87 years 10 months,570000.0,547A SEGAR RD,671547,1.388063817470583,103.7700095363397,2026-10-01
226281,2026-09,BUKIT PANJANG,4 ROOM,546A,SEGAR RD,13 TO 15,92.0,Model A,2015,87 years 11 months,620888.0,546A SEGAR RD,671546,1.388526290032226,103.7703529360596,2026-10-01
226280,2026-09,BUKIT PANJANG,4 ROOM,547A,SEGAR RD,01 TO 03,92.0,Model A,2015,87 years 11 months,570000.0,547A SEGAR RD,671547,1.388063817470583,103.7700095363397,2026-10-01
226279,2026-09,BUKIT PANJANG,4 ROOM,547A,SEGAR RD,04 TO 06,92.0,Model A,2015,87 years 11 months,590000.0,547A SEGAR RD,671547,1.388063817470583,103.7700095363397,2026-10-01
226278,2026-09,BUKIT PANJANG,4 ROOM,550A,SEGAR RD,13 TO 15,92.0,Model A,2015,88 years 04 months,620000.0,550A SEGAR RD,671550,1.389112062464436,103.767301515652,2026-10-01
226277,2026-09,BUKIT PANJANG,4 ROOM,455,SEGAR RD,04 TO 06,93.0,Premium Apartment,2012,85 years 03 months,575000.0,455 SEGAR RD,670455,1.387291051224507,103.770822142944,2026-10-01
226276,2026-09,BUKIT PANJANG,4 ROOM,470,SEGAR RD,01 TO 03,90.0,Premium Apartment,2002,74 years 08 months,488000.0,470 SEGAR RD,670470,1.388416407034403,103.7732636011014,2026-10-01
223499,2026-09,BEDOK,4 ROOM,154A,BEDOK STH RD,01 TO 03,93.0,Model A,2022,94 years 05 months,918000.0,154A BEDOK STH RD,461154,1.318182887696907,103.9467536797264,2026-10-01
226199,2026-09,BUKIT PANJANG,4 ROOM,115,PENDING RD,07 TO 09,103.0,Model A,1988,60 years 05 months,558000.0,115 PENDING RD,670115,1.378014377088074,103.7692052021493,2026-10-01
226198,2026-09,BUKIT PANJANG,4 ROOM,223,PENDING RD,04 TO 06,103.0,Model A,1988,60 years 06 months,478888.0,223 PENDING RD,670223,1.375735175103157,103.7736092196429,2026-10-01
226197,2026-09,BUKIT PANJANG,4 ROOM,123,PENDING RD,04 TO 06,103.0,Model A,1988,61 years 02 months,540000.0,123 PENDING RD,670123,1.377566635433817,103.7706605510388,2026-10-01
226185,2026-09,BUKIT PANJANG,4 ROOM,174,LOMPANG RD,07 TO 09,101.0,Model A,1997,70 years,718000.0,174 LOMPANG RD,670174,1.380215441201986,103.7663021736842,2026-10-01
226178,2026-09,BUKIT PANJANG,4 ROOM,185,JELEBU RD,10 TO 12,91.0,Premium Apartment,2003,75 years 09 months,820000.0,185 JELEBU RD,670185,1.37935525582195,103.7622964821551,2026-10-01
226173,2026-09,BUKIT PANJANG,4 ROOM,540,JELAPANG RD,07 TO 09,100.0,Model A,1999,71 years 08 months,618000.0,540 JELAPANG RD,670540,1.38332068673166,103.7636015618728,2026-10-01
226172,2026-09,BUKIT PANJANG,4 ROOM,508,JELAPANG RD,04 TO 06,90.0,Model A2,1998,70 years 08 months,515000.0,508 JELAPANG RD,670508,1.386345393878068,103.7688318272248,2026-10-01
226841,2026-09,CHOA CHU KANG,3 ROOM,3,TECK WHYE AVE,01 TO 03,74.0,Model A,1984,57 years,395000.0,3 TECK WHYE AVE,680003,1.382476567262946,103.7525279765727,2026-10-01
226844,2026-09,CHOA CHU KANG,3 ROOM,166B,TECK WHYE CRES,16 TO 18,68.0,Model A,2015,87 years 06 months,480000.0,166B TECK WHYE CRES,682166,1.383159893082658,103.7534009188024,2026-10-01
223389,2026-09,BEDOK,4 ROOM,622,BEDOK RESERVOIR RD,04 TO 06,91.0,New Generation,1981,53 years 07 months,550888.0,622 BEDOK RESERVOIR RD,470622,1.334060750355098,103.9168987410884,2026-10-01
227566,2026-09,CHOA CHU KANG,EXECUTIVE,437,CHOA CHU KANG AVE 4,10 TO 12,148.0,Apartment,1993,65 years 10 months,883000.0,437 CHOA CHU KANG AVE 4,680437,1.384109800691544,103.7406455405108,2026-10-01
227530,2026-09,CHOA CHU KANG,5 ROOM,817B,KEAT HONG LINK,13 TO 15,112.0,Improved,2017,90 years 01 month,730000.0,817B KEAT HONG LINK,682817,1.37708774602652,103.7487680506631,2026-10-01
227513,2026-09,CHOA CHU KANG,5 ROOM,155,JLN TECK WHYE,16 TO 18,120.0,Improved,1997,70 years 03 months,780000.0,155 JLN TECK WHYE,680155,1.378936936771246,103.7571650703296,2026-10-01
227512,2026-09,CHOA CHU KANG,5 ROOM,162,JLN TECK WHYE,16 TO 18,121.0,Improved,1998,70 years 06 months,746000.0,162 JLN TECK WHYE,680162,1.380865519279317,103.7576837338591,2026-10-01
227511,2026-09,CHOA CHU KANG,5 ROOM,154,JLN TECK WHYE,07 TO 09,121.0,Improved,1997,70 years 04 months,710000.0,154 JLN TECK WHYE,680154,1.379644876321905,103.7577469629057,2026-10-01
227503,2026-09,CHOA CHU KANG,5 ROOM,639,CHOA CHU KANG ST 64,04 TO 06,123.0,Premium Apartment,1998,70 years 05 months,698000.0,639 CHOA CHU KANG ST 64,680639,1.397821953101781,103.7489980324117,2026-10-01
227488,2026-09,CHOA CHU KANG,5 ROOM,771,CHOA CHU KANG ST 54,13 TO 15,121.0,Improved,1996,68 years 11 months,675000.0,771 CHOA CHU KANG ST 54,680771,1.394267657946865,103.7493192746954,2026-10-01
223115,2026-09,BEDOK,3 ROOM,808C,CHAI CHEE RD,07 TO 09,68.0,Model A,2016,89 years 03 months,620000.0,808C CHAI CHEE RD,463808,1.327893029684687,103.9238749410063,2026-10-01
227481,2026-09,CHOA CHU KANG,5 ROOM,552,CHOA CHU KANG ST 52,10 TO 12,124.0,Improved,1994,66 years 08 months,668000.0,552 CHOA CHU KANG ST 52,680552,1.394610617408012,103.7426638042664,2026-10-01
227480,2026-09,CHOA CHU KANG,5 ROOM,547,CHOA CHU KANG ST 52,13 TO 15,121.0,Improved,1994,66 years 08 months,610000.0,547 CHOA CHU KANG ST 52,680547,1.393169867524225,103.7426143647341,2026-10-01
227479,2026-09,CHOA CHU KANG,5 ROOM,563,CHOA CHU KANG ST 52,01 TO 03,130.0,Improved,1995,67 years 10 months,640000.0,563 CHOA CHU KANG ST 52,680563,1.395669184421177,103.7457260643665,2026-10-01
227468,2026-09,CHOA CHU KANG,5 ROOM,509,CHOA CHU KANG ST 51,10 TO 12,136.0,Model A,1995,67 years 05 months,618000.0,509 CHOA CHU KANG ST 51,680509,1.387999957682767,103.7418182242231,2026-10-01
227467,2026-09,CHOA CHU KANG,5 ROOM,503,CHOA CHU KANG ST 51,04 TO 06,127.0,Improved,1995,67 years 06 months,550000.0,503 CHOA CHU KANG ST 51,680503,1.388305174440566,103.7423226780035,2026-10-01
223116,2026-09,BEDOK,3 ROOM,20,CHAI CHEE RD,07 TO 09,65.0,Improved,1972,44 years 11 months,350000.0,20 CHAI CHEE RD,461020,1.326272712432332,103.9228852871537,2026-10-01
227427,2026-09,CHOA CHU KANG,5 ROOM,236,CHOA CHU KANG CTRL,01 TO 03,122.0,Improved,1989,61 years 07 months,570000.0,236 CHOA CHU KANG CTRL,680236,1.37981581239549,103.7482096306936,2026-10-01
227426,2026-09,CHOA CHU KANG,5 ROOM,228,CHOA CHU KANG CTRL,01 TO 03,122.0,Improved,1989,61 years 09 months,620000.0,228 CHOA CHU KANG CTRL,680228,1.380947506919663,103.7464957852072,2026-10-01
227425,2026-09,CHOA CHU KANG,5 ROOM,225,CHOA CHU KANG CTRL,01 TO 03,124.0,Improved,1993,65 years 10 months,622000.0,225 CHOA CHU KANG CTRL,680225,1.381090653487191,103.744889593727,2026-10-01
227412,2026-09,CHOA CHU KANG,5 ROOM,674A,CHOA CHU KANG CRES,04 TO 06,124.0,Premium Apartment,1999,72 years 02 months,612000.0,674A CHOA CHU KANG CRES,681674,1.401638826959733,103.7465353307375,2026-10-01
227411,2026-09,CHOA CHU KANG,5 ROOM,683A,CHOA CHU KANG CRES,01 TO 03,111.0,Improved,2002,74 years 11 months,485000.0,683A CHOA CHU KANG CRES,681683,1.403854803820213,103.7454925054984,2026-10-01
227410,2026-09,CHOA CHU KANG,5 ROOM,664,CHOA CHU KANG CRES,16 TO 18,124.0,Improved,1999,71 years 10 months,680000.0,664 CHOA CHU KANG CRES,680664,1.402296185041561,103.7504384563589,2026-10-01
227409,2026-09,CHOA CHU KANG,5 ROOM,678,CHOA CHU KANG CRES,07 TO 09,125.0,Premium Apartment,1999,72 years 03 months,580000.0,678 CHOA CHU KANG CRES,680678,1.401710701846032,103.7440926523948,2026-10-01
227408,2026-09,CHOA CHU KANG,5 ROOM,686D,CHOA CHU KANG CRES,01 TO 03,110.0,Improved,2002,75 years 02 months,530000.0,686D CHOA CHU KANG CRES,684686,1.404117445693739,103.7483550361877,2026-10-01
227407,2026-09,CHOA CHU KANG,5 ROOM,659,CHOA CHU KANG CRES,04 TO 06,125.0,Premium Apartment,1999,71 years 08 months,600000.0,659 CHOA CHU KANG CRES,680659,1.40124273911529,103.7493941793558,2026-10-01
227406,2026-09,CHOA CHU KANG,5 ROOM,684D,CHOA CHU KANG CRES,01 TO 03,111.0,Improved,2002,75 years 01 month,530000.0,684D CHOA CHU KANG CRES,684684,1.404678203110321,103.746800063318,2026-10-01
223117,2026-09,BEDOK,3 ROOM,19,CHAI CHEE RD,01 TO 03,65.0,Improved,1972,44 years 10 months,362000.0,19 CHAI CHEE RD,461019,1.327233889559323,103.9222174847589,2026-10-01
227371,2026-09,CHOA CHU KANG,5 ROOM,810A,CHOA CHU KANG AVE 7,04 TO 06,113.0,Improved,2017,90 years 02 months,668000.0,810A CHOA CHU KANG AVE 7,681810,1.374546440830783,103.746304172261,2026-10-01
227531,2026-09,CHOA CHU KANG,5 ROOM,817B,KEAT HONG LINK,19 TO 21,112.0,Improved,2017,90 years,755000.0,817B KEAT HONG LINK,682817,1.37708774602652,103.7487680506631,2026-10-01
227575,2026-09,CHOA CHU KANG,EXECUTIVE,690B,CHOA CHU KANG CRES,16 TO 18,125.0,Apartment,2003,75 years 08 months,703000.0,690B CHOA CHU KANG CRES,682690,1.403183777429231,103.7518730558482,2026-10-01
223388,2026-09,BEDOK,4 ROOM,135,BEDOK RESERVOIR RD,01 TO 03,84.0,Simplified,1987,59 years 07 months,500000.0,135 BEDOK RESERVOIR RD,470135,1.333141064189517,103.9125235381012,2026-10-01
227576,2026-09,CHOA CHU KANG,EXECUTIVE,661,CHOA CHU KANG CRES,13 TO 15,141.0,Premium Apartment,1999,71 years 08 months,808888.0,661 CHOA CHU KANG CRES,680661,1.400828160936234,103.7505654992697,2026-10-01
227763,2026-09,CLEMENTI,3 ROOM,706,CLEMENTI WEST ST 2,07 TO 09,68.0,New Generation,1980,52 years 11 months,390000.0,706 CLEMENTI WEST ST 2,120706,1.306760760286522,103.7623631369755,2026-10-01
227748,2026-09,CLEMENTI,3 ROOM,602,CLEMENTI WEST ST 1,07 TO 09,67.0,New Generation,1979,52 years 03 months,395000.0,602 CLEMENTI WEST ST 1,120602,1.305104400087006,103.766311863504,2026-10-01
227727,2026-09,CLEMENTI,3 ROOM,345,CLEMENTI AVE 5,10 TO 12,67.0,New Generation,1979,51 years 07 months,418000.0,345 CLEMENTI AVE 5,120345,1.317702811540499,103.7690767319985,2026-10-01
227710,2026-09,CLEMENTI,3 ROOM,312A,CLEMENTI AVE 4,19 TO 21,69.0,Model A,2017,90 years,742000.0,312A CLEMENTI AVE 4,121312,1.319088944261794,103.7644412202647,2026-10-01
227709,2026-09,CLEMENTI,3 ROOM,304,CLEMENTI AVE 4,04 TO 06,67.0,New Generation,1979,51 years 07 months,405000.0,304 CLEMENTI AVE 4,120304,1.320920572603498,103.7648592124646,2026-10-01
227669,2026-09,CLEMENTI,3 ROOM,440A,CLEMENTI AVE 3,25 TO 27,69.0,Model A,2018,90 years 11 months,890000.0,440A CLEMENTI AVE 3,121440,1.316001325850225,103.7641857834711,2026-10-01
227668,2026-09,CLEMENTI,3 ROOM,434,CLEMENTI AVE 3,04 TO 06,67.0,New Generation,1978,51 years 04 months,455000.0,434 CLEMENTI AVE 3,120434,1.314568897160421,103.7616126031983,2026-10-01
227667,2026-09,CLEMENTI,3 ROOM,440B,CLEMENTI AVE 3,28 TO 30,69.0,Model A,2018,91 years,851000.0,440B CLEMENTI AVE 3,122440,1.316239365382066,103.7635663758005,2026-10-01
223077,2026-09,BEDOK,3 ROOM,18,BEDOK STH RD,01 TO 03,65.0,Improved,1976,48 years 05 months,345000.0,18 BEDOK STH RD,460018,1.320625048712809,103.9347342224278,2026-10-01
223078,2026-09,BEDOK,3 ROOM,71,BEDOK STH RD,01 TO 03,67.0,New Generation,1978,50 years 05 months,375000.0,71 BEDOK STH RD,460071,1.320416017366189,103.942732310081,2026-10-01
223089,2026-09,BEDOK,3 ROOM,32,CHAI CHEE AVE,07 TO 09,65.0,Improved,1974,46 years 05 months,360000.0,32 CHAI CHEE AVE,461032,1.323717283877492,103.9250010845097,2026-10-01
223090,2026-09,BEDOK,3 ROOM,36,CHAI CHEE AVE,10 TO 12,65.0,Improved,1974,46 years 04 months,385000.0,36 CHAI CHEE AVE,461036,1.325341024996281,103.9254353838694,2026-10-01
223783,2026-09,BEDOK,EXECUTIVE,10D,BEDOK STH AVE 2,07 TO 09,141.0,Apartment,1995,68 years 04 months,1168888.0,10D BEDOK STH AVE 2,463010,1.321770859101516,103.9363265704442,2026-10-01
227666,2026-09,CLEMENTI,3 ROOM,449,CLEMENTI AVE 3,01 TO 03,68.0,New Generation,1980,52 years 10 months,445000.0,449 CLEMENTI AVE 3,120449,1.313615678948932,103.764809966953,2026-10-01
227665,2026-09,CLEMENTI,3 ROOM,450,CLEMENTI AVE 3,04 TO 06,82.0,New Generation,1980,52 years 10 months,532000.0,450 CLEMENTI AVE 3,120450,1.313538861280012,103.7654763052033,2026-10-01
227652,2026-09,CLEMENTI,3 ROOM,329,CLEMENTI AVE 2,04 TO 06,67.0,New Generation,1978,50 years 11 months,420000.0,329 CLEMENTI AVE 2,120329,1.313067181492223,103.767339299757,2026-10-01
227651,2026-09,CLEMENTI,3 ROOM,330,CLEMENTI AVE 2,04 TO 06,67.0,New Generation,1978,50 years 11 months,435000.0,330 CLEMENTI AVE 2,120330,1.313744705110618,103.7677818246314,2026-10-01
227650,2026-09,CLEMENTI,3 ROOM,331,CLEMENTI AVE 2,07 TO 09,67.0,New Generation,1978,50 years 11 months,450000.0,331 CLEMENTI AVE 2,120331,1.314137854214827,103.7679422106148,2026-10-01
227603,2026-09,CHOA CHU KANG,EXECUTIVE,603,CHOA CHU KANG ST 62,04 TO 06,147.0,Apartment,1996,68 years 04 months,855000.0,603 CHOA CHU KANG ST 62,680603,1.397878251469289,103.7443633859133,2026-10-01
227597,2026-09,CHOA CHU KANG,EXECUTIVE,531,CHOA CHU KANG ST 51,04 TO 06,148.0,Apartment,1995,67 years 07 months,790000.0,531 CHOA CHU KANG ST 51,680531,1.392891034977172,103.7415343984301,2026-10-01
227596,2026-09,CHOA CHU KANG,EXECUTIVE,531,CHOA CHU KANG ST 51,10 TO 12,143.0,Apartment,1995,67 years 07 months,750000.0,531 CHOA CHU KANG ST 51,680531,1.392891034977172,103.7415343984301,2026-10-01
227593,2026-09,CHOA CHU KANG,EXECUTIVE,631,CHOA CHU KANG NTH 6,10 TO 12,142.0,Premium Apartment,1998,70 years 05 months,890000.0,631 CHOA CHU KANG NTH 6,680631,1.396609611029455,103.7481051746346,2026-10-01
227592,2026-09,CHOA CHU KANG,EXECUTIVE,555,CHOA CHU KANG NTH 6,10 TO 12,146.0,Apartment,1996,68 years 06 months,870000.0,555 CHOA CHU KANG NTH 6,680555,1.396286780459871,103.7436783684766,2026-10-01
227591,2026-09,CHOA CHU KANG,EXECUTIVE,553,CHOA CHU KANG NTH 6,01 TO 03,146.0,Apartment,1996,68 years 06 months,750000.0,553 CHOA CHU KANG NTH 6,680553,1.395871339660804,103.7435191943775,2026-10-01
227585,2026-09,CHOA CHU KANG,EXECUTIVE,759,CHOA CHU KANG NTH 5,10 TO 12,146.0,Maisonette,1995,68 years,858888.0,759 CHOA CHU KANG NTH 5,680759,1.39321859101971,103.74674083544,2026-10-01
227355,2026-09,CHOA CHU KANG,5 ROOM,489B,CHOA CHU KANG AVE 5,13 TO 15,113.0,Improved,2016,88 years 10 months,670000.0,489B CHOA CHU KANG AVE 5,682489,1.375736371149453,103.7395845845496,2026-10-01
227322,2026-09,CHOA CHU KANG,5 ROOM,458,CHOA CHU KANG AVE 4,04 TO 06,123.0,Premium Apartment,2000,72 years 06 months,608000.0,458 CHOA CHU KANG AVE 4,680458,1.378101298750241,103.7360023293092,2026-10-01
227301,2026-09,CHOA CHU KANG,5 ROOM,251,CHOA CHU KANG AVE 2,13 TO 15,125.0,Improved,1994,67 years 04 months,688000.0,251 CHOA CHU KANG AVE 2,680251,1.378292263816405,103.7445742386242,2026-10-01
227300,2026-09,CHOA CHU KANG,5 ROOM,296,CHOA CHU KANG AVE 2,01 TO 03,122.0,Premium Apartment,1999,71 years 11 months,612000.0,296 CHOA CHU KANG AVE 2,680296,1.377383380431046,103.7407814394486,2026-10-01
227101,2026-09,CHOA CHU KANG,4 ROOM,686C,CHOA CHU KANG CRES,16 TO 18,85.0,Model A2,2002,75 years 02 months,525000.0,686C CHOA CHU KANG CRES,683686,1.40468369607815,103.7490020166094,2026-10-01
227100,2026-09,CHOA CHU KANG,4 ROOM,692B,CHOA CHU KANG CRES,07 TO 09,90.0,Model A,2003,75 years 06 months,515000.0,692B CHOA CHU KANG CRES,682692,1.400678159607283,103.7513771692679,2026-10-01
227044,2026-09,CHOA CHU KANG,4 ROOM,812C,CHOA CHU KANG AVE 7,07 TO 09,93.0,Model A,2017,90 years 02 months,618888.0,812C CHOA CHU KANG AVE 7,683812,1.372760983365605,103.7459177838672,2026-10-01
223284,2026-09,BEDOK,4 ROOM,547,BEDOK NTH ST 3,10 TO 12,92.0,New Generation,1980,52 years 09 months,525000.0,547 BEDOK NTH ST 3,460547,1.330331136282065,103.9254320728719,2026-10-01
223309,2026-09,BEDOK,4 ROOM,187B,BEDOK NTH ST 4,16 TO 18,93.0,Model A,2018,91 years 04 months,918000.0,187B BEDOK NTH ST 4,462187,1.330381466074705,103.9400884012029,2026-10-01
227043,2026-09,CHOA CHU KANG,4 ROOM,815B,CHOA CHU KANG AVE 7,16 TO 18,93.0,Model A,2017,89 years 07 months,660000.0,815B CHOA CHU KANG AVE 7,682815,1.376846261139833,103.7473767591154,2026-10-01
227025,2026-09,CHOA CHU KANG,4 ROOM,487B,CHOA CHU KANG AVE 5,10 TO 12,93.0,Model A,2016,88 years 10 months,606888.0,487B CHOA CHU KANG AVE 5,682487,1.37635512444696,103.7383601617308,2026-10-01
227024,2026-09,CHOA CHU KANG,4 ROOM,476C,CHOA CHU KANG AVE 5,04 TO 06,92.0,Model A,2013,85 years 11 months,550000.0,476C CHOA CHU KANG AVE 5,683476,1.377346841567779,103.7379129341645,2026-10-01
227023,2026-09,CHOA CHU KANG,4 ROOM,488D,CHOA CHU KANG AVE 5,01 TO 03,93.0,Model A,2016,88 years 10 months,550000.0,488D CHOA CHU KANG AVE 5,684488,1.376422216106507,103.7405047044482,2026-10-01
223317,2026-09,BEDOK,4 ROOM,747B,BEDOK RESERVOIR CRES,04 TO 06,85.0,DBSS,2014,87 years,851688.0,747B BEDOK RESERVOIR CRES,472747,1.336660094540772,103.9216247337089,2026-10-01
226970,2026-09,CHOA CHU KANG,4 ROOM,435,CHOA CHU KANG AVE 4,01 TO 03,104.0,Model A,1993,65 years 10 months,515000.0,435 CHOA CHU KANG AVE 4,680435,1.385138763681891,103.7410500168872,2026-10-01
226969,2026-09,CHOA CHU KANG,4 ROOM,418,CHOA CHU KANG AVE 4,04 TO 06,106.0,Model A,1993,65 years 09 months,535000.0,418 CHOA CHU KANG AVE 4,680418,1.382373008030212,103.7413522527042,2026-10-01
226968,2026-09,CHOA CHU KANG,4 ROOM,447,CHOA CHU KANG AVE 4,13 TO 15,100.0,Model A,1997,69 years 10 months,550000.0,447 CHOA CHU KANG AVE 4,680447,1.380631539899961,103.7375414209629,2026-10-01
226967,2026-09,CHOA CHU KANG,4 ROOM,446,CHOA CHU KANG AVE 4,13 TO 15,100.0,Model A,1997,69 years 08 months,510000.0,446 CHOA CHU KANG AVE 4,680446,1.38071299593519,103.7368914247199,2026-10-01
226925,2026-09,CHOA CHU KANG,4 ROOM,286,CHOA CHU KANG AVE 3,04 TO 06,104.0,Model A,1993,65 years 09 months,470000.0,286 CHOA CHU KANG AVE 3,680286,1.379610450643458,103.7415307263052,2026-10-01
226924,2026-09,CHOA CHU KANG,4 ROOM,286,CHOA CHU KANG AVE 3,07 TO 09,103.0,Model A,1993,65 years 10 months,470000.0,286 CHOA CHU KANG AVE 3,680286,1.379610450643458,103.7415307263052,2026-10-01
226923,2026-09,CHOA CHU KANG,4 ROOM,289,CHOA CHU KANG AVE 3,10 TO 12,110.0,Model A,1993,65 years 10 months,550000.0,289 CHOA CHU KANG AVE 3,680289,1.37936640828773,103.7407719376982,2026-10-01
226922,2026-09,CHOA CHU KANG,4 ROOM,284,CHOA CHU KANG AVE 3,07 TO 09,104.0,Model A,1990,62 years 11 months,543000.0,284 CHOA CHU KANG AVE 3,680284,1.379713803349144,103.7421342267046,2026-10-01
226887,2026-09,CHOA CHU KANG,4 ROOM,807B,CHOA CHU KANG AVE 1,13 TO 15,92.0,Model A,2017,89 years 08 months,628000.0,807B CHOA CHU KANG AVE 1,682807,1.376044181650929,103.7451708827274,2026-10-01
226886,2026-09,CHOA CHU KANG,4 ROOM,808B,CHOA CHU KANG AVE 1,16 TO 18,92.0,Model A,2017,89 years 07 months,620000.0,808B CHOA CHU KANG AVE 1,682808,1.375592498109116,103.7460213303997,2026-10-01
226885,2026-09,CHOA CHU KANG,4 ROOM,807C,CHOA CHU KANG AVE 1,01 TO 03,92.0,Model A,2017,89 years 08 months,585000.0,807C CHOA CHU KANG AVE 1,683807,1.376156002483675,103.7458213195585,2026-10-01
226884,2026-09,CHOA CHU KANG,4 ROOM,807B,CHOA CHU KANG AVE 1,10 TO 12,92.0,Model A,2017,89 years 08 months,602000.0,807B CHOA CHU KANG AVE 1,682807,1.376044181650929,103.7451708827274,2026-10-01
226883,2026-09,CHOA CHU KANG,4 ROOM,809B,CHOA CHU KANG AVE 1,07 TO 09,92.0,Model A,2017,89 years 08 months,576000.0,809B CHOA CHU KANG AVE 1,682809,1.374761886161237,103.744965122728,2026-10-01
226882,2026-09,CHOA CHU KANG,4 ROOM,809B,CHOA CHU KANG AVE 1,13 TO 15,92.0,Model A,2017,89 years 08 months,626000.0,809B CHOA CHU KANG AVE 1,682809,1.374761886161237,103.744965122728,2026-10-01
226881,2026-09,CHOA CHU KANG,4 ROOM,807B,CHOA CHU KANG AVE 1,01 TO 03,92.0,Model A,2017,89 years 08 months,570000.0,807B CHOA CHU KANG AVE 1,682807,1.376044181650929,103.7451708827274,2026-10-01
223283,2026-09,BEDOK,4 ROOM,523,BEDOK NTH ST 3,10 TO 12,92.0,New Generation,1979,51 years 11 months,490000.0,523 BEDOK NTH ST 3,460523,1.334354719758938,103.9306120168019,2026-10-01
223282,2026-09,BEDOK,4 ROOM,547,BEDOK NTH ST 3,10 TO 12,92.0,New Generation,1980,52 years 09 months,510000.0,547 BEDOK NTH ST 3,460547,1.330331136282065,103.9254320728719,2026-10-01
227102,2026-09,CHOA CHU KANG,4 ROOM,692A,CHOA CHU KANG CRES,19 TO 21,91.0,Model A,2003,75 years 06 months,543000.0,692A CHOA CHU KANG CRES,681692,1.400209213544206,103.7512713749174,2026-10-01
223254,2026-09,BEDOK,4 ROOM,78,BEDOK NTH RD,01 TO 03,91.0,New Generation,1978,50 years 10 months,505000.0,78 BEDOK NTH RD,460078,1.327260072203435,103.9408487702135,2026-10-01
227299,2026-09,CHOA CHU KANG,5 ROOM,249,CHOA CHU KANG AVE 2,04 TO 06,124.0,Improved,1993,65 years 10 months,653000.0,249 CHOA CHU KANG AVE 2,680249,1.379624070451442,103.7455301385845,2026-10-01
223135,2026-09,BEDOK,3 ROOM,45,CHAI CHEE ST,07 TO 09,68.0,New Generation,1980,52 years 09 months,405777.0,45 CHAI CHEE ST,461045,1.328647793945108,103.9244953824541,2026-10-01
223136,2026-09,BEDOK,3 ROOM,44,CHAI CHEE ST,01 TO 03,68.0,New Generation,1980,52 years 08 months,348000.0,44 CHAI CHEE ST,461044,1.329014301311718,103.9256677778703,2026-10-01
223168,2026-09,BEDOK,4 ROOM,517,BEDOK NTH AVE 2,10 TO 12,92.0,New Generation,1979,52 years,520000.0,517 BEDOK NTH AVE 2,460517,1.331089066029576,103.9292045360116,2026-10-01
223179,2026-09,BEDOK,4 ROOM,131,BEDOK NTH AVE 3,10 TO 12,92.0,New Generation,1978,50 years 08 months,530000.0,131 BEDOK NTH AVE 3,460131,1.326969940205297,103.9358500762197,2026-10-01
227232,2026-09,CHOA CHU KANG,4 ROOM,803A,KEAT HONG CL,07 TO 09,93.0,Model A,2017,89 years 09 months,578000.0,803A KEAT HONG CL,681803,1.373864684839139,103.7429700782688,2026-10-01
227231,2026-09,CHOA CHU KANG,4 ROOM,803B,KEAT HONG CL,07 TO 09,93.0,Model A,2017,89 years 09 months,595000.0,803B KEAT HONG CL,682803,1.37381927100149,103.7433671824525,2026-10-01
227230,2026-09,CHOA CHU KANG,4 ROOM,803C,KEAT HONG CL,04 TO 06,93.0,Model A,2017,89 years 09 months,575000.0,803C KEAT HONG CL,683803,1.373387319174898,103.7440260344888,2026-10-01
223187,2026-09,BEDOK,4 ROOM,95,BEDOK NTH AVE 4,07 TO 09,92.0,New Generation,1979,51 years 10 months,480000.0,95 BEDOK NTH AVE 4,460095,1.333869994499857,103.94205674836,2026-10-01
223253,2026-09,BEDOK,4 ROOM,121,BEDOK NTH RD,04 TO 06,92.0,New Generation,1978,50 years 07 months,500000.0,121 BEDOK NTH RD,460121,1.329642017907058,103.9388210711169,2026-10-01
227202,2026-09,CHOA CHU KANG,4 ROOM,150,JLN TECK WHYE,04 TO 06,100.0,Model A,1998,70 years 04 months,560000.0,150 JLN TECK WHYE,680150,1.378203511307661,103.7564508781278,2026-10-01
227201,2026-09,CHOA CHU KANG,4 ROOM,150,JLN TECK WHYE,13 TO 15,100.0,Model A,1998,70 years 05 months,580888.0,150 JLN TECK WHYE,680150,1.378203511307661,103.7564508781278,2026-10-01
227103,2026-09,CHOA CHU KANG,4 ROOM,668,CHOA CHU KANG CRES,04 TO 06,102.0,Model A,1999,71 years 10 months,545000.0,668 CHOA CHU KANG CRES,680668,1.401740738245161,103.7494961553269,2026-10-01
227168,2026-09,CHOA CHU KANG,4 ROOM,542,CHOA CHU KANG ST 52,04 TO 06,105.0,Model A,1995,67 years 11 months,525000.0,542 CHOA CHU KANG ST 52,680542,1.393605018253008,103.7447926193651,2026-10-01
227167,2026-09,CHOA CHU KANG,4 ROOM,552,CHOA CHU KANG ST 52,10 TO 12,105.0,Model A,1994,66 years 08 months,550000.0,552 CHOA CHU KANG ST 52,680552,1.394610617408012,103.7426638042664,2026-10-01
227154,2026-09,CHOA CHU KANG,4 ROOM,514,CHOA CHU KANG ST 51,10 TO 12,104.0,Model A,1995,68 years 01 month,520000.0,514 CHOA CHU KANG ST 51,680514,1.390305083370296,103.7430878668498,2026-10-01
227147,2026-09,CHOA CHU KANG,4 ROOM,635,CHOA CHU KANG NTH 6,01 TO 03,113.0,Premium Apartment,1998,70 years 05 months,575000.0,635 CHOA CHU KANG NTH 6,680635,1.397370941500254,103.7496029122023,2026-10-01
223255,2026-09,BEDOK,4 ROOM,706,BEDOK NTH RD,04 TO 06,92.0,New Generation,1980,53 years 03 months,538000.0,706 BEDOK NTH RD,470706,1.336206911491528,103.9190168021467,2026-10-01
227134,2026-09,CHOA CHU KANG,4 ROOM,215,CHOA CHU KANG CTRL,10 TO 12,104.0,Model A,1990,62 years 06 months,570000.0,215 CHOA CHU KANG CTRL,680215,1.382893630721774,103.7471209044915,2026-10-01
227133,2026-09,CHOA CHU KANG,4 ROOM,223,CHOA CHU KANG CTRL,04 TO 06,104.0,Model A,1993,65 years 10 months,550000.0,223 CHOA CHU KANG CTRL,680223,1.381484134120965,103.7445334598287,2026-10-01
227132,2026-09,CHOA CHU KANG,4 ROOM,230,CHOA CHU KANG CTRL,07 TO 09,103.0,Model A,1990,62 years 10 months,555000.0,230 CHOA CHU KANG CTRL,680230,1.380382581343477,103.7461905358857,2026-10-01
223265,2026-09,BEDOK,4 ROOM,132,BEDOK NTH ST 2,04 TO 06,92.0,New Generation,1978,50 years 08 months,500000.0,132 BEDOK NTH ST 2,460132,1.327752889983963,103.9367093404757,2026-10-01
227131,2026-09,CHOA CHU KANG,4 ROOM,353,CHOA CHU KANG CTRL,01 TO 03,108.0,Model A,1993,65 years 10 months,525000.0,353 CHOA CHU KANG CTRL,680353,1.38213707062575,103.7433975138448,2026-10-01
223266,2026-09,BEDOK,4 ROOM,130,BEDOK NTH ST 2,13 TO 15,92.0,New Generation,1978,50 years 08 months,552000.0,130 BEDOK NTH ST 2,460130,1.327161507719504,103.9368248335872,2026-10-01
223509,2026-09,BEDOK,4 ROOM,35,CHAI CHEE AVE,04 TO 06,82.0,Improved,1975,47 years 04 months,430000.0,35 CHAI CHEE AVE,461035,1.324819860080759,103.9262581176788,2026-10-01
225784,2026-09,BUKIT MERAH,4 ROOM,86,TELOK BLANGAH HTS,04 TO 06,90.0,Model A,2003,75 years 08 months,720000.0,86 TELOK BLANGAH HTS,100086,1.276756463781576,103.8085252459624,2026-10-01
227807,2026-09,CLEMENTI,4 ROOM,421,CLEMENTI AVE 1,22 TO 24,96.0,Model A,2013,86 years,996888.0,421 CLEMENTI AVE 1,120421,1.309097987029078,103.7683559130534,2026-10-01
223694,2026-09,BEDOK,5 ROOM,20,BEDOK STH RD,07 TO 09,114.0,Standard,1976,48 years 05 months,720000.0,20 BEDOK STH RD,460020,1.319952058583565,103.9337181609978,2026-10-01
224474,2026-09,BUKIT BATOK,4 ROOM,124,BT BATOK CTRL,01 TO 03,91.0,New Generation,1985,57 years 04 months,500000.0,124 BT BATOK CTRL,650124,1.351182049058554,103.7472098595634,2026-10-01
224459,2026-09,BUKIT BATOK,3 ROOM,448C,BT BATOK WEST AVE 9,07 TO 09,68.0,Model A,2019,91 years 06 months,497000.0,448C BT BATOK WEST AVE 9,653448,1.35272258284344,103.7412400024436,2026-10-01
224458,2026-09,BUKIT BATOK,3 ROOM,468B,BT BATOK WEST AVE 9,10 TO 12,68.0,Model A,2021,93 years 11 months,490000.0,468B BT BATOK WEST AVE 9,652468,1.356869581985381,103.743161006143,2026-10-01
224457,2026-09,BUKIT BATOK,3 ROOM,468B,BT BATOK WEST AVE 9,04 TO 06,68.0,Model A,2021,93 years 11 months,485000.0,468B BT BATOK WEST AVE 9,652468,1.356869581985381,103.743161006143,2026-10-01
224393,2026-09,BUKIT BATOK,3 ROOM,109,BT BATOK WEST AVE 6,07 TO 09,70.0,Improved,1985,57 years 05 months,393000.0,109 BT BATOK WEST AVE 6,650109,1.347003767479876,103.7461704103874,2026-10-01
224392,2026-09,BUKIT BATOK,3 ROOM,146,BT BATOK WEST AVE 6,04 TO 06,82.0,New Generation,1984,57 years,440000.0,146 BT BATOK WEST AVE 6,650146,1.349668908698286,103.7440834990872,2026-10-01
224361,2026-09,BUKIT BATOK,3 ROOM,423,BT BATOK WEST AVE 2,10 TO 12,68.0,New Generation,1988,61 years,392000.0,423 BT BATOK WEST AVE 2,650423,1.36215691970024,103.7449467185578,2026-10-01
224355,2026-09,BUKIT BATOK,3 ROOM,504,BT BATOK ST 52,04 TO 06,60.0,Improved,1988,60 years 06 months,370000.0,504 BT BATOK ST 52,650504,1.351965603310274,103.7549836725006,2026-10-01
224354,2026-09,BUKIT BATOK,3 ROOM,504,BT BATOK ST 52,04 TO 06,60.0,Improved,1988,60 years 06 months,385000.0,504 BT BATOK ST 52,650504,1.351965603310274,103.7549836725006,2026-10-01
224339,2026-09,BUKIT BATOK,3 ROOM,528,BT BATOK ST 51,07 TO 09,60.0,Improved,1987,59 years 11 months,410888.0,528 BT BATOK ST 51,650528,1.356651468282659,103.7510918256567,2026-10-01
224325,2026-09,BUKIT BATOK,3 ROOM,341,BT BATOK ST 34,04 TO 06,73.0,Model A,1986,58 years 07 months,388000.0,341 BT BATOK ST 34,650341,1.362804519514871,103.7491572039843,2026-10-01
224324,2026-09,BUKIT BATOK,3 ROOM,340,BT BATOK ST 34,01 TO 03,73.0,Model A,1987,59 years 10 months,408000.0,340 BT BATOK ST 34,650340,1.363142012379347,103.7495411197945,2026-10-01
223728,2026-09,BEDOK,5 ROOM,658,JLN TENAGA,04 TO 06,126.0,Improved,1996,69 years 02 months,838000.0,658 JLN TENAGA,410658,1.333552404288793,103.9065169439185,2026-10-01
224296,2026-09,BUKIT BATOK,3 ROOM,304,BT BATOK ST 31,04 TO 06,68.0,New Generation,1985,57 years 10 months,400000.0,304 BT BATOK ST 31,650304,1.35747152142102,103.7479488287082,2026-10-01
224250,2026-09,BUKIT BATOK,3 ROOM,292A,BT BATOK EAST AVE 6,19 TO 21,68.0,Model A,2019,91 years 05 months,540000.0,292A BT BATOK EAST AVE 6,651292,1.344728445935519,103.7546076135652,2026-10-01
224248,2026-09,BUKIT BATOK,3 ROOM,248,BT BATOK EAST AVE 5,04 TO 06,73.0,Model A,1985,58 years,445000.0,248 BT BATOK EAST AVE 5,650248,1.35025884075015,103.7566047240246,2026-10-01
224219,2026-09,BUKIT BATOK,3 ROOM,283,BT BATOK EAST AVE 3,01 TO 03,64.0,Simplified,1988,60 years 07 months,350000.0,283 BT BATOK EAST AVE 3,650283,1.346943657538997,103.7575393809391,2026-10-01
224208,2026-09,BUKIT BATOK,3 ROOM,228,BT BATOK CTRL,10 TO 12,67.0,New Generation,1985,57 years 09 months,425000.0,228 BT BATOK CTRL,650228,1.348659458020783,103.7537945787759,2026-10-01
224207,2026-09,BUKIT BATOK,3 ROOM,226,BT BATOK CTRL,01 TO 03,67.0,New Generation,1984,57 years 04 months,385000.0,226 BT BATOK CTRL,650226,1.348733378196643,103.7531742784731,2026-10-01
224200,2026-09,BUKIT BATOK,2 ROOM,467C,BT BATOK WEST AVE 9,01 TO 03,47.0,2-room,2021,93 years 10 months,365000.0,467C BT BATOK WEST AVE 9,653467,1.355922380753564,103.7425516751325,2026-10-01
224199,2026-09,BUKIT BATOK,2 ROOM,460B,BT BATOK WEST AVE 9,13 TO 15,48.0,2-room,2020,92 years 09 months,428000.0,460B BT BATOK WEST AVE 9,652460,1.35370592391878,103.7391503084242,2026-10-01
224158,2026-09,BUKIT BATOK,2 ROOM,438B,BT BATOK WEST AVE 8,04 TO 06,47.0,Model A,2020,92 years 05 months,365000.0,438B BT BATOK WEST AVE 8,652438,1.35788978585236,103.7404811642841,2026-10-01
223738,2026-09,BEDOK,5 ROOM,111,LENGKONG TIGA,07 TO 09,125.0,Improved,1989,61 years 06 months,1150000.0,111 LENGKONG TIGA,410111,1.32405877835385,103.9113037627309,2026-10-01
223739,2026-09,BEDOK,5 ROOM,114,LENGKONG TIGA,04 TO 06,130.0,Improved,1989,61 years 06 months,948888.0,114 LENGKONG TIGA,410114,1.323134861253352,103.9120457113098,2026-10-01
224120,2026-09,BISHAN,EXECUTIVE,218,BISHAN ST 23,01 TO 03,148.0,Maisonette,1992,64 years 08 months,1160000.0,218 BISHAN ST 23,570218,1.356862368503224,103.8497233000601,2026-10-01
223706,2026-09,BEDOK,5 ROOM,1,CHAI CHEE RD,13 TO 15,132.0,Model A,1983,56 years,750000.0,1 CHAI CHEE RD,461001,1.327968791763013,103.9227160181387,2026-10-01
224491,2026-09,BUKIT BATOK,4 ROOM,247,BT BATOK EAST AVE 5,04 TO 06,103.0,Model A,1985,57 years 07 months,460000.0,247 BT BATOK EAST AVE 5,650247,1.349927212421588,103.7569802863197,2026-10-01
224109,2026-09,BISHAN,EXECUTIVE,261,BISHAN ST 22,04 TO 06,146.0,Maisonette,1992,64 years 11 months,1300000.0,261 BISHAN ST 22,570261,1.358986893322188,103.8433244183763,2026-10-01
224538,2026-09,BUKIT BATOK,4 ROOM,293B,BT BATOK ST 21,28 TO 30,92.0,Model A,2019,91 years 05 months,818000.0,293B BT BATOK ST 21,652293,1.345949255221172,103.7542483498982,2026-10-01
224714,2026-09,BUKIT BATOK,4 ROOM,393,BT BATOK WEST AVE 5,19 TO 21,92.0,Model A,2004,77 years 02 months,580000.0,393 BT BATOK WEST AVE 5,650393,1.366493281204205,103.7531125691143,2026-10-01
224713,2026-09,BUKIT BATOK,4 ROOM,391,BT BATOK WEST AVE 5,04 TO 06,86.0,Model A,2004,77 years 01 month,510000.0,391 BT BATOK WEST AVE 5,650391,1.365853749325777,103.7527285432066,2026-10-01
224662,2026-09,BUKIT BATOK,4 ROOM,513,BT BATOK ST 52,04 TO 06,84.0,Simplified,1987,59 years 09 months,420000.0,513 BT BATOK ST 52,650513,1.354054852495053,103.7523202025626,2026-10-01
224661,2026-09,BUKIT BATOK,4 ROOM,510,BT BATOK ST 52,04 TO 06,103.0,Model A,1986,59 years 03 months,538000.0,510 BT BATOK ST 52,650510,1.352751595584849,103.7548236040858,2026-10-01
224651,2026-09,BUKIT BATOK,4 ROOM,463A,BT BATOK ST 41,10 TO 12,93.0,Model A,2021,93 years 11 months,710888.0,463A BT BATOK ST 41,651463,1.356331624193062,103.7421945896279,2026-10-01
224644,2026-09,BUKIT BATOK,4 ROOM,348,BT BATOK ST 34,04 TO 06,84.0,Simplified,1987,59 years 05 months,470000.0,348 BT BATOK ST 34,650348,1.362135303056156,103.7506173744281,2026-10-01
223690,2026-09,BEDOK,5 ROOM,152C,BEDOK STH RD,10 TO 12,113.0,Improved,2022,94 years 08 months,1458888.0,152C BEDOK STH RD,463152,1.318717037520852,103.9470124230528,2026-10-01
223691,2026-09,BEDOK,5 ROOM,152C,BEDOK STH RD,13 TO 15,113.0,Improved,2022,94 years 08 months,1450000.0,152C BEDOK STH RD,463152,1.318717037520852,103.9470124230528,2026-10-01
224643,2026-09,BUKIT BATOK,4 ROOM,338,BT BATOK ST 34,04 TO 06,84.0,Simplified,1986,58 years 08 months,470000.0,338 BT BATOK ST 34,650338,1.36355249556516,103.7509480822323,2026-10-01
224642,2026-09,BUKIT BATOK,4 ROOM,339,BT BATOK ST 34,01 TO 03,103.0,Model A,1987,60 years 01 month,450000.0,339 BT BATOK ST 34,650339,1.363197985872548,103.7508046334497,2026-10-01
224622,2026-09,BUKIT BATOK,4 ROOM,327,BT BATOK ST 33,01 TO 03,89.0,Simplified,1987,60 years 01 month,465000.0,327 BT BATOK ST 33,650327,1.362830155306329,103.7478342064242,2026-10-01
223692,2026-09,BEDOK,5 ROOM,153C,BEDOK STH RD,04 TO 06,113.0,Improved,2022,94 years 08 months,1350000.0,153C BEDOK STH RD,463153,1.318608532706711,103.9465234529621,2026-10-01
224621,2026-09,BUKIT BATOK,4 ROOM,331,BT BATOK ST 33,07 TO 09,84.0,Simplified,1986,59 years 02 months,460000.0,331 BT BATOK ST 33,650331,1.363611866007989,103.7476453066324,2026-10-01
224620,2026-09,BUKIT BATOK,4 ROOM,328,BT BATOK ST 33,01 TO 03,84.0,Simplified,1986,58 years 05 months,410000.0,328 BT BATOK ST 33,650328,1.362874905249277,103.747562869215,2026-10-01
224595,2026-09,BUKIT BATOK,4 ROOM,374,BT BATOK ST 31,01 TO 03,88.0,Simplified,1988,60 years 06 months,495000.0,374 BT BATOK ST 31,650374,1.357982911067424,103.7507364257311,2026-10-01
224594,2026-09,BUKIT BATOK,4 ROOM,363,BT BATOK ST 31,01 TO 03,94.0,New Generation,1987,60 years 02 months,530000.0,363 BT BATOK ST 31,650363,1.361014444411789,103.7494473231192,2026-10-01
224593,2026-09,BUKIT BATOK,4 ROOM,308,BT BATOK ST 31,07 TO 09,98.0,New Generation,1985,57 years 10 months,535000.0,308 BT BATOK ST 31,650308,1.35855029163426,103.7481046791433,2026-10-01
224592,2026-09,BUKIT BATOK,4 ROOM,360,BT BATOK ST 31,10 TO 12,94.0,New Generation,1987,60 years 01 month,505000.0,360 BT BATOK ST 31,650360,1.361067048304251,103.7506254320105,2026-10-01
224567,2026-09,BUKIT BATOK,4 ROOM,291E,BT BATOK ST 24,16 TO 18,103.0,Model A,1998,70 years 06 months,648000.0,291E BT BATOK ST 24,654291,1.343453412569011,103.7547882817689,2026-10-01
223693,2026-09,BEDOK,5 ROOM,153A,BEDOK STH RD,01 TO 03,113.0,Improved,2022,94 years 08 months,1265000.0,153A BEDOK STH RD,461153,1.319367766761237,103.9469952317953,2026-10-01
224543,2026-09,BUKIT BATOK,4 ROOM,293D,BT BATOK ST 21,22 TO 24,93.0,Model A,2019,91 years 05 months,745000.0,293D BT BATOK ST 21,654293,1.345020770237243,103.7552858660918,2026-10-01
224542,2026-09,BUKIT BATOK,4 ROOM,293D,BT BATOK ST 21,19 TO 21,93.0,Model A,2019,91 years 05 months,745000.0,293D BT BATOK ST 21,654293,1.345020770237243,103.7552858660918,2026-10-01
224541,2026-09,BUKIT BATOK,4 ROOM,209,BT BATOK ST 21,07 TO 09,104.0,Model A,1985,57 years 07 months,560888.0,209 BT BATOK ST 21,650209,1.345488430301382,103.7487379632222,2026-10-01
224540,2026-09,BUKIT BATOK,4 ROOM,202,BT BATOK ST 21,04 TO 06,103.0,Model A,1985,57 years 11 months,528000.0,202 BT BATOK ST 21,650202,1.346597858357508,103.7484484372939,2026-10-01
224539,2026-09,BUKIT BATOK,4 ROOM,293D,BT BATOK ST 21,07 TO 09,93.0,Model A,2019,91 years 05 months,670000.0,293D BT BATOK ST 21,654293,1.345020770237243,103.7552858660918,2026-10-01
223740,2026-09,BEDOK,5 ROOM,116,LENGKONG TIGA,07 TO 09,120.0,Improved,1989,61 years 06 months,1052000.0,116 LENGKONG TIGA,410116,1.322785330700602,103.9118630134112,2026-10-01
223746,2026-09,BEDOK,5 ROOM,61,NEW UPP CHANGI RD,13 TO 15,118.0,Standard,1977,49 years 11 months,750000.0,61 NEW UPP CHANGI RD,461061,1.322754698701444,103.9407764138074,2026-10-01
225783,2026-09,BUKIT MERAH,4 ROOM,70B,TELOK BLANGAH HTS,16 TO 18,93.0,Model A,2017,89 years 09 months,970000.0,70B TELOK BLANGAH HTS,102070,1.276749456932897,103.8105415434649,2026-10-01
223983,2026-09,BISHAN,4 ROOM,290,BISHAN ST 24,04 TO 06,100.0,Premium Apartment,1998,70 years 10 months,960888.0,290 BISHAN ST 24,570290,1.35613778516577,103.8448976547954,2026-10-01
223965,2026-09,BISHAN,4 ROOM,205,BISHAN ST 23,07 TO 09,103.0,Model A,1992,64 years 08 months,838000.0,205 BISHAN ST 23,570205,1.355313271918877,103.8476982850235,2026-10-01
223778,2026-09,BEDOK,EXECUTIVE,115,BEDOK RESERVOIR RD,10 TO 12,150.0,Maisonette,1985,58 years 01 month,990000.0,115 BEDOK RESERVOIR RD,470115,1.330673943776654,103.9087383511923,2026-10-01
223964,2026-09,BISHAN,4 ROOM,227,BISHAN ST 23,07 TO 09,105.0,Model A,1992,64 years 08 months,858000.0,227 BISHAN ST 23,570227,1.358070546849953,103.8471381167654,2026-10-01
223943,2026-09,BISHAN,4 ROOM,233,BISHAN ST 22,07 TO 09,112.0,Model A,1992,64 years 08 months,880000.0,233 BISHAN ST 22,570233,1.358576004594132,103.8455927066188,2026-10-01
223942,2026-09,BISHAN,4 ROOM,259,BISHAN ST 22,04 TO 06,104.0,Model A,1992,64 years 11 months,738000.0,259 BISHAN ST 22,570259,1.359967803103949,103.8422465996278,2026-10-01
223782,2026-09,BEDOK,EXECUTIVE,10C,BEDOK STH AVE 2,01 TO 03,142.0,Apartment,1995,68 years 04 months,970000.0,10C BEDOK STH AVE 2,462010,1.322094235642828,103.9362235860816,2026-10-01
223941,2026-09,BISHAN,4 ROOM,262,BISHAN ST 22,04 TO 06,104.0,Model A,1992,65 years,760000.0,262 BISHAN ST 22,570262,1.359250111901509,103.8426239598589,2026-10-01
223940,2026-09,BISHAN,4 ROOM,235,BISHAN ST 22,07 TO 09,105.0,Model A,1992,64 years 08 months,880000.0,235 BISHAN ST 22,570235,1.35847822127518,103.8464080111342,2026-10-01
223908,2026-09,BISHAN,4 ROOM,177,BISHAN ST 13,04 TO 06,83.0,Simplified,1987,59 years 11 months,660000.0,177 BISHAN ST 13,570177,1.347846231613403,103.8535495875286,2026-10-01
223907,2026-09,BISHAN,4 ROOM,177,BISHAN ST 13,10 TO 12,83.0,Simplified,1987,60 years,725000.0,177 BISHAN ST 13,570177,1.347846231613403,103.8535495875286,2026-10-01
223906,2026-09,BISHAN,4 ROOM,153,BISHAN ST 13,07 TO 09,84.0,Simplified,1987,60 years 02 months,628138.0,153 BISHAN ST 13,570153,1.346085958901182,103.8550782972134,2026-10-01
223905,2026-09,BISHAN,4 ROOM,181,BISHAN ST 13,07 TO 09,86.0,Simplified,1987,59 years 06 months,708000.0,181 BISHAN ST 13,570181,1.349138096401716,103.852878507674,2026-10-01
223904,2026-09,BISHAN,4 ROOM,153,BISHAN ST 13,07 TO 09,84.0,Simplified,1987,60 years 02 months,658000.0,153 BISHAN ST 13,570153,1.346085958901182,103.8550782972134,2026-10-01
223889,2026-09,BISHAN,4 ROOM,141,BISHAN ST 12,07 TO 09,84.0,Simplified,1988,60 years 11 months,638000.0,141 BISHAN ST 12,570141,1.345153984388207,103.8533671192578,2026-10-01
223888,2026-09,BISHAN,4 ROOM,105,BISHAN ST 12,07 TO 09,104.0,Model A,1985,58 years 03 months,848000.0,105 BISHAN ST 12,570105,1.345894936325064,103.8473652527665,2026-10-01
223887,2026-09,BISHAN,4 ROOM,123,BISHAN ST 12,07 TO 09,84.0,Simplified,1986,58 years 06 months,603888.0,123 BISHAN ST 12,570123,1.346487206210277,103.8504610774767,2026-10-01
223886,2026-09,BISHAN,4 ROOM,109,BISHAN ST 12,04 TO 06,84.0,Simplified,1985,58 years 04 months,688000.0,109 BISHAN ST 12,570109,1.34675059587743,103.8479901683682,2026-10-01
223885,2026-09,BISHAN,4 ROOM,109,BISHAN ST 12,13 TO 15,105.0,Model A,1985,58 years 04 months,890000.0,109 BISHAN ST 12,570109,1.34675059587743,103.8479901683682,2026-10-01
223884,2026-09,BISHAN,4 ROOM,144,BISHAN ST 12,07 TO 09,104.0,Model A,1988,61 years,742000.0,144 BISHAN ST 12,570144,1.345941268151141,103.8533221201063,2026-10-01
223842,2026-09,BISHAN,3 ROOM,22,SIN MING RD,04 TO 06,68.0,Improved,1973,46 years 02 months,395000.0,22 SIN MING RD,570022,1.357284441082401,103.8393966799517,2026-10-01
223841,2026-09,BISHAN,3 ROOM,22,SIN MING RD,07 TO 09,68.0,Improved,1973,46 years 02 months,368000.0,22 SIN MING RD,570022,1.357284441082401,103.8393966799517,2026-10-01
223829,2026-09,BISHAN,3 ROOM,406,SIN MING AVE,13 TO 15,64.0,Simplified,1987,59 years 07 months,584000.0,406 SIN MING AVE,570406,1.3629445537469,103.8340935001691,2026-10-01
223828,2026-09,BISHAN,3 ROOM,406,SIN MING AVE,10 TO 12,64.0,Simplified,1987,59 years 07 months,615000.0,406 SIN MING AVE,570406,1.3629445537469,103.8340935001691,2026-10-01
223825,2026-09,BISHAN,3 ROOM,305,SHUNFU RD,07 TO 09,67.0,New Generation,1985,57 years 05 months,500000.0,305 SHUNFU RD,570305,1.350116512039675,103.8387306265632,2026-10-01
223809,2026-09,BISHAN,3 ROOM,185,BISHAN ST 13,04 TO 06,64.0,Simplified,1988,60 years 07 months,545000.0,185 BISHAN ST 13,570185,1.34976201896995,103.852472713646,2026-10-01
223966,2026-09,BISHAN,4 ROOM,209,BISHAN ST 23,04 TO 06,103.0,Model A,1992,64 years 08 months,825000.0,209 BISHAN ST 23,570209,1.355548847260438,103.8485412127407,2026-10-01
223984,2026-09,BISHAN,4 ROOM,272,BISHAN ST 24,10 TO 12,104.0,Model A,1992,64 years 11 months,822888.0,272 BISHAN ST 24,570272,1.35629489446384,103.8428225961268,2026-10-01
223750,2026-09,BEDOK,EXECUTIVE,94C,BEDOK NTH AVE 4,07 TO 09,143.0,Apartment,1993,65 years 09 months,1000000.0,94C BEDOK NTH AVE 4,462094,1.333614296105149,103.9426282545141,2026-10-01
223989,2026-09,BISHAN,4 ROOM,306,SHUNFU RD,01 TO 03,95.0,New Generation,1985,57 years 05 months,720000.0,306 SHUNFU RD,570306,1.350291432302613,103.83930130692,2026-10-01
224099,2026-09,BISHAN,EXECUTIVE,186,BISHAN ST 13,01 TO 03,146.0,Maisonette,1987,59 years 11 months,1180000.0,186 BISHAN ST 13,570186,1.349345586128573,103.8525788316675,2026-10-01
224098,2026-09,BISHAN,EXECUTIVE,169,BISHAN ST 13,01 TO 03,146.0,Maisonette,1986,59 years 03 months,1160000.0,169 BISHAN ST 13,570169,1.346852674918944,103.8540991307927,2026-10-01
224093,2026-09,BISHAN,EXECUTIVE,119,BISHAN ST 12,04 TO 06,151.0,Apartment,1987,59 years 09 months,1400000.0,119 BISHAN ST 12,570119,1.347349574008248,103.850535153606,2026-10-01
224092,2026-09,BISHAN,EXECUTIVE,134,BISHAN ST 12,07 TO 09,151.0,Apartment,1986,59 years 03 months,1295000.0,134 BISHAN ST 12,570134,1.345411047644787,103.8520798043532,2026-10-01
223751,2026-09,BEDOK,EXECUTIVE,109,BEDOK NTH RD,10 TO 12,163.0,Adjoined flat,1977,49 years 11 months,1050000.0,109 BEDOK NTH RD,460109,1.332053160212125,103.9349351023198,2026-10-01
224072,2026-09,BISHAN,5 ROOM,291,BISHAN ST 24,22 TO 24,121.0,Premium Apartment,1998,70 years 09 months,1270000.0,291 BISHAN ST 24,570291,1.35591015038815,103.8451584347786,2026-10-01
224071,2026-09,BISHAN,5 ROOM,273A,BISHAN ST 24,31 TO 33,120.0,DBSS,2011,84 years,1600000.0,273A BISHAN ST 24,571273,1.35636621091925,103.8439339646668,2026-10-01
224052,2026-09,BISHAN,5 ROOM,173,BISHAN ST 13,07 TO 09,121.0,Improved,1987,59 years 07 months,913888.0,173 BISHAN ST 13,570173,1.347751187180914,103.854258267311,2026-10-01
223772,2026-09,BEDOK,EXECUTIVE,115,BEDOK RESERVOIR RD,07 TO 09,156.0,Maisonette,1985,58 years 02 months,975000.0,115 BEDOK RESERVOIR RD,470115,1.330673943776654,103.9087383511923,2026-10-01
223775,2026-09,BEDOK,EXECUTIVE,633,BEDOK RESERVOIR RD,07 TO 09,144.0,Apartment,1993,65 years 09 months,1048888.0,633 BEDOK RESERVOIR RD,410633,1.330388937672953,103.9052209316738,2026-10-01
224050,2026-09,BISHAN,5 ROOM,153,BISHAN ST 13,07 TO 09,119.0,Improved,1987,60 years 02 months,1000000.0,153 BISHAN ST 13,570153,1.346085958901182,103.8550782972134,2026-10-01
224049,2026-09,BISHAN,5 ROOM,190,BISHAN ST 13,04 TO 06,121.0,Improved,1987,59 years 05 months,1080000.0,190 BISHAN ST 13,570190,1.350554927342455,103.8520445359147,2026-10-01
224048,2026-09,BISHAN,5 ROOM,163,BISHAN ST 13,10 TO 12,121.0,Improved,1988,60 years 11 months,940000.0,163 BISHAN ST 13,570163,1.348022951695617,103.8562749810033,2026-10-01
224047,2026-09,BISHAN,5 ROOM,158,BISHAN ST 13,04 TO 06,127.0,Improved,1988,60 years 06 months,918000.0,158 BISHAN ST 13,570158,1.346535262112044,103.8562082191575,2026-10-01
224046,2026-09,BISHAN,5 ROOM,157,BISHAN ST 13,19 TO 21,121.0,Improved,1988,60 years 05 months,990000.0,157 BISHAN ST 13,570157,1.346057553521722,103.8566799959373,2026-10-01
223776,2026-09,BEDOK,EXECUTIVE,145,BEDOK RESERVOIR RD,04 TO 06,143.0,Maisonette,1987,59 years 06 months,888000.0,145 BEDOK RESERVOIR RD,470145,1.334290192452109,103.9121354059758,2026-10-01
224045,2026-09,BISHAN,5 ROOM,155,BISHAN ST 13,10 TO 12,121.0,Improved,1987,60 years 03 months,955000.0,155 BISHAN ST 13,570155,1.346227092383125,103.8559055652196,2026-10-01
224044,2026-09,BISHAN,5 ROOM,170,BISHAN ST 13,04 TO 06,121.0,Improved,1987,60 years 01 month,925000.0,170 BISHAN ST 13,570170,1.346420297336731,103.8535925015547,2026-10-01
223777,2026-09,BEDOK,EXECUTIVE,636,BEDOK RESERVOIR RD,10 TO 12,142.0,Apartment,1993,65 years 08 months,1080000.0,636 BEDOK RESERVOIR RD,410636,1.331052569730508,103.9043870171761,2026-10-01
224021,2026-09,BISHAN,5 ROOM,125,BISHAN ST 12,10 TO 12,121.0,Improved,1987,59 years 09 months,968000.0,125 BISHAN ST 12,570125,1.347119029556381,103.851553257146,2026-10-01
224020,2026-09,BISHAN,5 ROOM,125,BISHAN ST 12,10 TO 12,121.0,Improved,1987,59 years 09 months,870000.0,125 BISHAN ST 12,570125,1.347119029556381,103.851553257146,2026-10-01
224019,2026-09,BISHAN,5 ROOM,128,BISHAN ST 12,07 TO 09,121.0,Improved,1987,59 years 06 months,928888.0,128 BISHAN ST 12,570128,1.346088319884827,103.8504668204679,2026-10-01
224006,2026-09,BISHAN,5 ROOM,149,BISHAN ST 11,04 TO 06,122.0,Improved,1987,59 years 05 months,930000.0,149 BISHAN ST 11,570149,1.344279408504657,103.8555556650983,2026-10-01
223998,2026-09,BISHAN,4 ROOM,406,SIN MING AVE,10 TO 12,84.0,Simplified,1987,59 years 07 months,740000.0,406 SIN MING AVE,570406,1.3629445537469,103.8340935001691,2026-10-01
223997,2026-09,BISHAN,4 ROOM,455,SIN MING AVE,10 TO 12,114.0,Model A,1990,62 years 06 months,870000.0,455 SIN MING AVE,570455,1.358728426120166,103.8306427544204,2026-10-01
223674,2026-09,BEDOK,5 ROOM,32,BEDOK STH AVE 2,13 TO 15,118.0,Standard,1978,50 years 07 months,755000.0,32 BEDOK STH AVE 2,460032,1.32262578075751,103.9378157865231,2026-10-01
224768,2026-09,BUKIT BATOK,4 ROOM,453B,BT BATOK WEST AVE 6,16 TO 18,93.0,Model A,2019,91 years 07 months,710000.0,453B BT BATOK WEST AVE 6,652453,1.35202191803833,103.7426886354308,2026-10-01
224769,2026-09,BUKIT BATOK,4 ROOM,451B,BT BATOK WEST AVE 6,10 TO 12,93.0,Model A,2019,91 years 07 months,700000.0,451B BT BATOK WEST AVE 6,652451,1.352483813568887,103.7434147254949,2026-10-01
225540,2026-09,BUKIT MERAH,4 ROOM,10B,BOON TIONG RD,10 TO 12,87.0,Model A,2016,88 years 05 months,1250000.0,10B BOON TIONG RD,164010,1.286336847433415,103.829204757258,2026-10-01
225515,2026-09,BUKIT MERAH,3 ROOM,80C,TELOK BLANGAH ST 31,07 TO 09,68.0,Premium Apartment,2013,86 years,775000.0,80C TELOK BLANGAH ST 31,103080,1.273494356448103,103.8072293624708,2026-10-01
223571,2026-09,BEDOK,4 ROOM,64,NEW UPP CHANGI RD,01 TO 03,92.0,New Generation,1978,50 years 09 months,510000.0,64 NEW UPP CHANGI RD,460064,1.32421853827827,103.9398567496728,2026-10-01
223572,2026-09,BEDOK,4 ROOM,52,NEW UPP CHANGI RD,13 TO 15,84.0,Improved,1977,50 years 01 month,450000.0,52 NEW UPP CHANGI RD,461052,1.323903872001753,103.9425113664902,2026-10-01
225487,2026-09,BUKIT MERAH,3 ROOM,61,TELOK BLANGAH HTS,01 TO 03,67.0,New Generation,1976,49 years 01 month,410000.0,61 TELOK BLANGAH HTS,100061,1.275705007840189,103.8120070843454,2026-10-01
225462,2026-09,BUKIT MERAH,3 ROOM,5,TELOK BLANGAH CRES,13 TO 15,66.0,Improved,1983,55 years 09 months,405000.0,5 TELOK BLANGAH CRES,90005,1.27872402905423,103.8192203848022,2026-10-01
225461,2026-09,BUKIT MERAH,3 ROOM,15,TELOK BLANGAH CRES,07 TO 09,65.0,Improved,1975,47 years 08 months,342888.0,15 TELOK BLANGAH CRES,90015,1.277060448154743,103.8207620584201,2026-10-01
223573,2026-09,BEDOK,4 ROOM,63,NEW UPP CHANGI RD,04 TO 06,92.0,New Generation,1978,50 years 09 months,505000.0,63 NEW UPP CHANGI RD,461063,1.323784101322478,103.9399389517268,2026-10-01
225460,2026-09,BUKIT MERAH,3 ROOM,16,TELOK BLANGAH CRES,04 TO 06,76.0,Improved,1975,47 years 08 months,365000.0,16 TELOK BLANGAH CRES,90016,1.278053652323326,103.821504615515,2026-10-01
225459,2026-09,BUKIT MERAH,3 ROOM,20,TELOK BLANGAH CRES,07 TO 09,65.0,Improved,1975,47 years 07 months,368000.0,20 TELOK BLANGAH CRES,90020,1.276915948098774,103.8218187228887,2026-10-01
225426,2026-09,BUKIT MERAH,3 ROOM,149,SILAT AVE,13 TO 15,67.0,New Generation,1982,55 years 04 months,488000.0,149 SILAT AVE,160149,1.277360665104238,103.8316002133488,2026-10-01
225420,2026-09,BUKIT MERAH,3 ROOM,43,MOH GUAN TER,04 TO 06,77.0,Standard,1973,45 years 05 months,695000.0,43 MOH GUAN TER,160043,1.284670566508912,103.8310493077143,2026-10-01
225418,2026-09,BUKIT MERAH,3 ROOM,37,LIM LIAK ST,01 TO 03,75.0,Standard,1974,46 years 05 months,718000.0,37 LIM LIAK ST,160037,1.285084464787825,103.8304936250329,2026-10-01
225409,2026-09,BUKIT MERAH,3 ROOM,45,KIM CHENG ST,01 TO 03,88.0,Standard,1973,45 years 05 months,770000.0,45 KIM CHENG ST,160045,1.284226486030489,103.8316062698551,2026-10-01
225395,2026-09,BUKIT MERAH,3 ROOM,1,JLN BT MERAH,07 TO 09,75.0,Improved,1983,55 years 07 months,442888.0,1 JLN BT MERAH,150001,1.286453540301748,103.8082424004174,2026-10-01
225394,2026-09,BUKIT MERAH,3 ROOM,146,JLN BT MERAH,13 TO 15,67.0,New Generation,1981,54 years 02 months,475000.0,146 JLN BT MERAH,160146,1.277848765767738,103.8308114599087,2026-10-01
225393,2026-09,BUKIT MERAH,3 ROOM,141,JLN BT MERAH,10 TO 12,67.0,New Generation,1979,51 years 05 months,442000.0,141 JLN BT MERAH,160141,1.277145597448465,103.8287389086043,2026-10-01
225392,2026-09,BUKIT MERAH,3 ROOM,141,JLN BT MERAH,04 TO 06,67.0,New Generation,1979,51 years 05 months,408000.0,141 JLN BT MERAH,160141,1.277145597448465,103.8287389086043,2026-10-01
225391,2026-09,BUKIT MERAH,3 ROOM,2,JLN BT MERAH,10 TO 12,63.0,Improved,1975,47 years 10 months,376000.0,2 JLN BT MERAH,150002,1.286629213299609,103.8068618797596,2026-10-01
225349,2026-09,BUKIT MERAH,3 ROOM,55,HAVELOCK RD,34 TO 36,69.0,Model A,2013,85 years 09 months,820000.0,55 HAVELOCK RD,161055,1.290066862779447,103.8292458530529,2026-10-01
225348,2026-09,BUKIT MERAH,3 ROOM,22,HAVELOCK RD,13 TO 15,64.0,Standard,1969,41 years 11 months,388000.0,22 HAVELOCK RD,160022,1.288746037040882,103.8288241916547,2026-10-01
225347,2026-09,BUKIT MERAH,3 ROOM,57,HAVELOCK RD,10 TO 12,69.0,Model A,2013,85 years 09 months,822000.0,57 HAVELOCK RD,161057,1.290138585171476,103.8284532933704,2026-10-01
225331,2026-09,BUKIT MERAH,3 ROOM,6,EVERTON PK,10 TO 12,72.0,New Generation,1980,53 years 03 months,565000.0,6 EVERTON PK,80006,1.276673811111217,103.8387891348949,2026-10-01
225302,2026-09,BUKIT MERAH,3 ROOM,128,BT MERAH VIEW,01 TO 03,65.0,Improved,1973,45 years 10 months,380000.0,128 BT MERAH VIEW,150128,1.282646751990723,103.8233271114962,2026-10-01
223574,2026-09,BEDOK,4 ROOM,64,NEW UPP CHANGI RD,04 TO 06,92.0,New Generation,1978,50 years 10 months,505000.0,64 NEW UPP CHANGI RD,460064,1.32421853827827,103.9398567496728,2026-10-01
225301,2026-09,BUKIT MERAH,3 ROOM,130,BT MERAH VIEW,04 TO 06,65.0,Improved,1973,45 years 11 months,450000.0,130 BT MERAH VIEW,150130,1.284587127984579,103.8243603191858,2026-10-01
225516,2026-09,BUKIT MERAH,3 ROOM,92B,TELOK BLANGAH ST 31,07 TO 09,68.0,Model A,2018,91 years 04 months,672888.0,92B TELOK BLANGAH ST 31,102092,1.275879169884666,103.8073298053897,2026-10-01
223548,2026-09,BEDOK,4 ROOM,647,JLN TENAGA,01 TO 03,104.0,Model A,1993,65 years 09 months,648000.0,647 JLN TENAGA,410647,1.331709619483529,103.9057021369076,2026-10-01
224770,2026-09,BUKIT BATOK,4 ROOM,108,BT BATOK WEST AVE 6,04 TO 06,104.0,Model A,1985,57 years 09 months,568000.0,108 BT BATOK WEST AVE 6,650108,1.34744385349942,103.746502064421,2026-10-01
225542,2026-09,BUKIT MERAH,4 ROOM,8B,BOON TIONG RD,10 TO 12,100.0,Model A,2005,78 years 02 months,1088000.0,8B BOON TIONG RD,165008,1.287016949347122,103.8303033466487,2026-10-01
225782,2026-09,BUKIT MERAH,4 ROOM,70C,TELOK BLANGAH HTS,13 TO 15,93.0,Model A,2017,89 years 09 months,968000.0,70C TELOK BLANGAH HTS,103070,1.27599618537649,103.8108629882266,2026-10-01
225781,2026-09,BUKIT MERAH,4 ROOM,70A,TELOK BLANGAH HTS,04 TO 06,93.0,Model A,2017,89 years 09 months,915000.0,70A TELOK BLANGAH HTS,101070,1.276375309761482,103.8113719106099,2026-10-01
225780,2026-09,BUKIT MERAH,4 ROOM,70B,TELOK BLANGAH HTS,19 TO 21,93.0,Model A,2017,89 years 09 months,975000.0,70B TELOK BLANGAH HTS,102070,1.276749456932897,103.8105415434649,2026-10-01
225738,2026-09,BUKIT MERAH,4 ROOM,75C,REDHILL RD,22 TO 24,100.0,Model A,2007,79 years 05 months,1155000.0,75C REDHILL RD,153075,1.289023142901041,103.8162760161663,2026-10-01
225712,2026-09,BUKIT MERAH,4 ROOM,128,KIM TIAN RD,10 TO 12,88.0,Improved,1975,47 years 04 months,590000.0,128 KIM TIAN RD,160128,1.281524647700487,103.8290546293854,2026-10-01
225711,2026-09,BUKIT MERAH,4 ROOM,126C,KIM TIAN RD,28 TO 30,93.0,Model A,2013,85 years 06 months,1100000.0,126C KIM TIAN RD,163126,1.282313700274991,103.8293115036142,2026-10-01
225710,2026-09,BUKIT MERAH,4 ROOM,127A,KIM TIAN RD,07 TO 09,93.0,Model A,2013,85 years 06 months,1015000.0,127A KIM TIAN RD,161127,1.281962434660801,103.8295591411326,2026-10-01
225709,2026-09,BUKIT MERAH,4 ROOM,127D,KIM TIAN RD,13 TO 15,88.0,Model A,2013,85 years 06 months,998888.0,127D KIM TIAN RD,164127,1.281119805550519,103.8299431749274,2026-10-01
223513,2026-09,BEDOK,4 ROOM,55,CHAI CHEE DR,01 TO 03,105.0,Model A,1984,56 years 08 months,525000.0,55 CHAI CHEE DR,460055,1.326848469483332,103.9190155730782,2026-10-01
225685,2026-09,BUKIT MERAH,4 ROOM,39,JLN RUMAH TINGGI,16 TO 18,100.0,Model A,1997,69 years 10 months,730000.0,39 JLN RUMAH TINGGI,151039,1.288633342893119,103.8100159010105,2026-10-01
225678,2026-09,BUKIT MERAH,4 ROOM,26D,JLN MEMBINA,13 TO 15,90.0,Model A,2009,81 years 04 months,978888.0,26D JLN MEMBINA,167026,1.282098839871588,103.8252028109337,2026-10-01
225677,2026-09,BUKIT MERAH,4 ROOM,118A,JLN MEMBINA,07 TO 09,90.0,Model A,2003,75 years 04 months,920000.0,118A JLN MEMBINA,161118,1.28142028197973,103.8256452163112,2026-10-01
225676,2026-09,BUKIT MERAH,4 ROOM,27A,JLN MEMBINA,13 TO 15,90.0,Model A,2008,81 years 04 months,967000.0,27A JLN MEMBINA,163027,1.282218691386111,103.8245362547611,2026-10-01
225675,2026-09,BUKIT MERAH,4 ROOM,27A,JLN MEMBINA,19 TO 21,90.0,Model A,2008,81 years 04 months,948000.0,27A JLN MEMBINA,163027,1.282218691386111,103.8245362547611,2026-10-01
225674,2026-09,BUKIT MERAH,4 ROOM,118C,JLN MEMBINA,28 TO 30,85.0,Model A,2003,75 years 06 months,920000.0,118C JLN MEMBINA,163118,1.282169370822602,103.8263337150847,2026-10-01
225639,2026-09,BUKIT MERAH,4 ROOM,96A,HENDERSON RD,25 TO 27,93.0,Model A,2019,91 years 08 months,1200000.0,96A HENDERSON RD,151096,1.287988788366508,103.8219472603591,2026-10-01
223532,2026-09,BEDOK,4 ROOM,808B,CHAI CHEE RD,13 TO 15,93.0,Model A,2016,89 years 03 months,825000.0,808B CHAI CHEE RD,462808,1.327472422018692,103.9238682639714,2026-10-01
223541,2026-09,BEDOK,4 ROOM,667,JLN DAMAI,04 TO 06,108.0,Model A,1996,69 years 03 months,728000.0,667 JLN DAMAI,410667,1.333745450144747,103.9088586112305,2026-10-01
225638,2026-09,BUKIT MERAH,4 ROOM,95B,HENDERSON RD,13 TO 15,83.0,Model A,2019,91 years 09 months,943000.0,95B HENDERSON RD,152095,1.286977038991679,103.8215588323034,2026-10-01
225621,2026-09,BUKIT MERAH,4 ROOM,101,HENDERSON CRES,04 TO 06,74.0,Standard,1970,42 years 10 months,485000.0,101 HENDERSON CRES,150101,1.290717997515392,103.8216252077363,2026-10-01
225620,2026-09,BUKIT MERAH,4 ROOM,103,HENDERSON CRES,07 TO 09,74.0,Standard,1970,42 years 11 months,508000.0,103 HENDERSON CRES,150103,1.289742096845459,103.8213756815688,2026-10-01
225594,2026-09,BUKIT MERAH,4 ROOM,110A,DEPOT RD,19 TO 21,92.0,Model A,2017,90 years 02 months,880000.0,110A DEPOT RD,101110,1.281428248150365,103.8092428129186,2026-10-01
225593,2026-09,BUKIT MERAH,4 ROOM,105A,DEPOT RD,07 TO 09,92.0,Model A,2017,90 years 03 months,840000.0,105A DEPOT RD,101105,1.281071165468352,103.8114057303514,2026-10-01
225572,2026-09,BUKIT MERAH,4 ROOM,8,CANTONMENT CL,19 TO 21,90.0,Model A,2002,75 years 05 months,1055000.0,8 CANTONMENT CL,81008,1.275801012778004,103.8390326387714,2026-10-01
225560,2026-09,BUKIT MERAH,4 ROOM,113,BT PURMEI RD,10 TO 12,106.0,Model A,1984,57 years 01 month,715000.0,113 BT PURMEI RD,90113,1.274770125361139,103.826932267703,2026-10-01
225300,2026-09,BUKIT MERAH,3 ROOM,119,BT MERAH VIEW,13 TO 15,65.0,Improved,1983,55 years 05 months,408000.0,119 BT MERAH VIEW,152119,1.283527551664666,103.820830012818,2026-10-01
225286,2026-09,BUKIT MERAH,2 ROOM,45,TELOK BLANGAH DR,07 TO 09,45.0,Improved,1976,48 years 04 months,288888.88,45 TELOK BLANGAH DR,100045,1.271757070901536,103.8095604383266,2026-10-01
225279,2026-09,BUKIT MERAH,2 ROOM,12,TAMAN HO SWEE,01 TO 03,43.0,Standard,1970,42 years 05 months,243000.0,12 TAMAN HO SWEE,162012,1.287807531472987,103.8327805766688,2026-10-01
225274,2026-09,BUKIT MERAH,2 ROOM,127C,KIM TIAN RD,10 TO 12,47.0,2-room,2013,85 years 05 months,520000.0,127C KIM TIAN RD,163127,1.281522804200035,103.8300357571652,2026-10-01
223646,2026-09,BEDOK,5 ROOM,711,BEDOK RESERVOIR RD,07 TO 09,125.0,Improved,1980,53 years 03 months,725000.0,711 BEDOK RESERVOIR RD,470711,1.335973416082511,103.9236902958888,2026-10-01
224980,2026-09,BUKIT BATOK,5 ROOM,293C,BT BATOK ST 21,25 TO 27,113.0,Improved,2019,91 years 05 months,1005000.0,293C BT BATOK ST 21,653293,1.345370934794352,103.7549894477498,2026-10-01
224979,2026-09,BUKIT BATOK,5 ROOM,203,BT BATOK ST 21,13 TO 15,133.0,Model A,1985,57 years 10 months,810000.0,203 BT BATOK ST 21,650203,1.347332585958108,103.7489903896845,2026-10-01
224959,2026-09,BUKIT BATOK,5 ROOM,292B,BT BATOK EAST AVE 6,16 TO 18,113.0,Improved,2019,91 years 05 months,918000.0,292B BT BATOK EAST AVE 6,652292,1.344779531863127,103.7539616758287,2026-10-01
224953,2026-09,BUKIT BATOK,5 ROOM,243,BT BATOK EAST AVE 5,01 TO 03,121.0,Improved,1985,57 years 08 months,610000.0,243 BT BATOK EAST AVE 5,650243,1.349620134363591,103.7564321365297,2026-10-01
224949,2026-09,BUKIT BATOK,5 ROOM,621,BT BATOK CTRL,01 TO 03,110.0,Improved,2003,76 years 03 months,782000.0,621 BT BATOK CTRL,650621,1.350229164994684,103.7483406726733,2026-10-01
224944,2026-09,BUKIT BATOK,4 ROOM,460D,BT BATOK WEST AVE 9,10 TO 12,93.0,Model A,2020,92 years 08 months,685000.0,460D BT BATOK WEST AVE 9,654460,1.353570382294027,103.7402148360333,2026-10-01
223668,2026-09,BEDOK,5 ROOM,763,BEDOK RESERVOIR VIEW,13 TO 15,115.0,Premium Apartment,2000,73 years 03 months,869000.0,763 BEDOK RESERVOIR VIEW,470763,1.33607209475067,103.9348306063233,2026-10-01
224942,2026-09,BUKIT BATOK,4 ROOM,467A,BT BATOK WEST AVE 9,13 TO 15,93.0,Model A,2021,93 years 11 months,688000.0,467A BT BATOK WEST AVE 9,651467,1.35651860042533,103.743862528559,2026-10-01
224941,2026-09,BUKIT BATOK,4 ROOM,467A,BT BATOK WEST AVE 9,04 TO 06,93.0,Model A,2021,93 years 11 months,625000.0,467A BT BATOK WEST AVE 9,651467,1.35651860042533,103.743862528559,2026-10-01
224875,2026-09,BUKIT BATOK,4 ROOM,445A,BT BATOK WEST AVE 8,01 TO 03,92.0,Model A,2019,91 years 04 months,625000.0,445A BT BATOK WEST AVE 8,651445,1.350974191190702,103.7392402582162,2026-10-01
224874,2026-09,BUKIT BATOK,4 ROOM,461A,BT BATOK WEST AVE 8,07 TO 09,93.0,Model A,2019,92 years,680000.0,461A BT BATOK WEST AVE 8,651461,1.35492017502697,103.7399731600669,2026-10-01
224873,2026-09,BUKIT BATOK,4 ROOM,439B,BT BATOK WEST AVE 8,13 TO 15,93.0,Model A,2020,92 years 05 months,698000.0,439B BT BATOK WEST AVE 8,652439,1.357214948567451,103.7393429922809,2026-10-01
224872,2026-09,BUKIT BATOK,4 ROOM,443D,BT BATOK WEST AVE 8,10 TO 12,92.0,Model A,2019,91 years 06 months,660000.0,443D BT BATOK WEST AVE 8,654443,1.355593417155189,103.7371182479716,2026-10-01
224871,2026-09,BUKIT BATOK,4 ROOM,464A,BT BATOK WEST AVE 8,01 TO 03,93.0,Model A,2021,93 years 10 months,638000.0,464A BT BATOK WEST AVE 8,651464,1.357370214143069,103.7417496817024,2026-10-01
224870,2026-09,BUKIT BATOK,4 ROOM,441B,BT BATOK WEST AVE 8,10 TO 12,92.0,Model A,2019,91 years 07 months,696000.0,441B BT BATOK WEST AVE 8,652441,1.356003272282386,103.7385491013924,2026-10-01
224869,2026-09,BUKIT BATOK,4 ROOM,464B,BT BATOK WEST AVE 8,16 TO 18,93.0,Model A,2021,93 years 11 months,660888.0,464B BT BATOK WEST AVE 8,652464,1.3579967815657,103.7421021659275,2026-10-01
224868,2026-09,BUKIT BATOK,4 ROOM,442A,BT BATOK WEST AVE 8,07 TO 09,92.0,Model A,2019,91 years 07 months,660000.0,442A BT BATOK WEST AVE 8,651442,1.356604807197375,103.7386281858428,2026-10-01
224867,2026-09,BUKIT BATOK,4 ROOM,439C,BT BATOK WEST AVE 8,10 TO 12,93.0,Model A,2020,92 years 06 months,685000.0,439C BT BATOK WEST AVE 8,653439,1.357628612959266,103.7388575244064,2026-10-01
224776,2026-09,BUKIT BATOK,4 ROOM,453A,BT BATOK WEST AVE 6,07 TO 09,93.0,Model A,2019,91 years 06 months,663000.0,453A BT BATOK WEST AVE 6,651453,1.352274883054454,103.7422532605123,2026-10-01
224775,2026-09,BUKIT BATOK,4 ROOM,113,BT BATOK WEST AVE 6,10 TO 12,104.0,Model A,1984,56 years 10 months,578000.0,113 BT BATOK WEST AVE 6,650113,1.34883637963314,103.7451734040823,2026-10-01
224774,2026-09,BUKIT BATOK,4 ROOM,450B,BT BATOK WEST AVE 6,13 TO 15,93.0,Model A,2019,91 years 06 months,738000.0,450B BT BATOK WEST AVE 6,652450,1.352357530045247,103.7443959186874,2026-10-01
224773,2026-09,BUKIT BATOK,4 ROOM,187,BT BATOK WEST AVE 6,04 TO 06,105.0,Model A,1989,61 years 05 months,550000.0,187 BT BATOK WEST AVE 6,650187,1.346513441181581,103.7446143589376,2026-10-01
224772,2026-09,BUKIT BATOK,4 ROOM,450B,BT BATOK WEST AVE 6,07 TO 09,93.0,Model A,2019,91 years 07 months,690000.0,450B BT BATOK WEST AVE 6,652450,1.352357530045247,103.7443959186874,2026-10-01
224771,2026-09,BUKIT BATOK,4 ROOM,450C,BT BATOK WEST AVE 6,16 TO 18,93.0,Model A,2019,91 years 07 months,680000.0,450C BT BATOK WEST AVE 6,653450,1.352041422760727,103.7438448132535,2026-10-01
225003,2026-09,BUKIT BATOK,5 ROOM,290E,BT BATOK ST 24,16 TO 18,121.0,Improved,1997,70 years 03 months,755000.0,290E BT BATOK ST 24,654290,1.343891047710253,103.7576891797088,2026-10-01
225010,2026-09,BUKIT BATOK,5 ROOM,288F,BT BATOK ST 25,07 TO 09,122.0,Improved,1998,70 years 11 months,750000.0,288F BT BATOK ST 25,655288,1.345250929969585,103.7583611541963,2026-10-01
225011,2026-09,BUKIT BATOK,5 ROOM,289E,BT BATOK ST 25,01 TO 03,122.0,Improved,1998,70 years 04 months,690000.0,289E BT BATOK ST 25,654289,1.344170293367957,103.7594313878395,2026-10-01
223590,2026-09,BEDOK,5 ROOM,516,BEDOK NTH AVE 2,16 TO 18,119.0,Improved,1979,52 years,736888.0,516 BEDOK NTH AVE 2,460516,1.331059973155097,103.9300413928821,2026-10-01
225251,2026-09,BUKIT BATOK,EXECUTIVE,403,BT BATOK WEST AVE 7,07 TO 09,148.0,Apartment,1993,65 years 07 months,855000.0,403 BT BATOK WEST AVE 7,650403,1.365140401891393,103.7448651266713,2026-10-01
223575,2026-09,BEDOK,4 ROOM,52,NEW UPP CHANGI RD,10 TO 12,84.0,Improved,1977,50 years,475000.0,52 NEW UPP CHANGI RD,461052,1.323903872001753,103.9425113664902,2026-10-01
225247,2026-09,BUKIT BATOK,EXECUTIVE,135,BT BATOK WEST AVE 6,10 TO 12,161.0,Adjoined flat,1984,57 years 04 months,880000.0,135 BT BATOK WEST AVE 6,650135,1.351252319182177,103.7447950178342,2026-10-01
223576,2026-09,BEDOK,5 ROOM,220C,BEDOK CTRL,01 TO 03,112.0,Improved,2010,82 years 09 months,1056888.0,220C BEDOK CTRL,463220,1.325531755090199,103.9338545399224,2026-10-01
225227,2026-09,BUKIT BATOK,EXECUTIVE,289A,BT BATOK ST 25,01 TO 03,144.0,Apartment,1997,70 years 03 months,870000.0,289A BT BATOK ST 25,650289,1.344489809170266,103.7605171624837,2026-10-01
225211,2026-09,BUKIT BATOK,EXECUTIVE,122,BT BATOK CTRL,04 TO 06,145.0,Apartment,1985,57 years 09 months,838000.0,122 BT BATOK CTRL,650122,1.352043476781752,103.7469522734153,2026-10-01
225198,2026-09,BUKIT BATOK,5 ROOM,467B,BT BATOK WEST AVE 9,07 TO 09,113.0,Improved,2021,93 years 10 months,805000.0,467B BT BATOK WEST AVE 9,652467,1.35614011912777,103.7431637852842,2026-10-01
225197,2026-09,BUKIT BATOK,5 ROOM,467B,BT BATOK WEST AVE 9,01 TO 03,113.0,Improved,2021,93 years 10 months,755000.0,467B BT BATOK WEST AVE 9,652467,1.35614011912777,103.7431637852842,2026-10-01
225196,2026-09,BUKIT BATOK,5 ROOM,467B,BT BATOK WEST AVE 9,13 TO 15,113.0,Improved,2021,93 years 11 months,838000.0,467B BT BATOK WEST AVE 9,652467,1.35614011912777,103.7431637852842,2026-10-01
225182,2026-09,BUKIT BATOK,5 ROOM,442C,BT BATOK WEST AVE 8,04 TO 06,112.0,Improved,2019,91 years 06 months,770000.0,442C BT BATOK WEST AVE 8,653442,1.357133643674237,103.7379727396203,2026-10-01
223589,2026-09,BEDOK,5 ROOM,414,BEDOK NTH AVE 2,13 TO 15,119.0,Improved,1978,51 years 03 months,716000.0,414 BEDOK NTH AVE 2,460414,1.33004344242589,103.9299318444684,2026-10-01
223642,2026-09,BEDOK,5 ROOM,601,BEDOK RESERVOIR RD,10 TO 12,121.0,Improved,1982,54 years 09 months,635000.0,601 BEDOK RESERVOIR RD,470601,1.330067213151527,103.9116192641958,2026-10-01
225012,2026-09,BUKIT BATOK,5 ROOM,303,BT BATOK ST 31,01 TO 03,122.0,Improved,1985,57 years 10 months,618000.0,303 BT BATOK ST 31,650303,1.356751517404417,103.7481939520676,2026-10-01
223643,2026-09,BEDOK,5 ROOM,613B,BEDOK RESERVOIR RD,07 TO 09,121.0,Improved,1998,70 years 06 months,866888.0,613B BEDOK RESERVOIR RD,472613,1.332787311585209,103.9182223161329,2026-10-01
225178,2026-09,BUKIT BATOK,5 ROOM,439C,BT BATOK WEST AVE 8,04 TO 06,113.0,Improved,2020,92 years 06 months,800000.0,439C BT BATOK WEST AVE 8,653439,1.357628612959266,103.7388575244064,2026-10-01
225177,2026-09,BUKIT BATOK,5 ROOM,461C,BT BATOK WEST AVE 8,07 TO 09,114.0,Improved,2019,92 years 01 month,828000.0,461C BT BATOK WEST AVE 8,653461,1.354826120178312,103.7406582094938,2026-10-01
225176,2026-09,BUKIT BATOK,5 ROOM,171,BT BATOK WEST AVE 8,22 TO 24,134.0,Model A,1985,57 years 08 months,790000.0,171 BT BATOK WEST AVE 8,650171,1.346100211793014,103.7402296216902,2026-10-01
223644,2026-09,BEDOK,5 ROOM,720,BEDOK RESERVOIR RD,07 TO 09,132.0,Model A,1984,56 years 05 months,820000.0,720 BEDOK RESERVOIR RD,470720,1.335972773547534,103.9248830205406,2026-10-01
225175,2026-09,BUKIT BATOK,5 ROOM,464A,BT BATOK WEST AVE 8,13 TO 15,113.0,Improved,2021,93 years 11 months,830000.0,464A BT BATOK WEST AVE 8,651464,1.357370214143069,103.7417496817024,2026-10-01
223645,2026-09,BEDOK,5 ROOM,601,BEDOK RESERVOIR RD,04 TO 06,121.0,Improved,1982,54 years 09 months,635000.0,601 BEDOK RESERVOIR RD,470601,1.330067213151527,103.9116192641958,2026-10-01
225174,2026-09,BUKIT BATOK,5 ROOM,445A,BT BATOK WEST AVE 8,19 TO 21,112.0,Improved,2019,91 years 05 months,868000.0,445A BT BATOK WEST AVE 8,651445,1.350974191190702,103.7392402582162,2026-10-01
225094,2026-09,BUKIT BATOK,5 ROOM,450B,BT BATOK WEST AVE 6,13 TO 15,115.0,Improved,2019,91 years 07 months,850000.0,450B BT BATOK WEST AVE 6,652450,1.352357530045247,103.7443959186874,2026-10-01
225093,2026-09,BUKIT BATOK,5 ROOM,453B,BT BATOK WEST AVE 6,07 TO 09,115.0,Improved,2019,91 years 07 months,825000.0,453B BT BATOK WEST AVE 6,652453,1.35202191803833,103.7426886354308,2026-10-01
225017,2026-09,BUKIT BATOK,5 ROOM,331,BT BATOK ST 33,07 TO 09,122.0,Improved,1986,59 years 03 months,635000.0,331 BT BATOK ST 33,650331,1.363611866007989,103.7476453066324,2026-10-01
227764,2026-09,CLEMENTI,3 ROOM,706,CLEMENTI WEST ST 2,07 TO 09,68.0,New Generation,1980,52 years 11 months,370000.0,706 CLEMENTI WEST ST 2,120706,1.306760760286522,103.7623631369755,2026-10-01
223789,2026-09,BEDOK,EXECUTIVE,160,BEDOK STH AVE 3,10 TO 12,152.0,Maisonette,1986,58 years 09 months,1200000.0,160 BEDOK STH AVE 3,460160,1.319259829863728,103.9452028774726,2026-10-01
227817,2026-09,CLEMENTI,4 ROOM,333,CLEMENTI AVE 2,10 TO 12,92.0,New Generation,1978,50 years 11 months,625000.0,333 CLEMENTI AVE 2,120333,1.315184195067699,103.767498748964,2026-10-01
222708,2026-09,ANG MO KIO,5 ROOM,228B,ANG MO KIO ST 23,19 TO 21,113.0,Improved,2021,94 years,1360000.0,228B ANG MO KIO ST 23,562228,1.368377792634095,103.8392232993448,2026-10-01
222633,2026-09,ANG MO KIO,5 ROOM,305,ANG MO KIO AVE 1,07 TO 09,123.0,Standard,1977,49 years 11 months,750000.0,305 ANG MO KIO AVE 1,560305,1.366084590989438,103.8460138954324,2026-10-01
222634,2026-09,ANG MO KIO,5 ROOM,310A,ANG MO KIO AVE 1,16 TO 18,121.0,Improved,2012,85 years 01 month,1310000.0,310A ANG MO KIO AVE 1,561310,1.364827262026724,103.8438393179739,2026-10-01
230248,2026-09,JURONG WEST,4 ROOM,688,JURONG WEST CTRL 1,01 TO 03,99.0,Premium Apartment,1998,70 years 09 months,560000.0,688 JURONG WEST CTRL 1,640688,1.341104579562809,103.7053529238017,2026-10-01
230232,2026-09,JURONG WEST,4 ROOM,430,JURONG WEST AVE 1,01 TO 03,103.0,Model A,1985,57 years 05 months,490500.0,430 JURONG WEST AVE 1,640430,1.351954311397205,103.7256226365887,2026-10-01
230231,2026-09,JURONG WEST,4 ROOM,431,JURONG WEST AVE 1,01 TO 03,104.0,Model A,1985,57 years 05 months,452000.0,431 JURONG WEST AVE 1,640431,1.352303065264576,103.7246321977398,2026-10-01
230230,2026-09,JURONG WEST,4 ROOM,430,JURONG WEST AVE 1,04 TO 06,103.0,Model A,1985,57 years 05 months,475000.0,430 JURONG WEST AVE 1,640430,1.351954311397205,103.7256226365887,2026-10-01
230229,2026-09,JURONG WEST,4 ROOM,431,JURONG WEST AVE 1,07 TO 09,104.0,Model A,1985,57 years 05 months,455000.0,431 JURONG WEST AVE 1,640431,1.352303065264576,103.7246321977398,2026-10-01
230228,2026-09,JURONG WEST,4 ROOM,430,JURONG WEST AVE 1,07 TO 09,103.0,Model A,1985,57 years 05 months,515000.0,430 JURONG WEST AVE 1,640430,1.351954311397205,103.7256226365887,2026-10-01
230205,2026-09,JURONG WEST,4 ROOM,140D,CORPORATION DR,13 TO 15,93.0,Model A,2019,91 years 10 months,670000.0,140D CORPORATION DR,614140,1.327591300335527,103.7246319214455,2026-10-01
230194,2026-09,JURONG WEST,4 ROOM,258,BOON LAY DR,10 TO 12,113.0,Model A,1995,67 years 10 months,545888.0,258 BOON LAY DR,640258,1.346187129072286,103.7084252767769,2026-10-01
222652,2026-09,ANG MO KIO,5 ROOM,545,ANG MO KIO AVE 10,22 TO 24,118.0,Improved,1981,53 years 05 months,798888.0,545 ANG MO KIO AVE 10,560545,1.373179219049365,103.8562945414289,2026-10-01
230151,2026-09,JURONG WEST,3 ROOM,138C,YUAN CHING RD,19 TO 21,67.0,DBSS,2014,87 years 01 month,580000.0,138C YUAN CHING RD,613138,1.328437977276438,103.7237958933766,2026-10-01
230122,2026-09,JURONG WEST,3 ROOM,915,JURONG WEST ST 91,01 TO 03,73.0,Model A,1988,60 years 10 months,380000.0,915 JURONG WEST ST 91,640915,1.341089189531937,103.6878703321114,2026-10-01
230109,2026-09,JURONG WEST,3 ROOM,534,JURONG WEST ST 52,04 TO 06,67.0,New Generation,1982,54 years 08 months,370000.0,534 JURONG WEST ST 52,640534,1.348967718917242,103.7171060456257,2026-10-01
230108,2026-09,JURONG WEST,3 ROOM,510,JURONG WEST ST 52,04 TO 06,74.0,Model A,1984,56 years 05 months,420000.0,510 JURONG WEST ST 52,640510,1.348377979872605,103.7194483234869,2026-10-01
230107,2026-09,JURONG WEST,3 ROOM,530,JURONG WEST ST 52,04 TO 06,67.0,New Generation,1983,56 years,372000.0,530 JURONG WEST ST 52,640530,1.348532871720234,103.7154681462965,2026-10-01
230106,2026-09,JURONG WEST,3 ROOM,530,JURONG WEST ST 52,07 TO 09,82.0,New Generation,1983,56 years,408000.0,530 JURONG WEST ST 52,640530,1.348532871720234,103.7154681462965,2026-10-01
230105,2026-09,JURONG WEST,3 ROOM,530,JURONG WEST ST 52,04 TO 06,82.0,New Generation,1983,56 years,395000.0,530 JURONG WEST ST 52,640530,1.348532871720234,103.7154681462965,2026-10-01
230079,2026-09,JURONG WEST,3 ROOM,448,JURONG WEST ST 42,07 TO 09,75.0,Model A,1984,57 years 01 month,430000.0,448 JURONG WEST ST 42,640448,1.352632578796916,103.7194009981515,2026-10-01
230078,2026-09,JURONG WEST,3 ROOM,418,JURONG WEST ST 42,01 TO 03,71.0,Simplified,1985,57 years 08 months,393000.0,418 JURONG WEST ST 42,640418,1.351144543667155,103.7264731309976,2026-10-01
230067,2026-09,JURONG WEST,3 ROOM,456,JURONG WEST ST 41,07 TO 09,67.0,New Generation,1985,57 years 06 months,400000.0,456 JURONG WEST ST 41,640456,1.350675728434713,103.7200223928938,2026-10-01
222655,2026-09,ANG MO KIO,5 ROOM,259,ANG MO KIO AVE 2,22 TO 24,135.0,Model A,1982,54 years 08 months,999888.0,259 ANG MO KIO AVE 2,560259,1.36858148248532,103.831557777899,2026-10-01
230066,2026-09,JURONG WEST,3 ROOM,481,JURONG WEST ST 41,10 TO 12,67.0,New Generation,1985,57 years 08 months,390000.0,481 JURONG WEST ST 41,640481,1.346846144659393,103.7252299883012,2026-10-01
222670,2026-09,ANG MO KIO,5 ROOM,648,ANG MO KIO AVE 5,13 TO 15,121.0,Improved,1980,53 years 03 months,668000.0,648 ANG MO KIO AVE 5,560648,1.378238593538409,103.8437197288863,2026-10-01
222674,2026-09,ANG MO KIO,5 ROOM,714,ANG MO KIO AVE 6,04 TO 06,119.0,Improved,1980,52 years 09 months,720000.0,714 ANG MO KIO AVE 6,560714,1.371096497809468,103.8462315244797,2026-10-01
222624,2026-09,ANG MO KIO,4 ROOM,596A,ANG MO KIO ST 52,04 TO 06,93.0,Model A,2002,75 years 03 months,770000.0,596A ANG MO KIO ST 52,561596,1.372430239744232,103.8509491739492,2026-10-01
222603,2026-09,ANG MO KIO,4 ROOM,352,ANG MO KIO ST 32,22 TO 24,90.0,Model A,2001,74 years 01 month,808888.0,352 ANG MO KIO ST 32,560352,1.364424744048629,103.8508640376766,2026-10-01
230306,2026-09,JURONG WEST,4 ROOM,449,JURONG WEST ST 42,04 TO 06,104.0,Model A,1985,57 years 06 months,478000.0,449 JURONG WEST ST 42,640449,1.352347996318652,103.7184383882276,2026-10-01
230390,2026-09,JURONG WEST,4 ROOM,676B,JURONG WEST ST 64,01 TO 03,93.0,Premium Apartment,2008,80 years 10 months,522050.0,676B JURONG WEST ST 64,642676,1.346002188424274,103.7041892229198,2026-10-01
230458,2026-09,JURONG WEST,4 ROOM,739,JURONG WEST ST 73,07 TO 09,106.0,Model A,1995,67 years 09 months,565000.0,739 JURONG WEST ST 73,640739,1.345942985738587,103.7001201166907,2026-10-01
230457,2026-09,JURONG WEST,4 ROOM,751,JURONG WEST ST 73,04 TO 06,104.0,Model A,1992,65 years,503888.0,751 JURONG WEST ST 73,640751,1.347609581446126,103.6992277401747,2026-10-01
230432,2026-09,JURONG WEST,4 ROOM,657B,JURONG WEST ST 65,13 TO 15,91.0,Model A,2001,73 years 09 months,540000.0,657B JURONG WEST ST 65,642657,1.335960986834491,103.7008403003609,2026-10-01
230431,2026-09,JURONG WEST,4 ROOM,657A,JURONG WEST ST 65,04 TO 06,91.0,Model A,2002,74 years 07 months,550000.0,657A JURONG WEST ST 65,641657,1.335413180205172,103.7002893133109,2026-10-01
230430,2026-09,JURONG WEST,4 ROOM,673C,JURONG WEST ST 65,10 TO 12,91.0,Model A,2002,75 years 04 months,530000.0,673C JURONG WEST ST 65,643673,1.344712135249565,103.7013130825386,2026-10-01
230429,2026-09,JURONG WEST,4 ROOM,657A,JURONG WEST ST 65,07 TO 09,91.0,Model A,2002,74 years 08 months,565000.0,657A JURONG WEST ST 65,641657,1.335413180205172,103.7002893133109,2026-10-01
230428,2026-09,JURONG WEST,4 ROOM,657A,JURONG WEST ST 65,07 TO 09,91.0,Model A,2002,74 years 08 months,538000.0,657A JURONG WEST ST 65,641657,1.335413180205172,103.7002893133109,2026-10-01
230427,2026-09,JURONG WEST,4 ROOM,663C,JURONG WEST ST 65,07 TO 09,91.0,Model A,2000,73 years,600000.0,663C JURONG WEST ST 65,643663,1.338045316821196,103.7024297038422,2026-10-01
230393,2026-09,JURONG WEST,4 ROOM,668C,JURONG WEST ST 64,07 TO 09,86.0,Model A2,2000,72 years 10 months,555000.0,668C JURONG WEST ST 64,643668,1.341332843614251,103.7034039938118,2026-10-01
230392,2026-09,JURONG WEST,4 ROOM,668D,JURONG WEST ST 64,10 TO 12,85.0,Model A2,2000,72 years 11 months,548000.0,668D JURONG WEST ST 64,644668,1.341257872257632,103.7030009331834,2026-10-01
230391,2026-09,JURONG WEST,4 ROOM,664D,JURONG WEST ST 64,10 TO 12,90.0,Model A,2000,72 years 11 months,545000.0,664D JURONG WEST ST 64,644664,1.338946411025365,103.7027843522262,2026-10-01
230367,2026-09,JURONG WEST,4 ROOM,645,JURONG WEST ST 61,07 TO 09,100.0,Model A,1998,71 years 01 month,557000.0,645 JURONG WEST ST 61,640645,1.339035320102437,103.6964613383721,2026-10-01
230307,2026-09,JURONG WEST,4 ROOM,433,JURONG WEST ST 42,10 TO 12,103.0,Model A,1985,57 years 06 months,465000.0,433 JURONG WEST ST 42,640433,1.352779844530908,103.7228585782563,2026-10-01
230366,2026-09,JURONG WEST,4 ROOM,642,JURONG WEST ST 61,07 TO 09,100.0,Model A,1998,71 years 01 month,530000.0,642 JURONG WEST ST 61,640642,1.340369896942001,103.6958398249589,2026-10-01
230365,2026-09,JURONG WEST,4 ROOM,643,JURONG WEST ST 61,01 TO 03,90.0,Model A2,1998,70 years 10 months,490000.0,643 JURONG WEST ST 61,640643,1.339252293934049,103.6956901865504,2026-10-01
230328,2026-09,JURONG WEST,4 ROOM,528,JURONG WEST ST 52,01 TO 03,99.0,New Generation,1983,55 years 08 months,540168.0,528 JURONG WEST ST 52,640528,1.348321604333844,103.7169557689224,2026-10-01
230327,2026-09,JURONG WEST,4 ROOM,517E,JURONG WEST ST 52,13 TO 15,95.0,Model A,2000,72 years 08 months,740000.0,517E JURONG WEST ST 52,645517,1.34456777104819,103.7190188849386,2026-10-01
230326,2026-09,JURONG WEST,4 ROOM,511,JURONG WEST ST 52,10 TO 12,103.0,Model A,1984,56 years 07 months,600000.0,511 JURONG WEST ST 52,640515,1.347792672113154,103.7195911052393,2026-10-01
230325,2026-09,JURONG WEST,4 ROOM,517C,JURONG WEST ST 52,04 TO 06,95.0,Model A,2000,72 years 10 months,638888.0,517C JURONG WEST ST 52,643517,1.344936307691219,103.7200246351552,2026-10-01
230324,2026-09,JURONG WEST,4 ROOM,517A,JURONG WEST ST 52,04 TO 06,95.0,Model A,2000,72 years 09 months,670000.0,517A JURONG WEST ST 52,641517,1.345317617073869,103.7212543061154,2026-10-01
230311,2026-09,JURONG WEST,4 ROOM,543,JURONG WEST ST 42,10 TO 12,108.0,Model A,1984,57 years 03 months,465000.0,543 JURONG WEST ST 42,640543,1.351863252385547,103.7157986460029,2026-10-01
230310,2026-09,JURONG WEST,4 ROOM,550,JURONG WEST ST 42,13 TO 15,103.0,Model A,1985,57 years 07 months,500000.0,550 JURONG WEST ST 42,640550,1.352804912573948,103.7167405371749,2026-10-01
230309,2026-09,JURONG WEST,4 ROOM,560A,JURONG WEST ST 42,07 TO 09,93.0,Model A,2018,90 years 06 months,630000.0,560A JURONG WEST ST 42,641560,1.353357993223705,103.7198290559805,2026-10-01
230308,2026-09,JURONG WEST,4 ROOM,449,JURONG WEST ST 42,10 TO 12,104.0,Model A,1985,57 years 06 months,513000.0,449 JURONG WEST ST 42,640449,1.352347996318652,103.7184383882276,2026-10-01
222682,2026-09,ANG MO KIO,5 ROOM,253,ANG MO KIO ST 21,04 TO 06,128.0,Improved,1996,68 years 07 months,940000.0,253 ANG MO KIO ST 21,560253,1.369460544578401,103.8346590460161,2026-10-01
230065,2026-09,JURONG WEST,3 ROOM,480,JURONG WEST ST 41,04 TO 06,67.0,New Generation,1985,58 years 02 months,365000.0,480 JURONG WEST ST 41,640480,1.346847660094615,103.7240418044767,2026-10-01
230500,2026-09,JURONG WEST,4 ROOM,813,JURONG WEST ST 81,10 TO 12,104.0,Model A,1990,62 years 06 months,490000.0,813 JURONG WEST ST 81,640813,1.34598386230772,103.6958294461894,2026-10-01
230064,2026-09,JURONG WEST,3 ROOM,477,JURONG WEST ST 41,07 TO 09,73.0,Model A,1984,56 years 11 months,400000.0,477 JURONG WEST ST 41,640477,1.347716112384717,103.7250870686339,2026-10-01
229861,2026-09,JURONG EAST,5 ROOM,265,TOH GUAN RD,19 TO 21,121.0,Improved,1998,71 years 02 months,810000.0,265 TOH GUAN RD,600265,1.34070811731139,103.7447023294379,2026-10-01
229860,2026-09,JURONG EAST,5 ROOM,286D,TOH GUAN RD,04 TO 06,123.0,Improved,1999,71 years 06 months,725000.0,286D TOH GUAN RD,604286,1.339626010544626,103.7444688401649,2026-10-01
229840,2026-09,JURONG EAST,5 ROOM,63,TEBAN GDNS RD,22 TO 24,114.0,Improved,2003,75 years 10 months,750000.0,63 TEBAN GDNS RD,600063,1.321027128354256,103.7395143611199,2026-10-01
222739,2026-09,ANG MO KIO,EXECUTIVE,465,ANG MO KIO AVE 10,10 TO 12,150.0,Adjoined flat,1980,52 years 06 months,1090000.0,465 ANG MO KIO AVE 10,560465,1.366201040829407,103.8572009672342,2026-10-01
222753,2026-09,BEDOK,2 ROOM,534,BEDOK NTH ST 3,04 TO 06,45.0,Improved,1986,58 years 06 months,330000.0,534 BEDOK NTH ST 3,460534,1.333036982130014,103.9248122483452,2026-10-01
222754,2026-09,BEDOK,2 ROOM,535,BEDOK NTH ST 3,04 TO 06,45.0,Improved,1986,58 years 05 months,318888.0,535 BEDOK NTH ST 3,460535,1.332702786883821,103.9234567306356,2026-10-01
229810,2026-09,JURONG EAST,5 ROOM,238,JURONG EAST ST 21,07 TO 09,120.0,Improved,1982,55 years 01 month,680000.0,238 JURONG EAST ST 21,600238,1.340719306749826,103.7405628855094,2026-10-01
229787,2026-09,JURONG EAST,5 ROOM,103,JURONG EAST ST 13,04 TO 06,120.0,Improved,1982,55 years 02 months,605000.0,103 JURONG EAST ST 13,600103,1.336687150157883,103.7380592002843,2026-10-01
229777,2026-09,JURONG EAST,4 ROOM,279,TOH GUAN RD,19 TO 21,100.0,Model A,1998,71 years 03 months,645000.0,279 TOH GUAN RD,600279,1.340728858689229,103.746781223695,2026-10-01
229776,2026-09,JURONG EAST,4 ROOM,268,TOH GUAN RD,07 TO 09,101.0,Model A,1999,71 years 06 months,628000.0,268 TOH GUAN RD,600268,1.341866528710682,103.7450352259795,2026-10-01
229774,2026-09,JURONG EAST,4 ROOM,277,TOH GUAN RD,19 TO 21,100.0,Model A,1998,71 years 02 months,640000.0,277 TOH GUAN RD,600277,1.341318926720999,103.7467257229297,2026-10-01
229750,2026-09,JURONG EAST,4 ROOM,55,TEBAN GDNS RD,28 TO 30,92.0,Model A,2016,89 years 02 months,700000.0,55 TEBAN GDNS RD,600055,1.321891969600344,103.7375515866054,2026-10-01
227858,2026-09,CLEMENTI,4 ROOM,462,CLEMENTI AVE 3,07 TO 09,90.0,Model A,2006,78 years 11 months,910000.0,462 CLEMENTI AVE 3,120462,1.311098760197238,103.7659063792765,2026-10-01
229748,2026-09,JURONG EAST,4 ROOM,31,TEBAN GDNS RD,04 TO 06,99.0,New Generation,1981,53 years 10 months,455000.0,31 TEBAN GDNS RD,600031,1.320308144269753,103.7389677337549,2026-10-01
229747,2026-09,JURONG EAST,4 ROOM,53,TEBAN GDNS RD,01 TO 03,83.0,Simplified,1986,59 years 04 months,420000.0,53 TEBAN GDNS RD,600053,1.321377097184441,103.7375775936588,2026-10-01
229746,2026-09,JURONG EAST,4 ROOM,22,TEBAN GDNS RD,10 TO 12,92.0,Model A,2013,86 years 01 month,597000.0,22 TEBAN GDNS RD,600022,1.322772390244516,103.7397142992537,2026-10-01
229714,2026-09,JURONG EAST,4 ROOM,306,JURONG EAST ST 32,01 TO 03,94.0,New Generation,1983,56 years 01 month,452500.0,306 JURONG EAST ST 32,600306,1.34607046577403,103.7352526914674,2026-10-01
222801,2026-09,BEDOK,3 ROOM,519,BEDOK NTH AVE 1,04 TO 06,67.0,New Generation,1979,51 years 10 months,390000.0,519 BEDOK NTH AVE 1,460519,1.33087614142097,103.9280598543482,2026-10-01
222802,2026-09,BEDOK,3 ROOM,522,BEDOK NTH AVE 1,10 TO 12,67.0,New Generation,1979,52 years 01 month,408000.0,522 BEDOK NTH AVE 1,460522,1.33066302927677,103.9269803961092,2026-10-01
229693,2026-09,JURONG EAST,4 ROOM,208,JURONG EAST ST 21,01 TO 03,95.0,New Generation,1982,55 years 03 months,493000.0,208 JURONG EAST ST 21,600208,1.338436399583317,103.7426668508445,2026-10-01
229676,2026-09,JURONG EAST,4 ROOM,113,JURONG EAST ST 13,04 TO 06,90.0,New Generation,1981,53 years 09 months,480000.0,113 JURONG EAST ST 13,600113,1.338797913612431,103.7348077248315,2026-10-01
229666,2026-09,JURONG EAST,3 ROOM,43,TEBAN GDNS RD,01 TO 03,68.0,New Generation,1985,58 years,350000.0,43 TEBAN GDNS RD,600043,1.321102558740938,103.7416740297913,2026-10-01
229665,2026-09,JURONG EAST,3 ROOM,48,TEBAN GDNS RD,04 TO 06,68.0,New Generation,1985,58 years 03 months,360000.0,48 TEBAN GDNS RD,600048,1.320497728932938,103.7399676660955,2026-10-01
229664,2026-09,JURONG EAST,3 ROOM,23,TEBAN GDNS RD,04 TO 06,72.0,Model A,2013,86 years 01 month,458000.0,23 TEBAN GDNS RD,600023,1.322857731814241,103.7392387339694,2026-10-01
229663,2026-09,JURONG EAST,3 ROOM,48,TEBAN GDNS RD,10 TO 12,68.0,New Generation,1985,58 years 03 months,370000.0,48 TEBAN GDNS RD,600048,1.320497728932938,103.7399676660955,2026-10-01
229862,2026-09,JURONG EAST,5 ROOM,265,TOH GUAN RD,01 TO 03,121.0,Improved,1998,71 years 01 month,710000.0,265 TOH GUAN RD,600265,1.34070811731139,103.7447023294379,2026-10-01
229863,2026-09,JURONG EAST,5 ROOM,279,TOH GUAN RD,13 TO 15,120.0,Improved,1998,71 years 04 months,780000.0,279 TOH GUAN RD,600279,1.340728858689229,103.746781223695,2026-10-01
222736,2026-09,ANG MO KIO,5 ROOM,588B,ANG MO KIO ST 52,16 TO 18,120.0,DBSS,2011,83 years 11 months,1220000.0,588B ANG MO KIO ST 52,562588,1.371975712611299,103.8531508949354,2026-10-01
229916,2026-09,JURONG WEST,2 ROOM,140A,CORPORATION DR,01 TO 03,38.0,Model A,2019,91 years 09 months,340000.0,140A CORPORATION DR,611140,1.327353468027837,103.723134909336,2026-10-01
230063,2026-09,JURONG WEST,3 ROOM,481,JURONG WEST ST 41,10 TO 12,67.0,New Generation,1985,57 years 08 months,400000.0,481 JURONG WEST ST 41,640481,1.346846144659393,103.7252299883012,2026-10-01
230019,2026-09,JURONG WEST,3 ROOM,111,HO CHING RD,10 TO 12,68.0,Improved,1970,42 years 07 months,282000.0,111 HO CHING RD,610111,1.333889395551149,103.7233061188819,2026-10-01
229999,2026-09,JURONG WEST,3 ROOM,213,BOON LAY PL,01 TO 03,75.0,Improved,1974,47 years 01 month,308000.0,213 BOON LAY PL,640213,1.349459341873768,103.7128403155077,2026-10-01
229998,2026-09,JURONG WEST,3 ROOM,208,BOON LAY PL,01 TO 03,65.0,Improved,1976,49 years 03 months,318000.0,208 BOON LAY PL,640208,1.347003673670845,103.7142164135844,2026-10-01
229997,2026-09,JURONG WEST,3 ROOM,213,BOON LAY PL,07 TO 09,66.0,Improved,1974,47 years 02 months,310000.0,213 BOON LAY PL,640213,1.349459341873768,103.7128403155077,2026-10-01
229961,2026-09,JURONG WEST,3 ROOM,180A,BOON LAY DR,13 TO 15,68.0,Model A,2014,86 years 08 months,528000.0,180A BOON LAY DR,641180,1.347617697569757,103.7086439210535,2026-10-01
229960,2026-09,JURONG WEST,3 ROOM,174,BOON LAY DR,04 TO 06,59.0,Improved,1978,50 years 11 months,315000.0,174 BOON LAY DR,640174,1.346249681108573,103.7093870131092,2026-10-01
229946,2026-09,JURONG WEST,3 ROOM,185,BOON LAY AVE,01 TO 03,68.0,Improved,1975,48 years 02 months,306000.0,185 BOON LAY AVE,640185,1.346405381745802,103.7107771128593,2026-10-01
229919,2026-09,JURONG WEST,2 ROOM,560A,JURONG WEST ST 42,13 TO 15,47.0,Model A,2018,90 years 06 months,379000.0,560A JURONG WEST ST 42,641560,1.353357993223705,103.7198290559805,2026-10-01
222720,2026-09,ANG MO KIO,5 ROOM,353,ANG MO KIO ST 32,25 TO 27,110.0,Improved,2001,74 years 01 month,925000.0,353 ANG MO KIO ST 32,560353,1.364068078796417,103.8516122845813,2026-10-01
229918,2026-09,JURONG WEST,2 ROOM,560A,JURONG WEST ST 42,01 TO 03,47.0,Model A,2018,90 years 06 months,350000.0,560A JURONG WEST ST 42,641560,1.353357993223705,103.7198290559805,2026-10-01
229915,2026-09,JURONG WEST,2 ROOM,140C,CORPORATION DR,13 TO 15,47.0,Model A,2019,91 years 10 months,363000.0,140C CORPORATION DR,613140,1.327543628463924,103.7242859772955,2026-10-01
222735,2026-09,ANG MO KIO,5 ROOM,596A,ANG MO KIO ST 52,25 TO 27,110.0,Improved,2002,75 years 04 months,1000000.0,596A ANG MO KIO ST 52,561596,1.372430239744232,103.8509491739492,2026-10-01
229914,2026-09,JURONG WEST,2 ROOM,150A,CORPORATION DR,10 TO 12,47.0,Model A,2019,91 years 09 months,365000.0,150A CORPORATION DR,611150,1.326753463216797,103.7221611966538,2026-10-01
229900,2026-09,JURONG EAST,EXECUTIVE,286C,TOH GUAN RD,01 TO 03,144.0,Apartment,1998,71 years 04 months,850000.0,286C TOH GUAN RD,603286,1.338945527185343,103.7444522325655,2026-10-01
229899,2026-09,JURONG EAST,EXECUTIVE,285A,TOH GUAN RD,04 TO 06,144.0,Apartment,1998,71 years 04 months,935000.0,285A TOH GUAN RD,601285,1.338538229438528,103.7462234021951,2026-10-01
229886,2026-09,JURONG EAST,EXECUTIVE,322A,JURONG EAST ST 31,01 TO 03,147.0,Maisonette,1985,57 years 09 months,708000.0,322A JURONG EAST ST 31,601322,1.347670587362942,103.7289310590632,2026-10-01
229882,2026-09,JURONG EAST,EXECUTIVE,287A,JURONG EAST ST 21,07 TO 09,143.0,Apartment,1998,71 years 01 month,992888.0,287A JURONG EAST ST 21,601287,1.338468625334676,103.7438081874687,2026-10-01
229881,2026-09,JURONG EAST,EXECUTIVE,216,JURONG EAST ST 21,13 TO 15,142.0,Apartment,1985,57 years 09 months,868000.0,216 JURONG EAST ST 21,600216,1.339530845489252,103.7378094383899,2026-10-01
229880,2026-09,JURONG EAST,EXECUTIVE,288C,JURONG EAST ST 21,07 TO 09,142.0,Maisonette,2000,72 years 08 months,988888.0,288C JURONG EAST ST 21,603288,1.33952464983397,103.7434766394107,2026-10-01
229873,2026-09,JURONG EAST,EXECUTIVE,337,JURONG EAST AVE 1,04 TO 06,147.0,Maisonette,1985,57 years 10 months,760000.0,337 JURONG EAST AVE 1,600337,1.349683705335532,103.7319056665805,2026-10-01
229872,2026-09,JURONG EAST,EXECUTIVE,335,JURONG EAST AVE 1,01 TO 03,152.0,Maisonette,1984,56 years 10 months,777200.0,335 JURONG EAST AVE 1,600335,1.350219534518499,103.7321627459461,2026-10-01
229867,2026-09,JURONG EAST,5 ROOM,269,TOH GUAN RD,19 TO 21,120.0,Improved,1999,71 years 07 months,770000.0,269 TOH GUAN RD,600269,1.341460350063855,103.7456777294192,2026-10-01
222721,2026-09,ANG MO KIO,5 ROOM,351,ANG MO KIO ST 32,13 TO 15,110.0,Improved,2001,74 years,1000000.0,351 ANG MO KIO ST 32,560351,1.364323666739553,103.8503076325789,2026-10-01
230499,2026-09,JURONG WEST,4 ROOM,838,JURONG WEST ST 81,10 TO 12,104.0,Model A,1989,62 years 04 months,495000.0,838 JURONG WEST ST 81,640838,1.343849016785865,103.6935080902993,2026-10-01
230501,2026-09,JURONG WEST,4 ROOM,856,JURONG WEST ST 81,13 TO 15,104.0,Model A,1996,69 years,525000.0,856 JURONG WEST ST 81,640856,1.347144686683854,103.6966548043401,2026-10-01
229639,2026-09,JURONG EAST,3 ROOM,411,PANDAN GDNS,10 TO 12,72.0,Improved,1979,51 years 09 months,380000.0,411 PANDAN GDNS,600411,1.319022392710284,103.746691863405,2026-10-01
231032,2026-09,JURONG WEST,EXECUTIVE,628,JURONG WEST ST 65,10 TO 12,130.0,Apartment,2001,74 years,743000.0,628 JURONG WEST ST 65,640628,1.342204166722581,103.6994476452105,2026-10-01
222422,2026-09,ANG MO KIO,4 ROOM,307B,ANG MO KIO AVE 1,04 TO 06,95.0,Model A,2012,85 years,888000.0,307B ANG MO KIO AVE 1,562307,1.365839370263888,103.8446308284572,2026-10-01
231209,2026-09,KALLANG/WHAMPOA,3 ROOM,63,KALLANG BAHRU,10 TO 12,65.0,Improved,1974,46 years 04 months,362000.0,63 KALLANG BAHRU,330063,1.321000208512047,103.8683213838557,2026-10-01
231208,2026-09,KALLANG/WHAMPOA,3 ROOM,63,KALLANG BAHRU,10 TO 12,65.0,Improved,1974,46 years 05 months,399998.0,63 KALLANG BAHRU,330063,1.321000208512047,103.8683213838557,2026-10-01
231207,2026-09,KALLANG/WHAMPOA,3 ROOM,63,KALLANG BAHRU,07 TO 09,65.0,Improved,1974,46 years 05 months,355000.0,63 KALLANG BAHRU,330063,1.321000208512047,103.8683213838557,2026-10-01
231198,2026-09,KALLANG/WHAMPOA,3 ROOM,117A,JLN TENTERAM,04 TO 06,67.0,Model A,2017,90 years 02 months,578888.0,117A JLN TENTERAM,321117,1.328233584271515,103.8611384029136,2026-10-01
231197,2026-09,KALLANG/WHAMPOA,3 ROOM,116B,JLN TENTERAM,25 TO 27,67.0,Model A,2017,90 years 02 months,690088.0,116B JLN TENTERAM,322116,1.327549080014452,103.8608074116606,2026-10-01
222423,2026-09,ANG MO KIO,4 ROOM,308A,ANG MO KIO AVE 1,04 TO 06,94.0,Model A,2012,85 years,940000.0,308A ANG MO KIO AVE 1,561308,1.365483427571049,103.8440847399292,2026-10-01
231195,2026-09,KALLANG/WHAMPOA,3 ROOM,117A,JLN TENTERAM,07 TO 09,67.0,Model A,2017,90 years 03 months,615000.0,117A JLN TENTERAM,321117,1.328233584271515,103.8611384029136,2026-10-01
231194,2026-09,KALLANG/WHAMPOA,3 ROOM,116A,JLN TENTERAM,13 TO 15,67.0,Model A,2017,90 years 03 months,660000.0,116A JLN TENTERAM,321116,1.327053125032107,103.860558381575,2026-10-01
231193,2026-09,KALLANG/WHAMPOA,3 ROOM,61,JLN TENTERAM,01 TO 03,93.8,Terrace,1972,44 years 11 months,1108000.0,61 JLN TENTERAM,320061,1.327971102343261,103.8575726612063,2026-10-01
231181,2026-09,KALLANG/WHAMPOA,3 ROOM,4,JLN BATU,04 TO 06,60.0,Standard,1969,41 years 05 months,308000.0,4 JLN BATU,431004,1.301863425360849,103.8840454675476,2026-10-01
231180,2026-09,KALLANG/WHAMPOA,3 ROOM,5,JLN BATU,10 TO 12,60.0,Standard,1969,41 years 05 months,348888.0,5 JLN BATU,431005,1.301563596774616,103.8840284736727,2026-10-01
231174,2026-09,KALLANG/WHAMPOA,3 ROOM,33,JLN BAHAGIA,01 TO 03,56.0,Standard,1970,42 years 10 months,285000.0,33 JLN BAHAGIA,320033,1.326612097665613,103.8584362417444,2026-10-01
231159,2026-09,KALLANG/WHAMPOA,3 ROOM,97,GEYLANG BAHRU,01 TO 03,68.0,New Generation,1979,51 years 05 months,401388.0,97 GEYLANG BAHRU,330097,1.323748602125068,103.8702439035184,2026-10-01
231158,2026-09,KALLANG/WHAMPOA,3 ROOM,95,GEYLANG BAHRU,01 TO 03,82.0,New Generation,1979,51 years 05 months,501888.0,95 GEYLANG BAHRU,330095,1.323009493332482,103.8711047639126,2026-10-01
222452,2026-09,ANG MO KIO,4 ROOM,413,ANG MO KIO AVE 10,01 TO 03,92.0,New Generation,1979,52 years,500000.0,413 ANG MO KIO AVE 10,560413,1.363525811632058,103.8536753471252,2026-10-01
222453,2026-09,ANG MO KIO,4 ROOM,414,ANG MO KIO AVE 10,10 TO 12,92.0,New Generation,1979,52 years,560000.0,414 ANG MO KIO AVE 10,560414,1.363904664316744,103.8539138395026,2026-10-01
231117,2026-09,KALLANG/WHAMPOA,3 ROOM,7,BOON KENG RD,04 TO 06,69.0,DBSS,2011,83 years 05 months,740000.0,7 BOON KENG RD,330007,1.316789225297443,103.8617819184337,2026-10-01
231115,2026-09,KALLANG/WHAMPOA,3 ROOM,10C,BENDEMEER RD,01 TO 03,68.0,Model A,2017,90 years 03 months,655000.0,10C BENDEMEER RD,333010,1.315842361970177,103.860644539729,2026-10-01
231114,2026-09,KALLANG/WHAMPOA,3 ROOM,10B,BENDEMEER RD,28 TO 30,68.0,Model A,2017,90 years 04 months,840000.0,10B BENDEMEER RD,332010,1.315477153320738,103.8603129301155,2026-10-01
231081,2026-09,KALLANG/WHAMPOA,2 ROOM,805,KING GEORGE'S AVE,04 TO 06,44.0,Improved,1981,54 years,345000.0,805 KING GEORGE'S AVE,200805,1.308272554627419,103.8609006824845,2026-10-01
231072,2026-09,JURONG WEST,EXECUTIVE,161,YUNG PING RD,16 TO 18,147.0,Apartment,1997,69 years 04 months,810000.0,161 YUNG PING RD,610161,1.329776328692471,103.721585931129,2026-10-01
231057,2026-09,JURONG WEST,EXECUTIVE,333,KANG CHING RD,07 TO 09,139.0,Apartment,1997,69 years 05 months,880000.0,333 KANG CHING RD,610333,1.339279332285566,103.7234416131287,2026-10-01
231052,2026-09,JURONG WEST,EXECUTIVE,910,JURONG WEST ST 91,10 TO 12,145.0,Maisonette,1988,61 years 01 month,720000.0,910 JURONG WEST ST 91,640910,1.342055196728623,103.6862885783393,2026-10-01
231051,2026-09,JURONG WEST,EXECUTIVE,912,JURONG WEST ST 91,01 TO 03,142.0,Apartment,1988,61 years 02 months,700000.0,912 JURONG WEST ST 91,640912,1.341358006815129,103.6872696476046,2026-10-01
231228,2026-09,KALLANG/WHAMPOA,3 ROOM,123,MCNAIR RD,04 TO 06,64.0,Simplified,1987,59 years 08 months,487999.0,123 MCNAIR RD,320123,1.318442335181613,103.8563498839091,2026-10-01
231229,2026-09,KALLANG/WHAMPOA,3 ROOM,113C,MCNAIR RD,10 TO 12,68.0,Premium Apartment,2017,90 years 04 months,802000.0,113C MCNAIR RD,324113,1.320882353446969,103.8603317101429,2026-10-01
231248,2026-09,KALLANG/WHAMPOA,3 ROOM,26A,ST. GEORGE'S LANE,07 TO 09,68.0,Model A,2020,92 years 09 months,788000.0,26A ST. GEORGE'S LANE,321026,1.322388247839668,103.8624388143704,2026-10-01
231342,2026-09,KALLANG/WHAMPOA,4 ROOM,38D,BENDEMEER RD,01 TO 03,92.0,Model A,2012,84 years 09 months,871888.0,38D BENDEMEER RD,334038,1.321636470153679,103.8667673282569,2026-10-01
231425,2026-09,KALLANG/WHAMPOA,4 ROOM,78,LOR LIMAU,01 TO 03,93.0,Model A,2018,90 years 10 months,870000.0,78 LOR LIMAU,320078,1.324876177894785,103.8555410444987,2026-10-01
231403,2026-09,KALLANG/WHAMPOA,4 ROOM,102,JLN RAJAH,01 TO 03,94.0,New Generation,1981,53 years 05 months,495000.0,102 JLN RAJAH,321102,1.328223064447614,103.8515197538446,2026-10-01
231402,2026-09,KALLANG/WHAMPOA,4 ROOM,104,JLN RAJAH,16 TO 18,103.0,Model A,1984,56 years 05 months,728888.0,104 JLN RAJAH,321104,1.327804969614578,103.8532622845638,2026-10-01
231396,2026-09,KALLANG/WHAMPOA,4 ROOM,815,JELLICOE RD,10 TO 12,91.0,Model A,2003,75 years 06 months,960000.0,815 JELLICOE RD,200815,1.306930307787084,103.8617148997542,2026-10-01
231384,2026-09,KALLANG/WHAMPOA,4 ROOM,12,FARRER PK RD,07 TO 09,90.0,Model A,2004,76 years 11 months,855000.0,12 FARRER PK RD,210012,1.311981131203266,103.8516384871059,2026-10-01
231347,2026-09,KALLANG/WHAMPOA,4 ROOM,10B,BENDEMEER RD,04 TO 06,93.0,Model A,2017,90 years 03 months,980000.0,10B BENDEMEER RD,332010,1.315477153320738,103.8603129301155,2026-10-01
231346,2026-09,KALLANG/WHAMPOA,4 ROOM,38A,BENDEMEER RD,04 TO 06,89.0,Model A,2012,84 years 10 months,810000.0,38A BENDEMEER RD,331038,1.320057977752047,103.8669394392361,2026-10-01
231345,2026-09,KALLANG/WHAMPOA,4 ROOM,38A,BENDEMEER RD,04 TO 06,89.0,Model A,2012,84 years 09 months,814500.0,38A BENDEMEER RD,331038,1.320057977752047,103.8669394392361,2026-10-01
222277,2026-09,ANG MO KIO,3 ROOM,121,ANG MO KIO AVE 3,07 TO 09,67.0,New Generation,1978,51 years 01 month,390000.0,121 ANG MO KIO AVE 3,560121,1.369705634783257,103.8435159813106,2026-10-01
222317,2026-09,ANG MO KIO,3 ROOM,156,ANG MO KIO AVE 4,04 TO 06,68.0,New Generation,1981,53 years 09 months,415000.0,156 ANG MO KIO AVE 4,560156,1.375495195749648,103.8399474707741,2026-10-01
231343,2026-09,KALLANG/WHAMPOA,4 ROOM,43,BENDEMEER RD,07 TO 09,148.0,Adjoined flat,1981,53 years 05 months,940000.0,43 BENDEMEER RD,330043,1.321124992723381,103.8658332859761,2026-10-01
231341,2026-09,KALLANG/WHAMPOA,4 ROOM,10B,BENDEMEER RD,16 TO 18,93.0,Model A,2017,90 years 04 months,1100000.0,10B BENDEMEER RD,332010,1.315477153320738,103.8603129301155,2026-10-01
222382,2026-09,ANG MO KIO,3 ROOM,505,ANG MO KIO AVE 8,01 TO 03,68.0,New Generation,1980,53 years,370000.0,505 ANG MO KIO AVE 8,560505,1.374859730212297,103.8502249014036,2026-10-01
231312,2026-09,KALLANG/WHAMPOA,3 ROOM,93,WHAMPOA DR,01 TO 03,65.0,Improved,1974,46 years 06 months,350000.0,93 WHAMPOA DR,320093,1.322276066630031,103.8547999179422,2026-10-01
231311,2026-09,KALLANG/WHAMPOA,3 ROOM,86,WHAMPOA DR,07 TO 09,66.0,Improved,1974,46 years 10 months,341888.0,86 WHAMPOA DR,320086,1.323136090869093,103.855871591303,2026-10-01
231310,2026-09,KALLANG/WHAMPOA,3 ROOM,97,WHAMPOA DR,04 TO 06,66.0,Improved,1980,52 years 11 months,380000.0,97 WHAMPOA DR,320097,1.321271490965152,103.8549478162477,2026-10-01
231309,2026-09,KALLANG/WHAMPOA,3 ROOM,86,WHAMPOA DR,04 TO 06,66.0,Improved,1974,46 years 11 months,335000.0,86 WHAMPOA DR,320086,1.323136090869093,103.855871591303,2026-10-01
231288,2026-09,KALLANG/WHAMPOA,3 ROOM,8B,UPP BOON KENG RD,16 TO 18,70.0,Premium Apartment,2017,89 years 11 months,850000.0,8B UPP BOON KENG RD,382008,1.31234447247545,103.8698982992443,2026-10-01
231287,2026-09,KALLANG/WHAMPOA,3 ROOM,11,UPP BOON KENG RD,07 TO 09,65.0,Improved,1974,46 years 05 months,400000.0,11 UPP BOON KENG RD,380011,1.314239370335512,103.8709140314585,2026-10-01
231265,2026-09,KALLANG/WHAMPOA,3 ROOM,3,ST. GEORGE'S RD,07 TO 09,59.0,Improved,1976,48 years 09 months,390000.0,3 ST. GEORGE'S RD,320003,1.3225873518737,103.8611072769904,2026-10-01
222363,2026-09,ANG MO KIO,3 ROOM,503,ANG MO KIO AVE 5,04 TO 06,68.0,New Generation,1981,53 years 04 months,435000.0,503 ANG MO KIO AVE 5,560503,1.375461631192773,103.8489420475672,2026-10-01
222381,2026-09,ANG MO KIO,3 ROOM,504,ANG MO KIO AVE 8,10 TO 12,82.0,New Generation,1980,53 years,488000.0,504 ANG MO KIO AVE 8,560504,1.374825894580938,103.8489560895564,2026-10-01
231264,2026-09,KALLANG/WHAMPOA,3 ROOM,20,ST. GEORGE'S RD,07 TO 09,67.0,New Generation,1984,57 years 02 months,465000.0,20 ST. GEORGE'S RD,321020,1.324739675532212,103.8628602313754,2026-10-01
231263,2026-09,KALLANG/WHAMPOA,3 ROOM,23,ST. GEORGE'S RD,01 TO 03,82.0,New Generation,1984,57 years,505000.0,23 ST. GEORGE'S RD,320023,1.324992913410788,103.8630498631624,2026-10-01
231038,2026-09,JURONG WEST,EXECUTIVE,701,JURONG WEST ST 71,01 TO 03,152.0,Apartment,1993,66 years 04 months,760000.0,701 JURONG WEST ST 71,640701,1.342315475345854,103.6952811237699,2026-10-01
231014,2026-09,JURONG WEST,EXECUTIVE,656B,JURONG WEST ST 61,07 TO 09,133.0,Apartment,2001,73 years 10 months,710000.0,656B JURONG WEST ST 61,642656,1.335913149429372,103.6994257795408,2026-10-01
230502,2026-09,JURONG WEST,4 ROOM,812,JURONG WEST ST 81,10 TO 12,104.0,Model A,1990,62 years 08 months,545000.0,812 JURONG WEST ST 81,640812,1.34630854446806,103.6958638345611,2026-10-01
231006,2026-09,JURONG WEST,EXECUTIVE,405,JURONG WEST ST 42,10 TO 12,157.0,Maisonette,1985,58 years 01 month,720888.0,405 JURONG WEST ST 42,640405,1.354221278540177,103.7214392653944,2026-10-01
230691,2026-09,JURONG WEST,5 ROOM,697C,JURONG WEST CTRL 3,04 TO 06,113.0,Improved,2017,90 years 02 months,880000.0,697C JURONG WEST CTRL 3,643697,1.340472364071426,103.708354717703,2026-10-01
230675,2026-09,JURONG WEST,5 ROOM,727,JURONG WEST AVE 5,07 TO 09,121.0,Improved,1989,62 years 02 months,600000.0,727 JURONG WEST AVE 5,640727,1.345782895473805,103.6976586518185,2026-10-01
230673,2026-09,JURONG WEST,5 ROOM,273A,JURONG WEST AVE 3,07 TO 09,111.0,Improved,2001,74 years 04 months,545000.0,273A JURONG WEST AVE 3,641273,1.351450361663234,103.7034852904214,2026-10-01
230654,2026-09,JURONG WEST,5 ROOM,349,CORPORATION DR,04 TO 06,120.0,Improved,1997,70 years 04 months,610000.0,349 CORPORATION DR,610349,1.339534196466629,103.719166865639,2026-10-01
230649,2026-09,JURONG WEST,5 ROOM,268C,BOON LAY DR,13 TO 15,110.0,Improved,2002,74 years 05 months,625000.0,268C BOON LAY DR,643268,1.347131796248101,103.7079960269913,2026-10-01
230627,2026-09,JURONG WEST,4 ROOM,180,YUNG SHENG RD,07 TO 09,90.0,Model A,2001,73 years 08 months,525000.0,180 YUNG SHENG RD,610180,1.333691421782861,103.7212663551901,2026-10-01
230615,2026-09,JURONG WEST,4 ROOM,175A,YUNG KUANG RD,04 TO 06,93.0,Premium Apartment,2015,87 years 09 months,648000.0,175A YUNG KUANG RD,611175,1.331952223157433,103.7215139511787,2026-10-01
230614,2026-09,JURONG WEST,4 ROOM,166A,YUNG KUANG RD,07 TO 09,93.0,Model A,2018,91 years 02 months,638000.0,166A YUNG KUANG RD,611166,1.331288102129152,103.7219593306361,2026-10-01
230602,2026-09,JURONG WEST,4 ROOM,152,YUNG HO RD,10 TO 12,104.0,Model A,1990,63 years,558000.0,152 YUNG HO RD,610152,1.327076707098489,103.7207086323686,2026-10-01
222535,2026-09,ANG MO KIO,4 ROOM,627,ANG MO KIO AVE 9,07 TO 09,112.0,Model A,1993,65 years 08 months,690000.0,627 ANG MO KIO AVE 9,560627,1.381835477527509,103.8413690946542,2026-10-01
222543,2026-09,ANG MO KIO,4 ROOM,260A,ANG MO KIO ST 21,07 TO 09,93.0,Model A,2018,90 years 10 months,1000000.0,260A ANG MO KIO ST 21,561260,1.369289348191663,103.834131942869,2026-10-01
230591,2026-09,JURONG WEST,4 ROOM,329,TAH CHING RD,13 TO 15,102.0,Model A,1997,70 years,560000.0,329 TAH CHING RD,610329,1.337460885051607,103.7238450213328,2026-10-01
230590,2026-09,JURONG WEST,4 ROOM,337C,TAH CHING RD,13 TO 15,94.0,Model A,2010,82 years 08 months,635000.0,337C TAH CHING RD,613337,1.3371903461716,103.7220039862232,2026-10-01
230589,2026-09,JURONG WEST,4 ROOM,337B,TAH CHING RD,01 TO 03,94.0,Model A,2010,82 years 08 months,570000.0,337B TAH CHING RD,612337,1.337450347372853,103.7223955654859,2026-10-01
230588,2026-09,JURONG WEST,4 ROOM,337D,TAH CHING RD,10 TO 12,92.0,Model A,2010,82 years 08 months,638000.0,337D TAH CHING RD,614337,1.337332245671462,103.7216010050911,2026-10-01
230578,2026-09,JURONG WEST,4 ROOM,339A,KANG CHING RD,10 TO 12,89.0,Model A,2012,84 years 07 months,650000.0,339A KANG CHING RD,611339,1.337854663883056,103.7214627221312,2026-10-01
222589,2026-09,ANG MO KIO,4 ROOM,228A,ANG MO KIO ST 23,22 TO 24,96.0,Model A,2021,94 years,1162000.0,228A ANG MO KIO ST 23,561228,1.368034523483097,103.8394255988815,2026-10-01
230562,2026-09,JURONG WEST,4 ROOM,979,JURONG WEST ST 93,04 TO 06,108.0,Model A,1989,62 years 01 month,475888.0,979 JURONG WEST ST 93,640979,1.3397332157817,103.6944943121163,2026-10-01
230535,2026-09,JURONG WEST,4 ROOM,913,JURONG WEST ST 91,04 TO 06,104.0,Model A,1988,60 years 08 months,490000.0,913 JURONG WEST ST 91,640913,1.341891520446155,103.6875768567453,2026-10-01
230534,2026-09,JURONG WEST,4 ROOM,948,JURONG WEST ST 91,04 TO 06,103.0,Model A,1989,61 years 07 months,495000.0,948 JURONG WEST ST 91,640948,1.34440826739845,103.6909587052013,2026-10-01
230533,2026-09,JURONG WEST,4 ROOM,940,JURONG WEST ST 91,07 TO 09,104.0,Model A,1989,61 years 09 months,475000.0,940 JURONG WEST ST 91,640940,1.343307907849666,103.688873352514,2026-10-01
230532,2026-09,JURONG WEST,4 ROOM,950,JURONG WEST ST 91,07 TO 09,105.0,Model A,1989,61 years 09 months,470000.0,950 JURONG WEST ST 91,640950,1.343426294917307,103.6909242198358,2026-10-01
230505,2026-09,JURONG WEST,4 ROOM,843,JURONG WEST ST 81,13 TO 15,106.0,Model A,1993,65 years 09 months,510000.0,843 JURONG WEST ST 81,640843,1.344190397938656,103.6940369301492,2026-10-01
230504,2026-09,JURONG WEST,4 ROOM,845,JURONG WEST ST 81,04 TO 06,108.0,Model A,1996,68 years 06 months,515000.0,845 JURONG WEST ST 81,640845,1.344860533003804,103.6916842345703,2026-10-01
230503,2026-09,JURONG WEST,4 ROOM,839,JURONG WEST ST 81,01 TO 03,109.0,Model A,1993,65 years 09 months,475000.0,839 JURONG WEST ST 81,640839,1.343579070059946,103.6927717219701,2026-10-01
230699,2026-09,JURONG WEST,5 ROOM,272B,JURONG WEST ST 24,10 TO 12,112.0,Premium Apartment,2003,76 years 01 month,548000.0,272B JURONG WEST ST 24,642272,1.350520817025307,103.7048622406009,2026-10-01
230728,2026-09,JURONG WEST,5 ROOM,452,JURONG WEST ST 42,07 TO 09,133.0,Model A,1985,57 years 06 months,640000.0,452 JURONG WEST ST 42,640452,1.351582692350019,103.7185161744091,2026-10-01
222532,2026-09,ANG MO KIO,4 ROOM,511,ANG MO KIO AVE 8,10 TO 12,91.0,New Generation,1980,53 years,560000.0,511 ANG MO KIO AVE 8,560511,1.373567750159061,103.8501541251547,2026-10-01
230908,2026-09,JURONG WEST,5 ROOM,825,JURONG WEST ST 81,04 TO 06,127.0,Improved,1993,66 years 04 months,580888.0,825 JURONG WEST ST 81,640825,1.346190091171051,103.6932285189137,2026-10-01
230992,2026-09,JURONG WEST,EXECUTIVE,469,JURONG WEST ST 41,04 TO 06,149.0,Maisonette,1985,57 years 09 months,835000.0,469 JURONG WEST ST 41,640469,1.34849441236316,103.7212452105153,2026-10-01
230991,2026-09,JURONG WEST,EXECUTIVE,469,JURONG WEST ST 41,01 TO 03,149.0,Maisonette,1985,57 years 09 months,805000.0,469 JURONG WEST ST 41,640469,1.34849441236316,103.7212452105153,2026-10-01
230984,2026-09,JURONG WEST,EXECUTIVE,274C,JURONG WEST ST 25,04 TO 06,126.0,Apartment,2002,74 years 05 months,638000.0,274C JURONG WEST ST 25,643274,1.352914537906873,103.7038285141859,2026-10-01
230973,2026-09,JURONG WEST,5 ROOM,181,YUNG SHENG RD,16 TO 18,116.0,Improved,2001,73 years 09 months,658888.0,181 YUNG SHENG RD,610181,1.333692065756855,103.7219348757747,2026-10-01
230964,2026-09,JURONG WEST,5 ROOM,175A,YUNG KUANG RD,01 TO 03,113.0,Premium Apartment,2015,87 years 08 months,685000.0,175A YUNG KUANG RD,611175,1.331952223157433,103.7215139511787,2026-10-01
222479,2026-09,ANG MO KIO,4 ROOM,344,ANG MO KIO AVE 3,10 TO 12,98.0,New Generation,1978,50 years 08 months,688000.0,344 ANG MO KIO AVE 3,560344,1.36797705108685,103.8492648393978,2026-10-01
222480,2026-09,ANG MO KIO,4 ROOM,131,ANG MO KIO AVE 3,04 TO 06,98.0,New Generation,1979,51 years 04 months,550000.0,131 ANG MO KIO AVE 3,560131,1.371015363860032,103.841800323712,2026-10-01
230945,2026-09,JURONG WEST,5 ROOM,138C,YUAN CHING RD,10 TO 12,105.0,DBSS,2014,87 years,875000.0,138C YUAN CHING RD,613138,1.328437977276438,103.7237958933766,2026-10-01
230939,2026-09,JURONG WEST,5 ROOM,325,TAH CHING RD,07 TO 09,124.0,Improved,1997,70 years,698888.0,325 TAH CHING RD,610325,1.335982380258963,103.723127904618,2026-10-01
230917,2026-09,JURONG WEST,5 ROOM,919,JURONG WEST ST 91,01 TO 03,122.0,Improved,1988,60 years 11 months,522000.0,919 JURONG WEST ST 91,640919,1.339926551164615,103.6873542761072,2026-10-01
230909,2026-09,JURONG WEST,5 ROOM,832,JURONG WEST ST 81,07 TO 09,126.0,Improved,1993,66 years,609000.0,832 JURONG WEST ST 81,640832,1.344024113935288,103.6952204148926,2026-10-01
230907,2026-09,JURONG WEST,5 ROOM,840,JURONG WEST ST 81,07 TO 09,127.0,Improved,1993,65 years 09 months,560000.0,840 JURONG WEST ST 81,640840,1.344193454462761,103.6920910821782,2026-10-01
230729,2026-09,JURONG WEST,5 ROOM,551,JURONG WEST ST 42,01 TO 03,138.0,Model A,1985,57 years 06 months,645000.0,551 JURONG WEST ST 42,640551,1.352377700994928,103.7169211712476,2026-10-01
230876,2026-09,JURONG WEST,5 ROOM,764,JURONG WEST ST 74,01 TO 03,123.0,Improved,1996,68 years 10 months,597000.0,764 JURONG WEST ST 74,640764,1.349397036606423,103.6984495802194,2026-10-01
230868,2026-09,JURONG WEST,5 ROOM,745,JURONG WEST ST 73,10 TO 12,122.0,Improved,1990,62 years 11 months,640000.0,745 JURONG WEST ST 73,640745,1.347012926194202,103.6979494619523,2026-10-01
222503,2026-09,ANG MO KIO,4 ROOM,609,ANG MO KIO AVE 4,01 TO 03,112.0,Model A,1993,65 years 08 months,640000.0,609 ANG MO KIO AVE 4,560609,1.379251138119668,103.8380315147379,2026-10-01
222504,2026-09,ANG MO KIO,4 ROOM,612,ANG MO KIO AVE 4,01 TO 03,91.0,New Generation,1980,53 years,450000.0,612 ANG MO KIO AVE 4,560612,1.378907913744093,103.8386026547157,2026-10-01
222516,2026-09,ANG MO KIO,4 ROOM,537,ANG MO KIO AVE 5,01 TO 03,92.0,New Generation,1980,52 years 06 months,560000.0,537 ANG MO KIO AVE 5,560537,1.375200096176882,103.8530597963245,2026-10-01
230853,2026-09,JURONG WEST,5 ROOM,659A,JURONG WEST ST 65,01 TO 03,110.0,Improved,2001,73 years 10 months,600000.0,659A JURONG WEST ST 65,641659,1.336850141920964,103.7023135724863,2026-10-01
230852,2026-09,JURONG WEST,5 ROOM,658B,JURONG WEST ST 65,10 TO 12,111.0,Improved,2001,73 years 09 months,640000.0,658B JURONG WEST ST 65,642658,1.336489676870374,103.7007574386082,2026-10-01
230774,2026-09,JURONG WEST,5 ROOM,653A,JURONG WEST ST 61,13 TO 15,110.0,Improved,2002,75 years 02 months,675000.0,653A JURONG WEST ST 61,641653,1.336891376857401,103.6966388091631,2026-10-01
222517,2026-09,ANG MO KIO,4 ROOM,182,ANG MO KIO AVE 5,04 TO 06,93.0,New Generation,1981,53 years 08 months,510000.0,182 ANG MO KIO AVE 5,560182,1.377339085234788,103.8364724450509,2026-10-01
230773,2026-09,JURONG WEST,5 ROOM,649A,JURONG WEST ST 61,10 TO 12,110.0,Improved,2000,73 years 02 months,630000.0,649A JURONG WEST ST 61,641649,1.338028458101671,103.6973567874967,2026-10-01
230772,2026-09,JURONG WEST,5 ROOM,653C,JURONG WEST ST 61,10 TO 12,110.0,Improved,2002,75 years 02 months,670000.0,653C JURONG WEST ST 61,643653,1.335425627105198,103.6969346790674,2026-10-01
229662,2026-09,JURONG EAST,3 ROOM,20,TEBAN GDNS RD,25 TO 27,72.0,Model A,2013,86 years 01 month,515000.0,20 TEBAN GDNS RD,600020,1.323783550417066,103.7385183842001,2026-10-01
229749,2026-09,JURONG EAST,4 ROOM,20,TEBAN GDNS RD,22 TO 24,92.0,Model A,2013,86 years,655000.0,20 TEBAN GDNS RD,600020,1.323783550417066,103.7385183842001,2026-10-01
229603,2026-09,JURONG EAST,3 ROOM,261,JURONG EAST ST 24,04 TO 06,68.0,New Generation,1983,55 years 06 months,380000.0,261 JURONG EAST ST 24,600261,1.344495688621979,103.7404010817486,2026-10-01
228395,2026-09,GEYLANG,4 ROOM,121,PAYA LEBAR WAY,01 TO 03,92.0,New Generation,1980,53 years,495000.0,121 PAYA LEBAR WAY,381121,1.321925016304331,103.8828603559723,2026-10-01
228633,2026-09,HOUGANG,3 ROOM,252,HOUGANG AVE 3,04 TO 06,67.0,New Generation,1985,57 years 04 months,428000.0,252 HOUGANG AVE 3,530252,1.360165215454733,103.8927116552428,2026-10-01
222969,2026-09,BEDOK,3 ROOM,536,BEDOK NTH ST 3,07 TO 09,82.0,New Generation,1980,52 years 05 months,455000.0,536 BEDOK NTH ST 3,460536,1.33354118946051,103.923190774432,2026-10-01
222970,2026-09,BEDOK,3 ROOM,545,BEDOK NTH ST 3,04 TO 06,68.0,New Generation,1980,52 years 09 months,377000.0,545 BEDOK NTH ST 3,460545,1.330051424020097,103.9241180314226,2026-10-01
222971,2026-09,BEDOK,3 ROOM,542,BEDOK NTH ST 3,01 TO 03,82.0,New Generation,1985,58 years 01 month,460000.0,542 BEDOK NTH ST 3,460542,1.330665909084848,103.922843972485,2026-10-01
228632,2026-09,HOUGANG,3 ROOM,24,HOUGANG AVE 3,01 TO 03,67.0,New Generation,1978,50 years 08 months,376000.0,24 HOUGANG AVE 3,530024,1.365512261237467,103.8920854727448,2026-10-01
228631,2026-09,HOUGANG,3 ROOM,20,HOUGANG AVE 3,10 TO 12,73.0,New Generation,1978,50 years 09 months,400000.0,20 HOUGANG AVE 3,530020,1.363831911863745,103.8907376676345,2026-10-01
228630,2026-09,HOUGANG,3 ROOM,23,HOUGANG AVE 3,07 TO 09,73.0,New Generation,1978,50 years 10 months,370000.0,23 HOUGANG AVE 3,530023,1.364866664167694,103.8907279607722,2026-10-01
228607,2026-09,HOUGANG,3 ROOM,708,HOUGANG AVE 2,10 TO 12,67.0,New Generation,1985,58 years,448000.0,708 HOUGANG AVE 2,530708,1.366694184621524,103.8890931494701,2026-10-01
228602,2026-09,HOUGANG,3 ROOM,415,HOUGANG AVE 10,10 TO 12,67.0,New Generation,1985,58 years 01 month,445000.0,415 HOUGANG AVE 10,530415,1.375175074685804,103.8965377158178,2026-10-01
222978,2026-09,BEDOK,3 ROOM,188A,BEDOK NTH ST 4,13 TO 15,68.0,Model A,2018,91 years 04 months,628000.0,188A BEDOK NTH ST 4,461188,1.331633531013684,103.9413713207746,2026-10-01
222979,2026-09,BEDOK,3 ROOM,86,BEDOK NTH ST 4,04 TO 06,67.0,New Generation,1978,50 years 08 months,355000.0,86 BEDOK NTH ST 4,460086,1.332540843657208,103.9389893458101,2026-10-01
222984,2026-09,BEDOK,3 ROOM,748B,BEDOK RESERVOIR CRES,13 TO 15,67.0,DBSS,2014,86 years 11 months,663000.0,748B BEDOK RESERVOIR CRES,472748,1.336293913545841,103.9212422945787,2026-10-01
228564,2026-09,HOUGANG,3 ROOM,991A,BUANGKOK LINK,07 TO 09,68.0,Model A,2019,91 years 10 months,520000.0,991A BUANGKOK LINK,531991,1.384307807042995,103.8822258011034,2026-10-01
228546,2026-09,HOUGANG,2 ROOM,991B,BUANGKOK LINK,01 TO 03,47.0,Model A,2019,91 years 09 months,395000.0,991B BUANGKOK LINK,532991,1.383984773768892,103.8824863247379,2026-10-01
228545,2026-09,HOUGANG,2 ROOM,993B,BUANGKOK LINK,07 TO 09,47.0,2-room,2021,93 years 05 months,405000.0,993B BUANGKOK LINK,532993,1.385078022867458,103.8826903820517,2026-10-01
228535,2026-09,HOUGANG,2 ROOM,998B,BUANGKOK CRES,01 TO 03,47.0,Model A,2019,92 years 04 months,375000.0,998B BUANGKOK CRES,532998,1.384100752382361,103.88050459967,2026-10-01
228534,2026-09,HOUGANG,2 ROOM,995A,BUANGKOK CRES,04 TO 06,47.0,Model A,2019,92 years 01 month,390000.0,995A BUANGKOK CRES,531995,1.386538196527989,103.8824039037631,2026-10-01
228533,2026-09,HOUGANG,2 ROOM,995B,BUANGKOK CRES,07 TO 09,38.0,Model A,2019,92 years 01 month,368000.0,995B BUANGKOK CRES,532995,1.386368520421005,103.8828296638032,2026-10-01
228516,2026-09,GEYLANG,EXECUTIVE,326,UBI AVE 1,10 TO 12,146.0,Maisonette,1986,58 years 07 months,1098000.0,326 UBI AVE 1,400326,1.327171621589003,103.9038041768113,2026-10-01
228501,2026-09,GEYLANG,5 ROOM,50,SIMS DR,16 TO 18,117.0,Standard,1977,49 years 06 months,833000.0,50 SIMS DR,380050,1.316499490896932,103.8783838185467,2026-10-01
228486,2026-09,GEYLANG,5 ROOM,124,PAYA LEBAR WAY,07 TO 09,118.0,Improved,1980,52 years 11 months,735000.0,124 PAYA LEBAR WAY,381124,1.323088766816814,103.8837390974386,2026-10-01
228481,2026-09,GEYLANG,5 ROOM,7,HAIG RD,10 TO 12,118.0,Improved,1976,48 years 11 months,868000.0,7 HAIG RD,430007,1.313806612122492,103.8969104774039,2026-10-01
228476,2026-09,GEYLANG,5 ROOM,124,GEYLANG EAST AVE 1,07 TO 09,132.0,Model A,1983,56 years 02 months,925000.0,124 GEYLANG EAST AVE 1,380124,1.318388637670664,103.8866756730993,2026-10-01
228455,2026-09,GEYLANG,5 ROOM,126,ALJUNIED RD,04 TO 06,121.0,Improved,1983,56 years 03 months,760000.0,126 ALJUNIED RD,380126,1.323626343612011,103.8821204550398,2026-10-01
228411,2026-09,GEYLANG,4 ROOM,54,PIPIT RD,13 TO 15,93.0,New Generation,1985,57 years 07 months,669888.0,54 PIPIT RD,370054,1.323856449888527,103.8875853515282,2026-10-01
228637,2026-09,HOUGANG,3 ROOM,665,HOUGANG AVE 4,10 TO 12,74.0,Model A,1988,61 years 04 months,480000.0,665 HOUGANG AVE 4,530665,1.37403985056587,103.884391131798,2026-10-01
228655,2026-09,HOUGANG,3 ROOM,321,HOUGANG AVE 5,07 TO 09,67.0,New Generation,1983,55 years 06 months,415000.0,321 HOUGANG AVE 5,530321,1.367101311749731,103.898278016767,2026-10-01
228700,2026-09,HOUGANG,3 ROOM,642,HOUGANG AVE 8,10 TO 12,69.0,Improved,1987,60 years 04 months,455000.0,642 HOUGANG AVE 8,530642,1.371698788798031,103.8799482930511,2026-10-01
228794,2026-09,HOUGANG,4 ROOM,997A,BUANGKOK CRES,10 TO 12,93.0,Model A,2018,91 years 02 months,650000.0,997A BUANGKOK CRES,531997,1.385045998565017,103.8811666494467,2026-10-01
228947,2026-09,HOUGANG,4 ROOM,432,HOUGANG AVE 6,04 TO 06,113.0,Model A,1989,61 years 09 months,695000.0,432 HOUGANG AVE 6,530432,1.376247476050383,103.8931285135999,2026-10-01
228946,2026-09,HOUGANG,4 ROOM,524,HOUGANG AVE 6,07 TO 09,105.0,Model A,1987,59 years 07 months,670000.0,524 HOUGANG AVE 6,530524,1.374075674870715,103.8907157745749,2026-10-01
228933,2026-09,HOUGANG,4 ROOM,332,HOUGANG AVE 5,04 TO 06,104.0,Model A,1983,55 years 09 months,568000.0,332 HOUGANG AVE 5,530332,1.368405831943537,103.8978203838687,2026-10-01
228932,2026-09,HOUGANG,4 ROOM,301,HOUGANG AVE 5,01 TO 03,110.0,Model A,1983,56 years,605000.0,301 HOUGANG AVE 5,530301,1.367787514940343,103.8939298978195,2026-10-01
228883,2026-09,HOUGANG,4 ROOM,456,HOUGANG AVE 10,01 TO 03,105.0,Model A,1992,65 years 01 month,620000.0,456 HOUGANG AVE 10,530456,1.377171374298404,103.8954010184682,2026-10-01
228858,2026-09,HOUGANG,4 ROOM,115,HOUGANG AVE 1,01 TO 03,91.0,New Generation,1981,54 years,467000.0,115 HOUGANG AVE 1,530115,1.352765257996414,103.8878760848615,2026-10-01
228857,2026-09,HOUGANG,4 ROOM,232,HOUGANG AVE 1,10 TO 12,104.0,Model A,1984,57 years 03 months,690000.0,232 HOUGANG AVE 1,530232,1.358547027555789,103.8885239074683,2026-10-01
228856,2026-09,HOUGANG,4 ROOM,236,HOUGANG AVE 1,04 TO 06,104.0,Model A,1984,56 years 09 months,640000.0,236 HOUGANG AVE 1,530236,1.357823775023878,103.8889397258577,2026-10-01
228855,2026-09,HOUGANG,4 ROOM,172,HOUGANG AVE 1,10 TO 12,101.0,Model A,1997,70 years 04 months,660000.0,172 HOUGANG AVE 1,530172,1.350579344407421,103.8894959421647,2026-10-01
228833,2026-09,HOUGANG,4 ROOM,993A,BUANGKOK LINK,13 TO 15,93.0,Model A,2021,93 years 05 months,688000.0,993A BUANGKOK LINK,531993,1.384838842426139,103.8831291103074,2026-10-01
229602,2026-09,JURONG EAST,3 ROOM,241,JURONG EAST ST 24,10 TO 12,68.0,New Generation,1983,55 years 06 months,430000.0,241 JURONG EAST ST 24,600241,1.341481293444696,103.7429733595908,2026-10-01
228792,2026-09,HOUGANG,4 ROOM,996B,BUANGKOK CRES,16 TO 18,92.0,Model A,2019,92 years,680000.0,996B BUANGKOK CRES,532996,1.386113307183241,103.8820522604572,2026-10-01
228701,2026-09,HOUGANG,3 ROOM,678,HOUGANG AVE 8,04 TO 06,64.0,Simplified,1988,61 years 03 months,423000.0,678 HOUGANG AVE 8,530678,1.370840763945722,103.8842363820767,2026-10-01
228791,2026-09,HOUGANG,4 ROOM,998A,BUANGKOK CRES,04 TO 06,94.0,Model A,2019,92 years 03 months,608000.0,998A BUANGKOK CRES,531998,1.383757829682934,103.8801721936873,2026-10-01
228790,2026-09,HOUGANG,4 ROOM,997B,BUANGKOK CRES,10 TO 12,93.0,Model A,2018,91 years 03 months,659000.0,997B BUANGKOK CRES,532997,1.385901567812004,103.8813870477999,2026-10-01
228789,2026-09,HOUGANG,4 ROOM,997C,BUANGKOK CRES,04 TO 06,93.0,Model A,2018,91 years 03 months,628000.0,997C BUANGKOK CRES,534997,1.385530182062257,103.8815878799246,2026-10-01
228748,2026-09,HOUGANG,3 ROOM,476A,UPP SERANGOON VIEW,16 TO 18,67.0,Premium Apartment,2016,88 years 07 months,610000.0,476A UPP SERANGOON VIEW,531476,1.376760381577192,103.9040503647106,2026-10-01
228722,2026-09,HOUGANG,3 ROOM,689,HOUGANG ST 61,01 TO 03,74.0,Model A,1987,60 years,442000.0,689 HOUGANG ST 61,530689,1.376492073541404,103.8857719496036,2026-10-01
228714,2026-09,HOUGANG,3 ROOM,241,HOUGANG ST 22,04 TO 06,77.0,Model A,1985,57 years 07 months,460000.0,241 HOUGANG ST 22,530241,1.356508687842326,103.8918406404818,2026-10-01
228713,2026-09,HOUGANG,3 ROOM,244,HOUGANG ST 22,10 TO 12,71.0,New Generation,1984,57 years 01 month,430000.0,244 HOUGANG ST 22,530244,1.358072532328431,103.8919468440041,2026-10-01
228712,2026-09,HOUGANG,3 ROOM,241,HOUGANG ST 22,10 TO 12,74.0,Model A,1985,57 years 08 months,460000.0,241 HOUGANG ST 22,530241,1.356508687842326,103.8918406404818,2026-10-01
228711,2026-09,HOUGANG,3 ROOM,241,HOUGANG ST 22,10 TO 12,77.0,Model A,1985,57 years 08 months,495000.0,241 HOUGANG ST 22,530241,1.356508687842326,103.8918406404818,2026-10-01
228710,2026-09,HOUGANG,3 ROOM,240,HOUGANG ST 22,07 TO 09,74.0,Model A,1984,57 years 02 months,478000.0,240 HOUGANG ST 22,530240,1.356422666128712,103.8906516953588,2026-10-01
228702,2026-09,HOUGANG,3 ROOM,631,HOUGANG AVE 8,07 TO 09,69.0,Improved,1985,58 years,448000.0,631 HOUGANG AVE 8,530631,1.370691366289328,103.8815185807261,2026-10-01
228405,2026-09,GEYLANG,4 ROOM,12,PINE CL,07 TO 09,96.0,New Generation,1981,53 years 11 months,718880.0,12 PINE CL,391012,1.308478544652234,103.8822877856451,2026-10-01
228387,2026-09,GEYLANG,4 ROOM,45,JLN TIGA,04 TO 06,85.0,Model A,2005,77 years 08 months,852000.0,45 JLN TIGA,390045,1.308637777204554,103.8846448000609,2026-10-01
228959,2026-09,HOUGANG,4 ROOM,337,HOUGANG AVE 7,01 TO 03,93.0,New Generation,1985,58 years,490000.0,337 HOUGANG AVE 7,530337,1.369680218899989,103.8983372399147,2026-10-01
228381,2026-09,GEYLANG,4 ROOM,8,HAIG RD,10 TO 12,92.0,New Generation,1976,48 years 11 months,625000.0,8 HAIG RD,430008,1.313669794761295,103.8960695877423,2026-10-01
228062,2026-09,GEYLANG,3 ROOM,23,BALAM RD,01 TO 03,60.0,Standard,1967,39 years 05 months,313000.0,23 BALAM RD,370023,1.330970966664455,103.886540431592,2026-10-01
223063,2026-09,BEDOK,3 ROOM,69,BEDOK STH AVE 3,01 TO 03,67.0,New Generation,1978,50 years 06 months,358000.0,69 BEDOK STH AVE 3,460069,1.319350263605241,103.9436323601942,2026-10-01
228061,2026-09,GEYLANG,3 ROOM,20,BALAM RD,04 TO 06,60.3,Standard,1967,39 years 05 months,305000.0,20 BALAM RD,370020,1.330830952496974,103.8875077655463,2026-10-01
228045,2026-09,GEYLANG,3 ROOM,98,ALJUNIED CRES,07 TO 09,65.0,Improved,1975,48 years,416000.0,98 ALJUNIED CRES,380098,1.320865255830116,103.8856973658611,2026-10-01
228044,2026-09,GEYLANG,3 ROOM,95,ALJUNIED CRES,04 TO 06,65.0,Improved,1975,48 years,360000.0,95 ALJUNIED CRES,380095,1.321703290308901,103.8861956892419,2026-10-01
228019,2026-09,GEYLANG,2 ROOM,72,CIRCUIT RD,07 TO 09,45.0,Standard,1969,41 years 04 months,280000.0,72 CIRCUIT RD,370072,1.324547611025394,103.8879438867434,2026-10-01
228006,2026-09,CLEMENTI,EXECUTIVE,728,CLEMENTI WEST ST 2,04 TO 06,163.0,Adjoined flat,1980,53 years,1060000.0,728 CLEMENTI WEST ST 2,120728,1.305202067590296,103.763833368922,2026-10-01
228000,2026-09,CLEMENTI,5 ROOM,717,CLEMENTI WEST ST 2,10 TO 12,118.0,Improved,1981,53 years 07 months,765000.0,717 CLEMENTI WEST ST 2,120717,1.303234408707897,103.7624648473936,2026-10-01
227992,2026-09,CLEMENTI,5 ROOM,114,CLEMENTI ST 13,01 TO 03,142.0,Model A-Maisonette,1984,57 years 02 months,990000.0,114 CLEMENTI ST 13,120114,1.323915477137657,103.7706295078863,2026-10-01
227990,2026-09,CLEMENTI,5 ROOM,340,CLEMENTI AVE 5,01 TO 03,121.0,Improved,1979,52 years 03 months,720000.0,340 CLEMENTI AVE 5,120340,1.318728754232743,103.7700712563301,2026-10-01
227976,2026-09,CLEMENTI,5 ROOM,445B,CLEMENTI AVE 3,16 TO 18,113.0,Improved,2021,93 years 10 months,1580000.0,445B CLEMENTI AVE 3,122445,1.312666260447781,103.7646236181265,2026-10-01
227975,2026-09,CLEMENTI,5 ROOM,445A,CLEMENTI AVE 3,37 TO 39,113.0,Improved,2021,93 years 10 months,1590000.0,445A CLEMENTI AVE 3,121445,1.312753188867365,103.7641572708095,2026-10-01
227955,2026-09,CLEMENTI,5 ROOM,416,CLEMENTI AVE 1,31 TO 33,117.0,Improved,2013,86 years,1230888.0,416 CLEMENTI AVE 1,120416,1.310335922353437,103.7713556733826,2026-10-01
227954,2026-09,CLEMENTI,5 ROOM,425,CLEMENTI AVE 1,22 TO 24,117.0,Improved,2013,86 years 01 month,1240000.0,425 CLEMENTI AVE 1,120425,1.309626523475473,103.7711231305358,2026-10-01
227934,2026-09,CLEMENTI,4 ROOM,707,CLEMENTI WEST ST 2,04 TO 06,91.0,New Generation,1980,52 years 10 months,500000.0,707 CLEMENTI WEST ST 2,120707,1.306287482713452,103.7623949655319,2026-10-01
227933,2026-09,CLEMENTI,4 ROOM,707,CLEMENTI WEST ST 2,01 TO 03,91.0,New Generation,1980,52 years 11 months,480000.0,707 CLEMENTI WEST ST 2,120707,1.306287482713452,103.7623949655319,2026-10-01
227932,2026-09,CLEMENTI,4 ROOM,716,CLEMENTI WEST ST 2,07 TO 09,91.0,New Generation,1981,54 years 01 month,530000.0,716 CLEMENTI WEST ST 2,120716,1.30240953060905,103.7628047608511,2026-10-01
227924,2026-09,CLEMENTI,4 ROOM,601,CLEMENTI WEST ST 1,04 TO 06,92.0,New Generation,1979,52 years 03 months,560000.0,601 CLEMENTI WEST ST 1,120601,1.30477461299303,103.7652537543274,2026-10-01
227920,2026-09,CLEMENTI,4 ROOM,113,CLEMENTI ST 13,01 TO 03,104.0,Model A,1984,57 years 01 month,780000.0,113 CLEMENTI ST 13,120113,1.323684010785298,103.7701323493097,2026-10-01
227904,2026-09,CLEMENTI,4 ROOM,324,CLEMENTI AVE 5,04 TO 06,92.0,New Generation,1978,50 years 06 months,700000.0,324 CLEMENTI AVE 5,120324,1.315135090807243,103.7660544740511,2026-10-01
227896,2026-09,CLEMENTI,4 ROOM,311C,CLEMENTI AVE 4,22 TO 24,82.0,DBSS,2014,87 years 03 months,991000.0,311C CLEMENTI AVE 4,123311,1.320105793368287,103.7655734701765,2026-10-01
227895,2026-09,CLEMENTI,4 ROOM,312B,CLEMENTI AVE 4,28 TO 30,93.0,Model A,2017,90 years,1150000.0,312B CLEMENTI AVE 4,122312,1.319672969632491,103.7644555320291,2026-10-01
227894,2026-09,CLEMENTI,4 ROOM,312B,CLEMENTI AVE 4,31 TO 33,93.0,Model A,2017,90 years,1130000.0,312B CLEMENTI AVE 4,122312,1.319672969632491,103.7644555320291,2026-10-01
227893,2026-09,CLEMENTI,4 ROOM,312C,CLEMENTI AVE 4,19 TO 21,93.0,Model A,2017,90 years,1100000.0,312C CLEMENTI AVE 4,123312,1.319522679144536,103.7640251160126,2026-10-01
227859,2026-09,CLEMENTI,4 ROOM,440C,CLEMENTI AVE 3,22 TO 24,94.0,Model A,2018,90 years 11 months,1220000.0,440C CLEMENTI AVE 3,123440,1.316633715659744,103.7639341376739,2026-10-01
228074,2026-09,GEYLANG,3 ROOM,34,CASSIA CRES,07 TO 09,68.0,New Generation,1981,53 years 11 months,565000.0,34 CASSIA CRES,390034,1.309640784226088,103.8844717799252,2026-10-01
223059,2026-09,BEDOK,3 ROOM,33,BEDOK STH AVE 2,04 TO 06,73.0,New Generation,1978,50 years 07 months,425000.0,33 BEDOK STH AVE 2,460033,1.322837033022408,103.9391245259508,2026-10-01
223042,2026-09,BEDOK,3 ROOM,615,BEDOK RESERVOIR RD,07 TO 09,68.0,New Generation,1981,53 years 07 months,425000.0,615 BEDOK RESERVOIR RD,470615,1.332249811850312,103.9158687119775,2026-10-01
228275,2026-09,GEYLANG,4 ROOM,31,BALAM RD,13 TO 15,92.0,New Generation,1985,57 years 08 months,688000.0,31 BALAM RD,370031,1.329682323431534,103.8854079935951,2026-10-01
228380,2026-09,GEYLANG,4 ROOM,8,HAIG RD,07 TO 09,92.0,New Generation,1976,48 years 11 months,653888.0,8 HAIG RD,430008,1.313669794761295,103.8960695877423,2026-10-01
228374,2026-09,GEYLANG,4 ROOM,2A,GEYLANG SERAI,16 TO 18,95.0,Model A,2011,84 years 03 months,968000.0,2A GEYLANG SERAI,403002,1.316996486232182,103.8977489356716,2026-10-01
228373,2026-09,GEYLANG,4 ROOM,2D,GEYLANG SERAI,19 TO 21,93.0,Model A,2011,84 years 04 months,990888.0,2D GEYLANG SERAI,406002,1.317571242941271,103.8986477450811,2026-10-01
228372,2026-09,GEYLANG,4 ROOM,2B,GEYLANG SERAI,16 TO 18,95.0,Model A,2011,84 years 04 months,980000.0,2B GEYLANG SERAI,404002,1.31740511166913,103.8977745527093,2026-10-01
228350,2026-09,GEYLANG,4 ROOM,11,EUNOS CRES,13 TO 15,91.0,New Generation,1977,49 years 08 months,660000.0,11 EUNOS CRES,400011,1.321800289344388,103.9044243462858,2026-10-01
228349,2026-09,GEYLANG,4 ROOM,9,EUNOS CRES,07 TO 09,91.0,New Generation,1978,50 years 11 months,625000.0,9 EUNOS CRES,400009,1.321798698843843,103.9027747417442,2026-10-01
228348,2026-09,GEYLANG,4 ROOM,9,EUNOS CRES,16 TO 18,91.0,New Generation,1978,50 years 11 months,635000.0,9 EUNOS CRES,400009,1.321798698843843,103.9027747417442,2026-10-01
228347,2026-09,GEYLANG,4 ROOM,34,EUNOS CRES,07 TO 09,85.0,Model A,2006,79 years 03 months,900000.0,34 EUNOS CRES,400034,1.321013482983572,103.9009727946772,2026-10-01
228322,2026-09,GEYLANG,4 ROOM,69,CIRCUIT RD,10 TO 12,112.0,Adjoined flat,1969,41 years 04 months,658800.0,69 CIRCUIT RD,370069,1.325023292934235,103.8874614970781,2026-10-01
228321,2026-09,GEYLANG,4 ROOM,83B,CIRCUIT RD,13 TO 15,96.0,Model A,2020,92 years 09 months,1075000.0,83B CIRCUIT RD,372083,1.323460513522876,103.890038083997,2026-10-01
228320,2026-09,GEYLANG,4 ROOM,82B,CIRCUIT RD,16 TO 18,93.0,Model A,2020,92 years 09 months,1110000.0,82B CIRCUIT RD,372082,1.32372337837322,103.8894014567555,2026-10-01
228267,2026-09,GEYLANG,3 ROOM,321,UBI AVE 1,01 TO 03,64.0,Simplified,1985,57 years 11 months,450000.0,321 UBI AVE 1,400321,1.328515730370354,103.9047295555972,2026-10-01
228191,2026-09,GEYLANG,3 ROOM,20,EUNOS CRES,10 TO 12,66.0,Improved,1982,54 years 05 months,455000.0,20 EUNOS CRES,400020,1.324656484392694,103.9032431121634,2026-10-01
223040,2026-09,BEDOK,3 ROOM,628,BEDOK RESERVOIR RD,01 TO 03,67.0,New Generation,1983,55 years 04 months,418000.0,628 BEDOK RESERVOIR RD,470628,1.334897236925033,103.9150067510445,2026-10-01
228238,2026-09,GEYLANG,3 ROOM,121,PAYA LEBAR WAY,04 TO 06,68.0,New Generation,1980,52 years 11 months,420000.0,121 PAYA LEBAR WAY,381121,1.321925016304331,103.8828603559723,2026-10-01
228237,2026-09,GEYLANG,3 ROOM,93,PAYA LEBAR WAY,01 TO 03,58.0,Improved,1972,45 years 01 month,330000.0,93 PAYA LEBAR WAY,370093,1.322734769227474,103.8881031962563,2026-10-01
228217,2026-09,GEYLANG,3 ROOM,9,HAIG RD,07 TO 09,59.0,Improved,1976,48 years 10 months,400000.0,9 HAIG RD,430009,1.314433814959786,103.896061149264,2026-10-01
223041,2026-09,BEDOK,3 ROOM,117,BEDOK RESERVOIR RD,07 TO 09,67.0,New Generation,1985,57 years 11 months,435000.0,117 BEDOK RESERVOIR RD,470117,1.331413248827106,103.9086889365491,2026-10-01
228216,2026-09,GEYLANG,3 ROOM,9,HAIG RD,01 TO 03,59.0,Improved,1976,48 years 10 months,370000.0,9 HAIG RD,430009,1.314433814959786,103.896061149264,2026-10-01
228215,2026-09,GEYLANG,3 ROOM,10,HAIG RD,04 TO 06,65.0,Improved,1976,48 years 11 months,415000.0,10 HAIG RD,430010,1.314839501762697,103.8958651697391,2026-10-01
228214,2026-09,GEYLANG,3 ROOM,22,HAIG RD,01 TO 03,68.0,New Generation,1981,54 years 03 months,468000.0,22 HAIG RD,430022,1.313791314905416,103.89522868303,2026-10-01
228194,2026-09,GEYLANG,3 ROOM,33,EUNOS CRES,10 TO 12,60.0,Model A,2007,79 years 04 months,708000.0,33 EUNOS CRES,400033,1.320183255308725,103.9008049151195,2026-10-01
228193,2026-09,GEYLANG,3 ROOM,16,EUNOS CRES,07 TO 09,59.0,Improved,1977,49 years 09 months,380800.0,16 EUNOS CRES,400016,1.322994312148672,103.9044497796113,2026-10-01
228192,2026-09,GEYLANG,3 ROOM,32,EUNOS CRES,13 TO 15,60.0,Model A,2007,79 years 05 months,675000.0,32 EUNOS CRES,400032,1.320292535117627,103.9013559953044,2026-10-01
228958,2026-09,HOUGANG,4 ROOM,317,HOUGANG AVE 7,07 TO 09,93.0,New Generation,1983,55 years 11 months,526600.0,317 HOUGANG AVE 7,530317,1.365299661780881,103.8964548000125,2026-10-01
228809,2026-09,HOUGANG,4 ROOM,987C,BUANGKOK GREEN,13 TO 15,93.0,Model A,2015,87 years 05 months,670000.0,987C BUANGKOK GREEN,533987,1.379328149736184,103.8777891980034,2026-10-01
229393,2026-09,HOUGANG,5 ROOM,473D,UPP SERANGOON CRES,04 TO 06,113.0,Improved,2017,89 years 09 months,824000.0,473D UPP SERANGOON CRES,538473,1.376673717604136,103.9019540690818,2026-10-01
229496,2026-09,HOUGANG,EXECUTIVE,974,HOUGANG ST 91,07 TO 09,137.0,Apartment,1999,72 years 03 months,870000.0,974 HOUGANG ST 91,530974,1.377789046482641,103.8794445014177,2026-10-01
222909,2026-09,BEDOK,3 ROOM,127,BEDOK NTH ST 2,07 TO 09,67.0,New Generation,1978,50 years 09 months,400000.0,127 BEDOK NTH ST 2,460127,1.327974074322318,103.9379441177589,2026-10-01
229366,2026-09,HOUGANG,5 ROOM,950,HOUGANG ST 91,13 TO 15,121.0,Improved,1999,71 years 08 months,840000.0,950 HOUGANG ST 91,530950,1.375593053352251,103.8787610732563,2026-10-01
229357,2026-09,HOUGANG,5 ROOM,699,HOUGANG ST 52,13 TO 15,120.0,Improved,1999,71 years 05 months,875000.0,699 HOUGANG ST 52,530699,1.375920656188506,103.8891902560149,2026-10-01
229344,2026-09,HOUGANG,5 ROOM,377B,HOUGANG ST 32,04 TO 06,114.0,Improved,2021,94 years,950888.0,377B HOUGANG ST 32,532377,1.36220591877146,103.8947421164873,2026-10-01
229510,2026-09,HOUGANG,EXECUTIVE,145,LOR AH SOO,04 TO 06,160.0,Maisonette,1984,57 years 01 month,960000.0,145 LOR AH SOO,530145,1.35149228559121,103.8832398876295,2026-10-01
229343,2026-09,HOUGANG,5 ROOM,377B,HOUGANG ST 32,19 TO 21,114.0,Improved,2021,94 years,1180000.0,377B HOUGANG ST 32,532377,1.36220591877146,103.8947421164873,2026-10-01
229342,2026-09,HOUGANG,5 ROOM,377A,HOUGANG ST 32,04 TO 06,114.0,Improved,2021,94 years,1020000.0,377A HOUGANG ST 32,531377,1.363020098673113,103.8946653122367,2026-10-01
229511,2026-09,HOUGANG,EXECUTIVE,132,LOR AH SOO,10 TO 12,151.0,Maisonette,1984,57 years 01 month,890000.0,132 LOR AH SOO,530132,1.350852996790973,103.8863299131595,2026-10-01
222878,2026-09,BEDOK,3 ROOM,430A,BEDOK NTH RD,10 TO 12,69.0,Model A,2021,93 years 09 months,720000.0,430A BEDOK NTH RD,461430,1.329700004988613,103.9329909952738,2026-10-01
229327,2026-09,HOUGANG,5 ROOM,231,HOUGANG ST 21,04 TO 06,140.0,Model A-Maisonette,1984,57 years 01 month,988888.0,231 HOUGANG ST 21,530231,1.358130597422148,103.8878999738514,2026-10-01
222910,2026-09,BEDOK,3 ROOM,126,BEDOK NTH ST 2,10 TO 12,67.0,New Generation,1978,50 years 09 months,390000.0,126 BEDOK NTH ST 2,460126,1.328168300039708,103.9389178906446,2026-10-01
229308,2026-09,HOUGANG,5 ROOM,655,HOUGANG AVE 8,10 TO 12,120.0,Improved,1987,60 years,700000.0,655 HOUGANG AVE 8,530655,1.373047281265082,103.8819356111655,2026-10-01
229307,2026-09,HOUGANG,5 ROOM,419,HOUGANG AVE 8,04 TO 06,123.0,Improved,1989,61 years 11 months,695000.0,419 HOUGANG AVE 8,530419,1.376128653037511,103.894831285996,2026-10-01
229516,2026-09,JURONG EAST,2 ROOM,372,JURONG EAST ST 32,04 TO 06,43.0,Model A,2014,86 years 06 months,330000.0,372 JURONG EAST ST 32,600372,1.3486582338257,103.7317894992733,2026-10-01
229517,2026-09,JURONG EAST,2 ROOM,372,JURONG EAST ST 32,13 TO 15,44.0,Model A,2014,86 years 06 months,361000.0,372 JURONG EAST ST 32,600372,1.3486582338257,103.7317894992733,2026-10-01
229454,2026-09,HOUGANG,EXECUTIVE,615,HOUGANG AVE 8,04 TO 06,149.0,Maisonette,1986,59 years,960000.0,615 HOUGANG AVE 8,530615,1.368613604100865,103.8849379163094,2026-10-01
229306,2026-09,HOUGANG,5 ROOM,418,HOUGANG AVE 8,07 TO 09,123.0,Improved,1989,61 years 08 months,730888.0,418 HOUGANG AVE 8,530418,1.375982972607485,103.8954263117656,2026-10-01
229305,2026-09,HOUGANG,5 ROOM,616,HOUGANG AVE 8,04 TO 06,121.0,Improved,1986,59 years,700000.0,616 HOUGANG AVE 8,530616,1.368886512470828,103.883561152084,2026-10-01
229304,2026-09,HOUGANG,5 ROOM,627,HOUGANG AVE 8,10 TO 12,122.0,Improved,1986,58 years 11 months,770000.0,627 HOUGANG AVE 8,530627,1.369218634058252,103.8818831135406,2026-10-01
229498,2026-09,HOUGANG,EXECUTIVE,940,HOUGANG ST 92,13 TO 15,143.0,Apartment,1998,70 years 06 months,990000.0,940 HOUGANG ST 92,530940,1.37348307053931,103.8797777635747,2026-10-01
229489,2026-09,HOUGANG,EXECUTIVE,538,HOUGANG ST 52,01 TO 03,147.0,Maisonette,1992,64 years 11 months,938000.0,538 HOUGANG ST 52,530538,1.377822732763895,103.8903232140742,2026-10-01
229274,2026-09,HOUGANG,5 ROOM,306,HOUGANG AVE 5,01 TO 03,131.0,Model A,1983,55 years 07 months,688000.0,306 HOUGANG AVE 5,530306,1.367197636812796,103.8954965604428,2026-10-01
228960,2026-09,HOUGANG,4 ROOM,354,HOUGANG AVE 7,10 TO 12,93.0,New Generation,1986,58 years 09 months,527000.0,354 HOUGANG AVE 7,530354,1.372408326293883,103.8994332772471,2026-10-01
229455,2026-09,HOUGANG,EXECUTIVE,628,HOUGANG AVE 8,04 TO 06,148.0,Maisonette,1986,59 years,938000.0,628 HOUGANG AVE 8,530628,1.369561785139229,103.8805075063916,2026-10-01
229435,2026-09,HOUGANG,EXECUTIVE,430,HOUGANG AVE 6,01 TO 03,154.0,Maisonette,1989,61 years 07 months,1060000.0,430 HOUGANG AVE 6,530430,1.375321061703981,103.8932611287318,2026-10-01
229434,2026-09,HOUGANG,EXECUTIVE,428,HOUGANG AVE 6,01 TO 03,146.0,Maisonette,1990,62 years 10 months,1008000.0,428 HOUGANG AVE 6,530428,1.374994485368575,103.8932549659612,2026-10-01
229456,2026-09,HOUGANG,EXECUTIVE,656,HOUGANG AVE 8,01 TO 03,146.0,Maisonette,1987,59 years 09 months,800000.0,656 HOUGANG AVE 8,530656,1.373235717341934,103.8817022870928,2026-10-01
229457,2026-09,HOUGANG,EXECUTIVE,446,HOUGANG AVE 8,01 TO 03,150.0,Maisonette,1991,63 years 11 months,945000.0,446 HOUGANG AVE 8,530446,1.378804587622338,103.8942838044826,2026-10-01
229424,2026-09,HOUGANG,EXECUTIVE,578,HOUGANG AVE 4,10 TO 12,140.0,Maisonette,1997,70 years 02 months,938800.0,578 HOUGANG AVE 4,530578,1.378952701938368,103.8852643270749,2026-10-01
229423,2026-09,HOUGANG,EXECUTIVE,578,HOUGANG AVE 4,07 TO 09,140.0,Apartment,1997,70 years 02 months,1028000.0,578 HOUGANG AVE 4,530578,1.378952701938368,103.8852643270749,2026-10-01
229473,2026-09,HOUGANG,EXECUTIVE,221,HOUGANG ST 21,07 TO 09,148.0,Maisonette,1992,65 years 01 month,1292000.0,221 HOUGANG ST 21,530221,1.356604544126248,103.8836506219694,2026-10-01
229419,2026-09,HOUGANG,EXECUTIVE,712,HOUGANG AVE 2,10 TO 12,154.0,Maisonette,1986,58 years 10 months,983888.0,712 HOUGANG AVE 2,530712,1.365882221483063,103.8873870543851,2026-10-01
222899,2026-09,BEDOK,3 ROOM,419,BEDOK NTH ST 1,10 TO 12,68.0,New Generation,1979,51 years 05 months,470000.0,419 BEDOK NTH ST 1,460419,1.326966214174574,103.9281357716248,2026-10-01
229474,2026-09,HOUGANG,EXECUTIVE,237,HOUGANG ST 21,13 TO 15,156.0,Apartment,1984,56 years 10 months,1000000.0,237 HOUGANG ST 21,530237,1.356621418748064,103.8888577493932,2026-10-01
229482,2026-09,HOUGANG,EXECUTIVE,562,HOUGANG ST 51,04 TO 06,143.0,Apartment,1992,65 years 02 months,903888.0,562 HOUGANG ST 51,530562,1.38093220261349,103.8891214233483,2026-10-01
222900,2026-09,BEDOK,3 ROOM,419,BEDOK NTH ST 1,10 TO 12,68.0,New Generation,1979,51 years 05 months,450000.0,419 BEDOK NTH ST 1,460419,1.326966214174574,103.9281357716248,2026-10-01
229483,2026-09,HOUGANG,EXECUTIVE,558,HOUGANG ST 51,04 TO 06,148.0,Maisonette,1992,65 years 01 month,990000.0,558 HOUGANG ST 51,530558,1.38049481873122,103.8897605399848,2026-10-01
222901,2026-09,BEDOK,3 ROOM,202,BEDOK NTH ST 1,04 TO 06,82.0,New Generation,1979,51 years 11 months,538000.0,202 BEDOK NTH ST 1,460202,1.325656284369855,103.9279909753884,2026-10-01
229418,2026-09,HOUGANG,EXECUTIVE,705,HOUGANG AVE 2,10 TO 12,148.0,Maisonette,1986,58 years 09 months,1000000.0,705 HOUGANG AVE 2,530705,1.365649034850779,103.888263962373,2026-10-01
229415,2026-09,HOUGANG,EXECUTIVE,455,HOUGANG AVE 10,01 TO 03,147.0,Maisonette,1992,64 years 11 months,978000.0,455 HOUGANG AVE 10,530455,1.377482705749432,103.8954334179615,2026-10-01
229414,2026-09,HOUGANG,EXECUTIVE,449,HOUGANG AVE 10,04 TO 06,146.0,Maisonette,1991,63 years 05 months,988000.0,449 HOUGANG AVE 10,530449,1.378780982438945,103.8951536018629,2026-10-01
229394,2026-09,HOUGANG,5 ROOM,475C,UPP SERANGOON CRES,04 TO 06,112.0,DBSS,2014,87 years 02 months,900000.0,475C UPP SERANGOON CRES,533475,1.375218194486501,103.8999952519925,2026-10-01
229283,2026-09,HOUGANG,5 ROOM,423,HOUGANG AVE 6,04 TO 06,122.0,Improved,1989,62 years 03 months,855000.0,423 HOUGANG AVE 6,530423,1.374081609361762,103.8939766589254,2026-10-01
229518,2026-09,JURONG EAST,2 ROOM,372,JURONG EAST ST 32,13 TO 15,44.0,Model A,2014,86 years 05 months,355000.0,372 JURONG EAST ST 32,600372,1.3486582338257,103.7317894992733,2026-10-01
229273,2026-09,HOUGANG,5 ROOM,361,HOUGANG AVE 5,04 TO 06,123.0,Improved,1992,65 years 01 month,775000.0,361 HOUGANG AVE 5,530361,1.369242268168183,103.8959704052159,2026-10-01
229600,2026-09,JURONG EAST,3 ROOM,244,JURONG EAST ST 24,07 TO 09,67.0,New Generation,1983,55 years 08 months,370000.0,244 JURONG EAST ST 24,600244,1.342631871964489,103.7421338070926,2026-10-01
229186,2026-09,HOUGANG,4 ROOM,475A,UPP SERANGOON CRES,07 TO 09,92.0,DBSS,2014,87 years 03 months,780000.0,475A UPP SERANGOON CRES,531475,1.376298402807222,103.9002207868509,2026-10-01
229128,2026-09,HOUGANG,4 ROOM,928,HOUGANG ST 91,01 TO 03,101.0,Model A,1998,71 years 02 months,550000.0,928 HOUGANG ST 91,530928,1.376659079530197,103.8815163332303,2026-10-01
229127,2026-09,HOUGANG,4 ROOM,928,HOUGANG ST 91,10 TO 12,101.0,Model A,1998,71 years 02 months,650000.0,928 HOUGANG ST 91,530928,1.376659079530197,103.8815163332303,2026-10-01
229566,2026-09,JURONG EAST,3 ROOM,211,JURONG EAST ST 21,07 TO 09,67.0,New Generation,1983,55 years 08 months,418000.0,211 JURONG EAST ST 21,600211,1.338669110593866,103.7402925280648,2026-10-01
229101,2026-09,HOUGANG,4 ROOM,693,HOUGANG ST 61,01 TO 03,85.0,Simplified,1987,59 years 10 months,500000.0,693 HOUGANG ST 61,530693,1.376697969960298,103.8875410499022,2026-10-01
229092,2026-09,HOUGANG,4 ROOM,699C,HOUGANG ST 52,07 TO 09,100.0,Model A,1998,71 years 03 months,605000.0,699C HOUGANG ST 52,533699,1.376440949695681,103.888527313943,2026-10-01
229091,2026-09,HOUGANG,4 ROOM,699B,HOUGANG ST 52,01 TO 03,100.0,Model A,1998,71 years 03 months,568000.0,699B HOUGANG ST 52,532699,1.376702901000565,103.888277047979,2026-10-01
229082,2026-09,HOUGANG,4 ROOM,549,HOUGANG ST 51,07 TO 09,103.0,Model A,1992,64 years 11 months,625000.0,549 HOUGANG ST 51,530549,1.378141039560384,103.8912577882072,2026-10-01
229081,2026-09,HOUGANG,4 ROOM,557,HOUGANG ST 51,01 TO 03,106.0,Model A,1992,64 years 11 months,580000.0,557 HOUGANG ST 51,530557,1.379949790009314,103.8904386927597,2026-10-01
229188,2026-09,HOUGANG,4 ROOM,471B,UPP SERANGOON CRES,13 TO 15,92.0,Model A,2015,87 years 09 months,710000.0,471B UPP SERANGOON CRES,532471,1.378010012627674,103.901070789874,2026-10-01
222831,2026-09,BEDOK,3 ROOM,92,BEDOK NTH AVE 4,10 TO 12,82.0,New Generation,1979,51 years 09 months,480000.0,92 BEDOK NTH AVE 4,460092,1.332444148773547,103.9412979781781,2026-10-01
229601,2026-09,JURONG EAST,3 ROOM,241,JURONG EAST ST 24,07 TO 09,68.0,New Generation,1983,55 years 06 months,386000.0,241 JURONG EAST ST 24,600241,1.341481293444696,103.7429733595908,2026-10-01
229066,2026-09,HOUGANG,4 ROOM,376A,HOUGANG ST 32,07 TO 09,92.0,Model A,2016,88 years 07 months,740000.0,376A HOUGANG ST 32,531376,1.363460097993299,103.8935763256788,2026-10-01
229013,2026-09,HOUGANG,4 ROOM,542,HOUGANG AVE 8,07 TO 09,109.0,Model A,1992,64 years 11 months,656000.0,542 HOUGANG AVE 8,530542,1.376951718427458,103.8917486373244,2026-10-01
229012,2026-09,HOUGANG,4 ROOM,445,HOUGANG AVE 8,04 TO 06,105.0,Model A,1990,62 years 07 months,605000.0,445 HOUGANG AVE 8,530445,1.379118191449594,103.8942908964513,2026-10-01
229011,2026-09,HOUGANG,4 ROOM,445,HOUGANG AVE 8,04 TO 06,113.0,Model A,1990,62 years 07 months,670000.0,445 HOUGANG AVE 8,530445,1.379118191449594,103.8942908964513,2026-10-01
229010,2026-09,HOUGANG,4 ROOM,444,HOUGANG AVE 8,01 TO 03,105.0,Model A,1991,64 years,570000.0,444 HOUGANG AVE 8,530444,1.379488751698946,103.8938485346478,2026-10-01
229009,2026-09,HOUGANG,4 ROOM,637,HOUGANG AVE 8,04 TO 06,84.0,Simplified,1987,60 years 01 month,520000.0,637 HOUGANG AVE 8,530637,1.370967949572911,103.8792820912291,2026-10-01
229187,2026-09,HOUGANG,4 ROOM,471B,UPP SERANGOON CRES,10 TO 12,92.0,Model A,2015,87 years 09 months,705000.0,471B UPP SERANGOON CRES,532471,1.378010012627674,103.901070789874,2026-10-01
229126,2026-09,HOUGANG,4 ROOM,925,HOUGANG ST 91,04 TO 06,101.0,Model A,1998,71 years 01 month,595000.0,925 HOUGANG ST 91,530925,1.376705846051377,103.8824972364236,2026-10-01
229189,2026-09,HOUGANG,4 ROOM,471A,UPP SERANGOON CRES,07 TO 09,92.0,Model A,2015,87 years 08 months,675000.0,471A UPP SERANGOON CRES,531471,1.37814544014757,103.9017673420557,2026-10-01
229200,2026-09,HOUGANG,4 ROOM,365C,UPP SERANGOON RD,01 TO 03,92.0,Model A,2018,90 years 06 months,705000.0,365C UPP SERANGOON RD,533365,1.369284513369346,103.8971345986798,2026-10-01
222911,2026-09,BEDOK,3 ROOM,135,BEDOK NTH ST 2,07 TO 09,67.0,New Generation,1978,50 years 09 months,415000.0,135 BEDOK NTH ST 2,460135,1.328735351480945,103.9365067382778,2026-10-01
229252,2026-09,HOUGANG,5 ROOM,420,HOUGANG AVE 10,04 TO 06,121.0,Improved,1989,62 years,718000.0,420 HOUGANG AVE 10,530420,1.375805585306457,103.8948190734518,2026-10-01
229251,2026-09,HOUGANG,5 ROOM,416,HOUGANG AVE 10,07 TO 09,120.0,Improved,1985,58 years 02 months,715000.0,416 HOUGANG AVE 10,530416,1.375685702607891,103.8962838150559,2026-10-01
229567,2026-09,JURONG EAST,3 ROOM,211,JURONG EAST ST 21,07 TO 09,67.0,New Generation,1983,55 years 08 months,370000.0,211 JURONG EAST ST 21,600211,1.338669110593866,103.7402925280648,2026-10-01
229568,2026-09,JURONG EAST,3 ROOM,215,JURONG EAST ST 21,01 TO 03,84.0,New Generation,1984,57 years 03 months,395000.0,215 JURONG EAST ST 21,600215,1.339933272175194,103.7385144777389,2026-10-01
229226,2026-09,HOUGANG,5 ROOM,997B,BUANGKOK CRES,10 TO 12,113.0,Improved,2018,91 years 02 months,820000.0,997B BUANGKOK CRES,532997,1.385901567812004,103.8813870477999,2026-10-01
229212,2026-09,HOUGANG,4 ROOM,476B,UPP SERANGOON VIEW,13 TO 15,92.0,Premium Apartment,2016,88 years 06 months,758000.0,476B UPP SERANGOON VIEW,532476,1.377328452107043,103.9042121911927,2026-10-01
229569,2026-09,JURONG EAST,3 ROOM,207,JURONG EAST ST 21,04 TO 06,67.0,New Generation,1983,55 years 07 months,388000.0,207 JURONG EAST ST 21,600207,1.337890377171293,103.7424280657636,2026-10-01
229436,2026-09,HOUGANG,EXECUTIVE,522,HOUGANG AVE 6,01 TO 03,145.0,Maisonette,1987,59 years 11 months,938888.0,522 HOUGANG AVE 6,530522,1.373424664707817,103.8918569097992,2026-10-01
229190,2026-09,HOUGANG,4 ROOM,475D,UPP SERANGOON CRES,16 TO 18,92.0,DBSS,2014,87 years 02 months,810000.0,475D UPP SERANGOON CRES,537475,1.375182544014115,103.9004059828238,2026-10-01
229198,2026-09,HOUGANG,4 ROOM,365C,UPP SERANGOON RD,04 TO 06,93.0,Model A,2018,90 years 06 months,760000.0,365C UPP SERANGOON RD,533365,1.369284513369346,103.8971345986798,2026-10-01
222877,2026-09,BEDOK,3 ROOM,124,BEDOK NTH RD,10 TO 12,67.0,New Generation,1978,50 years 10 months,395000.0,124 BEDOK NTH RD,460124,1.329258819445753,103.9390464303205,2026-10-01
223497,2026-09,BEDOK,4 ROOM,153A,BEDOK STH RD,04 TO 06,93.0,Model A,2022,94 years 08 months,990000.0,153A BEDOK STH RD,461153,1.319367766761237,103.9469952317953,2026-09-30
222421,2026-09,ANG MO KIO,4 ROOM,307A,ANG MO KIO AVE 1,10 TO 12,95.0,Model A,2012,85 years 01 month,890000.0,307A ANG MO KIO AVE 1,561307,1.36598205054587,103.8444449746598,2026-09-30
239953,2026-09,WOODLANDS,4 ROOM,427,WOODLANDS ST 41,04 TO 06,100.0,Model A,1997,69 years 06 months,515000.0,427 WOODLANDS ST 41,730427,1.427295079429201,103.7724946391981,2026-09-30
222798,2026-09,BEDOK,3 ROOM,519,BEDOK NTH AVE 1,01 TO 03,67.0,New Generation,1979,52 years,340000.0,519 BEDOK NTH AVE 1,460519,1.33087614142097,103.9280598543482,2026-09-30
222799,2026-09,BEDOK,3 ROOM,520,BEDOK NTH AVE 1,04 TO 06,67.0,New Generation,1979,51 years 11 months,410000.0,520 BEDOK NTH AVE 1,460520,1.330464617792595,103.9281342617198,2026-09-30
241000,2026-09,YISHUN,4 ROOM,790,YISHUN AVE 2,04 TO 06,84.0,Simplified,1987,59 years 08 months,478000.0,790 YISHUN AVE 2,760790,1.420000055339678,103.8337945126593,2026-09-30
223498,2026-09,BEDOK,4 ROOM,154B,BEDOK STH RD,16 TO 18,93.0,Model A,2022,94 years 05 months,1160000.0,154B BEDOK STH RD,462154,1.317723214090242,103.9469022265382,2026-09-30
222316,2026-09,ANG MO KIO,3 ROOM,624,ANG MO KIO AVE 4,10 TO 12,68.0,New Generation,1980,53 years 01 month,420000.0,624 ANG MO KIO AVE 4,560624,1.38156171229824,103.8400022687298,2026-09-30
223501,2026-09,BEDOK,4 ROOM,170,BEDOK STH RD,10 TO 12,84.0,Simplified,1986,58 years 04 months,607000.0,170 BEDOK STH RD,460170,1.320720104227998,103.9461110692962,2026-09-30
239929,2026-09,WOODLANDS,4 ROOM,335,WOODLANDS ST 32,01 TO 03,83.0,Simplified,1985,58 years 03 months,438888.0,335 WOODLANDS ST 32,730335,1.42972520117129,103.7805793579878,2026-09-30
223060,2026-09,BEDOK,3 ROOM,33,BEDOK STH AVE 2,10 TO 12,73.0,New Generation,1978,50 years 07 months,425000.0,33 BEDOK STH AVE 2,460033,1.322837033022408,103.9391245259508,2026-09-30
223114,2026-09,BEDOK,3 ROOM,20,CHAI CHEE RD,01 TO 03,65.0,Improved,1972,44 years 11 months,338000.0,20 CHAI CHEE RD,461020,1.326272712432332,103.9228852871537,2026-09-30
222362,2026-09,ANG MO KIO,3 ROOM,180,ANG MO KIO AVE 5,07 TO 09,68.0,New Generation,1981,53 years 07 months,408888.0,180 ANG MO KIO AVE 5,560180,1.376677064633826,103.8383610375545,2026-09-30
222276,2026-09,ANG MO KIO,3 ROOM,235,ANG MO KIO AVE 3,10 TO 12,67.0,New Generation,1977,50 years 01 month,405000.0,235 ANG MO KIO AVE 3,560235,1.366823608723433,103.8364912335099,2026-09-30
223500,2026-09,BEDOK,4 ROOM,154B,BEDOK STH RD,04 TO 06,93.0,Model A,2022,94 years 05 months,940000.0,154B BEDOK STH RD,462154,1.317723214090242,103.9469022265382,2026-09-30
222800,2026-09,BEDOK,3 ROOM,423,BEDOK NTH AVE 1,07 TO 09,67.0,New Generation,1979,51 years 05 months,418000.0,423 BEDOK NTH AVE 1,460423,1.327976141185119,103.9275651107631,2026-09-30
222210,2026-09,ANG MO KIO,3 ROOM,444,ANG MO KIO AVE 10,07 TO 09,82.0,New Generation,1979,51 years 11 months,465000.0,444 ANG MO KIO AVE 10,560444,1.366600453211472,103.8555787906681,2026-09-30
223496,2026-09,BEDOK,4 ROOM,154B,BEDOK STH RD,13 TO 15,93.0,Model A,2022,94 years 05 months,1030000.0,154B BEDOK STH RD,462154,1.317723214090242,103.9469022265382,2026-09-30
241696,2026-09,YISHUN,5 ROOM,299,YISHUN ST 20,10 TO 12,111.0,Improved,2000,73 years 03 months,658000.0,299 YISHUN ST 20,760299,1.436309909573053,103.8345709620931,2026-09-30
239705,2026-09,WOODLANDS,4 ROOM,619,WOODLANDS DR 52,01 TO 03,95.0,Model A2,1998,71 years,500000.0,619 WOODLANDS DR 52,730619,1.433436770919643,103.79805544789,2026-09-30
223774,2026-09,BEDOK,EXECUTIVE,640,BEDOK RESERVOIR RD,07 TO 09,143.0,Apartment,1993,66 years 04 months,950000.0,640 BEDOK RESERVOIR RD,410640,1.33210132151894,103.9049531949575,2026-09-30
222451,2026-09,ANG MO KIO,4 ROOM,474,ANG MO KIO AVE 10,04 TO 06,91.0,New Generation,1984,56 years 06 months,485000.0,474 ANG MO KIO AVE 10,560474,1.362757847022154,103.8580153236669,2026-09-30
223038,2026-09,BEDOK,3 ROOM,608,BEDOK RESERVOIR RD,04 TO 06,67.0,New Generation,1982,54 years 11 months,390000.0,608 BEDOK RESERVOIR RD,470608,1.331841299471871,103.9131962359387,2026-09-30
223037,2026-09,BEDOK,3 ROOM,616,BEDOK RESERVOIR RD,04 TO 06,68.0,New Generation,1982,54 years 09 months,415000.0,616 BEDOK RESERVOIR RD,470616,1.331903960955805,103.9151377591255,2026-09-30
223036,2026-09,BEDOK,3 ROOM,702,BEDOK RESERVOIR RD,10 TO 12,68.0,New Generation,1980,53 years 03 months,420000.0,702 BEDOK RESERVOIR RD,470702,1.337236504076526,103.9189244377981,2026-09-30
239808,2026-09,WOODLANDS,4 ROOM,687B,WOODLANDS DR 75,10 TO 12,94.0,Premium Apartment,2003,75 years 06 months,565000.0,687B WOODLANDS DR 75,732687,1.441885394707043,103.8071619420363,2026-09-30
222965,2026-09,BEDOK,3 ROOM,542,BEDOK NTH ST 3,10 TO 12,67.0,New Generation,1985,58 years 01 month,416000.0,542 BEDOK NTH ST 3,460542,1.330665909084848,103.922843972485,2026-09-30
222533,2026-09,ANG MO KIO,4 ROOM,511,ANG MO KIO AVE 8,07 TO 09,92.0,New Generation,1980,53 years,570000.0,511 ANG MO KIO AVE 8,560511,1.373567750159061,103.8501541251547,2026-09-30
239807,2026-09,WOODLANDS,4 ROOM,688C,WOODLANDS DR 75,04 TO 06,90.0,Premium Apartment,2004,76 years 07 months,515000.0,688C WOODLANDS DR 75,733688,1.443409491467123,103.8073026414969,2026-09-30
222653,2026-09,ANG MO KIO,5 ROOM,539,ANG MO KIO AVE 10,04 TO 06,118.0,Improved,1980,52 years 05 months,700000.0,539 ANG MO KIO AVE 10,560539,1.375374291102321,103.8542587521725,2026-09-30
222966,2026-09,BEDOK,3 ROOM,509,BEDOK NTH ST 3,01 TO 03,67.0,New Generation,1979,52 years 01 month,330000.0,509 BEDOK NTH ST 3,460509,1.333175418701974,103.9312650251621,2026-09-30
222967,2026-09,BEDOK,3 ROOM,542,BEDOK NTH ST 3,07 TO 09,67.0,New Generation,1985,58 years 01 month,390000.0,542 BEDOK NTH ST 3,460542,1.330665909084848,103.922843972485,2026-09-30
223383,2026-09,BEDOK,4 ROOM,140,BEDOK RESERVOIR RD,10 TO 12,84.0,Simplified,1986,59 years 01 month,610000.0,140 BEDOK RESERVOIR RD,470140,1.334889914004044,103.9133861865883,2026-09-30
223384,2026-09,BEDOK,4 ROOM,718,BEDOK RESERVOIR RD,07 TO 09,104.0,Model A,1984,56 years 05 months,545000.0,718 BEDOK RESERVOIR RD,470718,1.336630599376517,103.9257485161101,2026-09-30
222968,2026-09,BEDOK,3 ROOM,504,BEDOK NTH ST 3,07 TO 09,59.0,Improved,1978,50 years 08 months,365000.0,504 BEDOK NTH ST 3,460504,1.331880003054789,103.9323893590436,2026-09-30
240058,2026-09,WOODLANDS,5 ROOM,793,WOODLANDS AVE 6,07 TO 09,123.0,Improved,1997,70 years 02 months,685000.0,793 WOODLANDS AVE 6,730793,1.442394112762936,103.8028495021246,2026-09-30
240097,2026-09,WOODLANDS,5 ROOM,782B,WOODLANDS CRES,07 TO 09,112.0,Improved,2015,87 years 10 months,640000.0,782B WOODLANDS CRES,732782,1.447469800552185,103.8032270695337,2026-09-30
223385,2026-09,BEDOK,4 ROOM,132,BEDOK RESERVOIR RD,01 TO 03,84.0,Simplified,1987,59 years 06 months,550000.0,132 BEDOK RESERVOIR RD,470132,1.332795451962217,103.9118132105983,2026-09-30
223386,2026-09,BEDOK,4 ROOM,606,BEDOK RESERVOIR RD,04 TO 06,92.0,New Generation,1982,54 years 09 months,540000.0,606 BEDOK RESERVOIR RD,470606,1.331222279313021,103.913799873642,2026-09-30
223387,2026-09,BEDOK,4 ROOM,613B,BEDOK RESERVOIR RD,01 TO 03,102.0,Model A,1998,70 years 06 months,638000.0,613B BEDOK RESERVOIR RD,472613,1.332787311585209,103.9182223161329,2026-09-30
239687,2026-09,WOODLANDS,4 ROOM,890B,WOODLANDS DR 50,04 TO 06,93.0,Model A,2017,89 years 10 months,645000.0,890B WOODLANDS DR 50,732890,1.438238745897092,103.7924521858044,2026-09-30
240408,2026-09,WOODLANDS,5 ROOM,858,WOODLANDS ST 83,07 TO 09,121.0,Improved,1996,68 years 07 months,640000.0,858 WOODLANDS ST 83,730858,1.440297451525402,103.7944552694317,2026-09-30
241145,2026-09,YISHUN,4 ROOM,317C,YISHUN AVE 9,10 TO 12,92.0,Model A,2015,88 years 01 month,612288.0,317C YISHUN AVE 9,763317,1.433780482878389,103.8431057058923,2026-09-30
240409,2026-09,WOODLANDS,5 ROOM,856,WOODLANDS ST 83,01 TO 03,126.0,Improved,1996,68 years 06 months,660000.0,856 WOODLANDS ST 83,730856,1.440498828018199,103.7932870933346,2026-09-30
240488,2026-09,WOODLANDS,EXECUTIVE,670,WOODLANDS DR 71,04 TO 06,130.0,Apartment,2000,72 years 11 months,835000.0,670 WOODLANDS DR 71,730670,1.438826354306053,103.7992974455507,2026-09-30
223533,2026-09,BEDOK,4 ROOM,808C,CHAI CHEE RD,07 TO 09,93.0,Model A,2016,89 years 02 months,835000.0,808C CHAI CHEE RD,463808,1.327893029684687,103.9238749410063,2026-09-30
223039,2026-09,BEDOK,3 ROOM,712,BEDOK RESERVOIR RD,01 TO 03,68.0,New Generation,1981,53 years 11 months,398000.0,712 BEDOK RESERVOIR RD,470712,1.335907291861639,103.9226340431364,2026-09-30
240024,2026-09,WOODLANDS,5 ROOM,348,WOODLANDS AVE 3,10 TO 12,122.0,Improved,1988,61 years,635000.0,348 WOODLANDS AVE 3,730348,1.432939460174404,103.7818813944568,2026-09-30
223493,2026-09,BEDOK,4 ROOM,152C,BEDOK STH RD,07 TO 09,93.0,Model A,2022,94 years 08 months,935000.0,152C BEDOK STH RD,463152,1.318717037520852,103.9470124230528,2026-09-30
223741,2026-09,BEDOK,5 ROOM,102,LENGKONG TIGA,04 TO 06,129.0,Improved,1989,61 years 10 months,1168000.0,102 LENGKONG TIGA,410102,1.325579307146586,103.9106575478897,2026-09-30
241476,2026-09,YISHUN,4 ROOM,635,YISHUN ST 61,07 TO 09,84.0,Simplified,1987,60 years,447500.0,635 YISHUN ST 61,760635,1.419230703750708,103.8389821109842,2026-09-30
222478,2026-09,ANG MO KIO,4 ROOM,213,ANG MO KIO AVE 3,07 TO 09,82.0,New Generation,1976,48 years 08 months,538000.0,213 ANG MO KIO AVE 3,560213,1.367769472180476,103.8412554325217,2026-09-30
241447,2026-09,YISHUN,4 ROOM,505C,YISHUN ST 51,07 TO 09,92.0,Model A,2016,88 years 07 months,578888.0,505C YISHUN ST 51,763505,1.419237544614694,103.8442279288807,2026-09-30
241142,2026-09,YISHUN,4 ROOM,317B,YISHUN AVE 9,01 TO 03,92.0,Model A,2015,88 years 02 months,568000.0,317B YISHUN AVE 9,762317,1.434168785118179,103.8429504410241,2026-09-30
241144,2026-09,YISHUN,4 ROOM,315B,YISHUN AVE 9,07 TO 09,92.0,Model A,2015,88 years 02 months,625000.0,315B YISHUN AVE 9,762315,1.431930856146826,103.8425650428946,2026-09-30
241446,2026-09,YISHUN,4 ROOM,512B,YISHUN ST 51,10 TO 12,93.0,Model A,2017,90 years,600000.0,512B YISHUN ST 51,762512,1.41470704581507,103.8421123414432,2026-09-30
223729,2026-09,BEDOK,5 ROOM,650,JLN TENAGA,01 TO 03,131.0,Model A,1996,68 years 11 months,870000.0,650 JLN TENAGA,410650,1.331867985714899,103.9075739110256,2026-09-30
222906,2026-09,BEDOK,3 ROOM,129,BEDOK NTH ST 2,04 TO 06,67.0,New Generation,1978,50 years 09 months,370000.0,129 BEDOK NTH ST 2,460129,1.32755443192196,103.9380304842231,2026-09-30
222907,2026-09,BEDOK,3 ROOM,129,BEDOK NTH ST 2,01 TO 03,82.0,New Generation,1978,50 years 09 months,460000.0,129 BEDOK NTH ST 2,460129,1.32755443192196,103.9380304842231,2026-09-30
241445,2026-09,YISHUN,4 ROOM,502A,YISHUN ST 51,04 TO 06,92.0,Model A,2018,90 years 05 months,580000.0,502A YISHUN ST 51,761502,1.416392787445702,103.8413693297357,2026-09-30
222908,2026-09,BEDOK,3 ROOM,128,BEDOK NTH ST 2,04 TO 06,82.0,New Generation,1978,50 years 09 months,460000.0,128 BEDOK NTH ST 2,460128,1.327740236451,103.9390056969628,2026-09-30
222502,2026-09,ANG MO KIO,4 ROOM,255,ANG MO KIO AVE 4,10 TO 12,98.0,New Generation,1977,49 years 11 months,585000.0,255 ANG MO KIO AVE 4,560255,1.370654870788556,103.834630215787,2026-09-30
241143,2026-09,YISHUN,4 ROOM,316B,YISHUN AVE 9,13 TO 15,92.0,Model A,2015,88 years 02 months,636000.0,316B YISHUN AVE 9,762316,1.432869321016078,103.8426975907903,2026-09-30
223113,2026-09,BEDOK,3 ROOM,807C,CHAI CHEE RD,04 TO 06,68.0,Model A,2016,89 years 03 months,595000.0,807C CHAI CHEE RD,463807,1.327997940723103,103.9232486016892,2026-09-30
231462,2026-09,KALLANG/WHAMPOA,4 ROOM,108B,MCNAIR RD,22 TO 24,90.0,Model A,2004,77 years 03 months,915000.0,108B MCNAIR RD,323108,1.319981244299263,103.859005144914,2026-09-30
239272,2026-09,WOODLANDS,3 ROOM,101,WOODLANDS ST 13,01 TO 03,72.0,New Generation,1985,57 years 08 months,423000.0,101 WOODLANDS ST 13,730101,1.435982685401854,103.7819327474628,2026-09-30
229392,2026-09,HOUGANG,5 ROOM,475B,UPP SERANGOON CRES,10 TO 12,109.0,DBSS,2014,87 years 03 months,990000.0,475B UPP SERANGOON CRES,532475,1.375774046114906,103.8999656847382,2026-09-30
234726,2026-09,SEMBAWANG,4 ROOM,366A,SEMBAWANG CRES,01 TO 03,93.0,Model A,2019,91 years 08 months,560000.0,366A SEMBAWANG CRES,751366,1.44380050698251,103.816211984803,2026-09-30
234725,2026-09,SEMBAWANG,4 ROOM,362C,SEMBAWANG CRES,13 TO 15,93.0,Model A,2019,91 years 10 months,673000.0,362C SEMBAWANG CRES,753362,1.446683723886759,103.8132257710512,2026-09-30
228793,2026-09,HOUGANG,4 ROOM,985A,BUANGKOK CRES,10 TO 12,85.0,Model A2,2004,76 years 06 months,560000.0,985A BUANGKOK CRES,531985,1.381195248487927,103.8800662696869,2026-09-30
234202,2026-09,QUEENSTOWN,4 ROOM,13,HOLLAND DR,16 TO 18,88.0,Improved,1975,47 years 05 months,640000.0,13 HOLLAND DR,271013,1.30936039548607,103.7932050676817,2026-09-30
229241,2026-09,HOUGANG,5 ROOM,169,HOUGANG AVE 1,10 TO 12,121.0,Improved,1997,70 years 04 months,790000.0,169 HOUGANG AVE 1,530169,1.351604900533325,103.8898489950704,2026-09-30
229266,2026-09,HOUGANG,5 ROOM,601,HOUGANG AVE 4,07 TO 09,122.0,Improved,1986,58 years 09 months,788000.0,601 HOUGANG AVE 4,530601,1.370678921095649,103.8871365947443,2026-09-30
234120,2026-09,QUEENSTOWN,4 ROOM,79,DAWSON RD,16 TO 18,88.0,Model A,2020,93 years 03 months,1100000.0,79 DAWSON RD,141079,1.294590831600798,103.8103266362429,2026-09-30
229390,2026-09,HOUGANG,5 ROOM,475A,UPP SERANGOON CRES,07 TO 09,112.0,DBSS,2014,87 years 03 months,995888.0,475A UPP SERANGOON CRES,531475,1.376298402807222,103.9002207868509,2026-09-30
229391,2026-09,HOUGANG,5 ROOM,471B,UPP SERANGOON CRES,13 TO 15,112.0,Improved,2015,87 years 09 months,865000.0,471B UPP SERANGOON CRES,532471,1.378010012627674,103.901070789874,2026-09-30
233962,2026-09,QUEENSTOWN,3 ROOM,40A,MARGARET DR,10 TO 12,63.0,Premium Apartment,2022,94 years 05 months,820000.0,40A MARGARET DR,141040,1.297006873069557,103.806057140127,2026-09-30
234762,2026-09,SEMBAWANG,4 ROOM,466A,SEMBAWANG DR,04 TO 06,90.0,Premium Apartment,2006,78 years 05 months,512000.0,466A SEMBAWANG DR,751466,1.455201020990653,103.8135886347583,2026-09-30
233961,2026-09,QUEENSTOWN,3 ROOM,30,MARGARET DR,43 TO 45,62.0,Premium Apartment,2022,94 years 05 months,888000.0,30 MARGARET DR,141030,1.298726243658565,103.8039618328686,2026-09-30
233960,2026-09,QUEENSTOWN,3 ROOM,41A,MARGARET DR,25 TO 27,63.0,Premium Apartment,2022,94 years 05 months,830000.0,41A MARGARET DR,143041,1.296892979042182,103.8068218054895,2026-09-30
233713,2026-09,PUNGGOL,EXECUTIVE,186,PUNGGOL CTRL,13 TO 15,128.0,Premium Apartment,2004,76 years 08 months,880000.0,186 PUNGGOL CTRL,820186,1.398563327896599,103.9110999731661,2026-09-30
233647,2026-09,PUNGGOL,5 ROOM,271B,PUNGGOL WALK,01 TO 03,116.0,Premium Apartment,2014,86 years 07 months,900000.0,271B PUNGGOL WALK,822271,1.40417054982359,103.900581094235,2026-09-30
233645,2026-09,PUNGGOL,5 ROOM,308C,PUNGGOL WALK,01 TO 03,112.0,Premium Apartment,2016,88 years 07 months,830000.0,308C PUNGGOL WALK,823308,1.408006949440278,103.899074357998,2026-09-30
229699,2026-09,JURONG EAST,4 ROOM,248,JURONG EAST ST 24,10 TO 12,94.0,New Generation,1983,55 years 07 months,505000.0,248 JURONG EAST ST 24,600248,1.342273144161995,103.7401013690889,2026-09-30
229700,2026-09,JURONG EAST,4 ROOM,261,JURONG EAST ST 24,01 TO 03,95.0,New Generation,1983,55 years 07 months,420000.0,261 JURONG EAST ST 24,600261,1.344495688621979,103.7404010817486,2026-09-30
229775,2026-09,JURONG EAST,4 ROOM,274,TOH GUAN RD,04 TO 06,101.0,Model A,1999,71 years 05 months,560000.0,274 TOH GUAN RD,600274,1.34209832796868,103.7467102516512,2026-09-30
229811,2026-09,JURONG EAST,5 ROOM,213,JURONG EAST ST 21,22 TO 24,120.0,Improved,1982,55 years 01 month,725000.0,213 JURONG EAST ST 21,600213,1.339032566482759,103.7397737752627,2026-09-30
234727,2026-09,SEMBAWANG,4 ROOM,365B,SEMBAWANG CRES,10 TO 12,93.0,Model A,2019,91 years 08 months,630000.0,365B SEMBAWANG CRES,752365,1.443962863500952,103.8173619021816,2026-09-30
228592,2026-09,HOUGANG,3 ROOM,108,HOUGANG AVE 1,01 TO 03,67.0,New Generation,1984,56 years 06 months,428000.0,108 HOUGANG AVE 1,530108,1.35277393315535,103.8900931770253,2026-09-30
227272,2026-09,CHOA CHU KANG,4 ROOM,103,TECK WHYE LANE,07 TO 09,107.0,Model A,1989,61 years 07 months,510000.0,103 TECK WHYE LANE,680103,1.377130782462758,103.7535559937606,2026-09-30
235541,2026-09,SENGKANG,4 ROOM,415A,FERNVALE LINK,13 TO 15,93.0,Model A,2016,88 years 05 months,650000.0,415A FERNVALE LINK,791415,1.389045084101519,103.8794153121127,2026-09-30
236001,2026-09,SENGKANG,5 ROOM,216D,COMPASSVALE DR,04 TO 06,112.0,Premium Apartment,2017,89 years 09 months,935000.0,216D COMPASSVALE DR,544216,1.390199369573347,103.8945758688562,2026-09-30
235980,2026-09,SENGKANG,5 ROOM,295C,COMPASSVALE CRES,07 TO 09,110.0,Improved,2002,74 years 07 months,610000.0,295C COMPASSVALE CRES,543295,1.397300079316253,103.8999882943155,2026-09-30
227453,2026-09,CHOA CHU KANG,5 ROOM,791,CHOA CHU KANG NTH 6,04 TO 06,128.0,Improved,1996,69 years 01 month,642000.0,791 CHOA CHU KANG NTH 6,680791,1.395564354535468,103.7499871373252,2026-09-30
227482,2026-09,CHOA CHU KANG,5 ROOM,552,CHOA CHU KANG ST 52,07 TO 09,132.0,Model A,1994,66 years 08 months,770000.0,552 CHOA CHU KANG ST 52,680552,1.394610617408012,103.7426638042664,2026-09-30
235731,2026-09,SENGKANG,4 ROOM,195,RIVERVALE DR,04 TO 06,91.0,Model A,2001,73 years 11 months,530000.0,195 RIVERVALE DR,540195,1.392824178008097,103.9024001850873,2026-09-30
235545,2026-09,SENGKANG,4 ROOM,416A,FERNVALE LINK,22 TO 24,93.0,Model A,2016,88 years 05 months,692888.0,416A FERNVALE LINK,791416,1.390611962765703,103.8799635604373,2026-09-30
235544,2026-09,SENGKANG,4 ROOM,418C,FERNVALE LINK,10 TO 12,94.0,Model A,2018,90 years 11 months,690000.0,418C FERNVALE LINK,793418,1.390950147683077,103.8810146893869,2026-09-30
235543,2026-09,SENGKANG,4 ROOM,470B,FERNVALE LINK,25 TO 27,93.0,Model A,2016,89 years 01 month,670000.0,470B FERNVALE LINK,792470,1.396871178656484,103.8798595081404,2026-09-30
235542,2026-09,SENGKANG,4 ROOM,430A,FERNVALE LINK,01 TO 03,92.0,Model A,2015,87 years 09 months,570000.0,430A FERNVALE LINK,791430,1.393870162391871,103.8785172014251,2026-09-30
235189,2026-09,SENGKANG,4 ROOM,338B,ANCHORVALE CRES,13 TO 15,93.0,Model A,2018,90 years 08 months,698888.0,338B ANCHORVALE CRES,542338,1.39953508842562,103.8897851472521,2026-09-30
239191,2026-09,WOODLANDS,3 ROOM,15,MARSILING LANE,07 TO 09,76.0,Improved,1976,48 years 05 months,368000.0,15 MARSILING LANE,730015,1.441925602238598,103.7781583957634,2026-09-30
228158,2026-09,GEYLANG,3 ROOM,18C,CIRCUIT RD,04 TO 06,67.0,Model A,2016,89 years 03 months,730000.0,18C CIRCUIT RD,373018,1.329296909297198,103.8887925883314,2026-09-30
228159,2026-09,GEYLANG,3 ROOM,70,CIRCUIT RD,04 TO 06,56.0,Standard,1969,41 years 05 months,325000.0,70 CIRCUIT RD,370070,1.325195913303037,103.8880399697906,2026-09-30
228160,2026-09,GEYLANG,3 ROOM,82A,CIRCUIT RD,07 TO 09,68.0,Model A,2020,92 years 09 months,790000.0,82A CIRCUIT RD,371082,1.324289107178377,103.8897605264819,2026-09-30
235083,2026-09,SENGKANG,3 ROOM,215A,COMPASSVALE DR,07 TO 09,68.0,Premium Apartment,2017,89 years 09 months,608000.0,215A COMPASSVALE DR,541215,1.389478682548734,103.8932788374513,2026-09-30
235058,2026-09,SENGKANG,2 ROOM,448B,SENGKANG WEST WAY,13 TO 15,46.0,Model A,2014,87 years,393000.0,448B SENGKANG WEST WAY,792448,1.393419816918281,103.873319886194,2026-09-30
235053,2026-09,SENGKANG,2 ROOM,456A,SENGKANG WEST RD,07 TO 09,48.0,2-room,2020,93 years 01 month,418000.0,456A SENGKANG WEST RD,791456,1.391659659990644,103.869882501471,2026-09-30
234800,2026-09,SEMBAWANG,5 ROOM,359C,ADMIRALTY DR,10 TO 12,110.0,Premium Apartment,2001,74 years 01 month,608888.0,359C ADMIRALTY DR,753359,1.449124936600729,103.8147138699621,2026-09-30
234799,2026-09,SEMBAWANG,5 ROOM,353A,ADMIRALTY DR,01 TO 03,110.0,Improved,2002,74 years 05 months,630000.0,353A ADMIRALTY DR,751353,1.450537630160962,103.8191354553233,2026-09-30
228590,2026-09,HOUGANG,3 ROOM,119,HOUGANG AVE 1,07 TO 09,67.0,New Generation,1981,54 years 01 month,437688.0,119 HOUGANG AVE 1,530119,1.354007768864254,103.8877484116923,2026-09-30
229823,2026-09,JURONG EAST,5 ROOM,307,JURONG EAST ST 32,10 TO 12,131.0,Model A,1984,57 years 02 months,700000.0,307 JURONG EAST ST 32,600307,1.346521517865533,103.7348431388681,2026-09-30
229864,2026-09,JURONG EAST,5 ROOM,286A,TOH GUAN RD,04 TO 06,123.0,Improved,1998,71 years 03 months,820000.0,286A TOH GUAN RD,601286,1.338662946230769,103.745669515937,2026-09-30
229865,2026-09,JURONG EAST,5 ROOM,278,TOH GUAN RD,04 TO 06,121.0,Improved,1998,71 years 02 months,718000.0,278 TOH GUAN RD,600278,1.340901577705347,103.7464370820188,2026-09-30
231658,2026-09,KALLANG/WHAMPOA,EXECUTIVE,108,JLN RAJAH,04 TO 06,154.0,Maisonette,1984,57 years 03 months,1038000.0,108 JLN RAJAH,320108,1.328389357250247,103.8557508723346,2026-09-30
230963,2026-09,JURONG WEST,5 ROOM,166A,YUNG KUANG RD,01 TO 03,113.0,Improved,2018,91 years 01 month,688000.0,166A YUNG KUANG RD,611166,1.331288102129152,103.7219593306361,2026-09-30
232073,2026-09,PASIR RIS,5 ROOM,231,PASIR RIS DR 4,10 TO 12,125.0,Improved,1993,65 years 11 months,708000.0,231 PASIR RIS DR 4,510231,1.373379907434057,103.9614018131633,2026-09-30
231013,2026-09,JURONG WEST,EXECUTIVE,656D,JURONG WEST ST 61,04 TO 06,132.0,Apartment,2002,74 years 07 months,720000.0,656D JURONG WEST ST 61,644656,1.335520966580486,103.6998269278984,2026-09-30
231969,2026-09,PASIR RIS,4 ROOM,524B,PASIR RIS ST 51,01 TO 03,93.0,Model A,2015,87 years 11 months,710000.0,524B PASIR RIS ST 51,512524,1.370931784596665,103.9475625738082,2026-09-30
231065,2026-09,JURONG WEST,EXECUTIVE,369,YUNG AN RD,07 TO 09,148.0,Apartment,1995,68 years,830000.0,369 YUNG AN RD,610369,1.336981610510424,103.7197722173675,2026-09-30
231156,2026-09,KALLANG/WHAMPOA,3 ROOM,57,GEYLANG BAHRU,16 TO 18,65.0,Improved,1974,46 years 11 months,402000.0,57 GEYLANG BAHRU,330057,1.323537806750496,103.8691477564692,2026-09-30
231157,2026-09,KALLANG/WHAMPOA,3 ROOM,93,GEYLANG BAHRU,07 TO 09,68.0,New Generation,1979,51 years 05 months,491000.0,93 GEYLANG BAHRU,330093,1.322188988446372,103.8716120081966,2026-09-30
231160,2026-09,KALLANG/WHAMPOA,3 ROOM,68,GEYLANG BAHRU,04 TO 06,65.0,Improved,1974,46 years 11 months,408000.0,68 GEYLANG BAHRU,330068,1.321953854888838,103.8698433918123,2026-09-30
231196,2026-09,KALLANG/WHAMPOA,3 ROOM,117A,JLN TENTERAM,25 TO 27,67.0,Model A,2017,90 years 02 months,670000.0,117A JLN TENTERAM,321117,1.328233584271515,103.8611384029136,2026-09-30
231212,2026-09,KALLANG/WHAMPOA,3 ROOM,14,KG ARANG RD,01 TO 03,103.0,New Generation,1984,57 years,706000.0,14 KG ARANG RD,431014,1.300164591050018,103.8842284502325,2026-09-30
229866,2026-09,JURONG EAST,5 ROOM,286D,TOH GUAN RD,13 TO 15,123.0,Improved,1999,71 years 04 months,785000.0,286D TOH GUAN RD,604286,1.339626010544626,103.7444688401649,2026-09-30
231639,2026-09,KALLANG/WHAMPOA,5 ROOM,104,WHAMPOA DR,10 TO 12,122.0,Improved,1998,71 years 01 month,998000.0,104 WHAMPOA DR,323104,1.320799591238311,103.8533277854204,2026-09-30
231622,2026-09,KALLANG/WHAMPOA,5 ROOM,104,TOWNER RD,10 TO 12,139.0,Model A-Maisonette,1983,55 years 09 months,1138000.0,104 TOWNER RD,322104,1.319823544626457,103.8609797453633,2026-09-30
231621,2026-09,KALLANG/WHAMPOA,5 ROOM,22,ST. GEORGE'S RD,07 TO 09,118.0,Improved,1984,57 years 02 months,730000.0,22 ST. GEORGE'S RD,321022,1.32520475650309,103.8624453416826,2026-09-30
231344,2026-09,KALLANG/WHAMPOA,4 ROOM,38A,BENDEMEER RD,25 TO 27,89.0,Model A,2012,84 years 09 months,930000.0,38A BENDEMEER RD,331038,1.320057977752047,103.8669394392361,2026-09-30
231540,2026-09,KALLANG/WHAMPOA,4 ROOM,3A,UPP BOON KENG RD,16 TO 18,90.0,Model A,2006,79 years 02 months,880000.0,3A UPP BOON KENG RD,381003,1.313828128617895,103.8723807704563,2026-09-30
231539,2026-09,KALLANG/WHAMPOA,4 ROOM,8C,UPP BOON KENG RD,19 TO 21,88.0,Premium Apartment,2017,89 years 11 months,1128000.0,8C UPP BOON KENG RD,383008,1.313169458250983,103.8708192998519,2026-09-30
231373,2026-09,KALLANG/WHAMPOA,4 ROOM,38,CAMBRIDGE RD,13 TO 15,101.0,Model A,1997,70 years 03 months,880000.0,38 CAMBRIDGE RD,210038,1.316589210512017,103.8489097261804,2026-09-30
231498,2026-09,KALLANG/WHAMPOA,4 ROOM,25A,ST. GEORGE'S LANE,13 TO 15,92.0,Model A,2020,92 years 08 months,1115000.0,25A ST. GEORGE'S LANE,321025,1.321836620620131,103.8618391612442,2026-09-30
231374,2026-09,KALLANG/WHAMPOA,4 ROOM,37,CAMBRIDGE RD,13 TO 15,102.0,Model A,1997,70 years 03 months,800000.0,37 CAMBRIDGE RD,210037,1.316866481296573,103.8493635830144,2026-09-30
230962,2026-09,JURONG WEST,5 ROOM,164A,YUNG KUANG RD,01 TO 03,113.0,Improved,2018,91 years 02 months,668888.0,164A YUNG KUANG RD,611164,1.330187408829563,103.7218755066954,2026-09-30
230940,2026-09,JURONG WEST,5 ROOM,330,TAH CHING RD,16 TO 18,121.0,Improved,1997,69 years 11 months,765000.0,330 TAH CHING RD,610330,1.337667460698384,103.724154795838,2026-09-30
232224,2026-09,PASIR RIS,EXECUTIVE,603,ELIAS RD,10 TO 12,149.0,Maisonette,1995,67 years 07 months,940000.0,603 ELIAS RD,510603,1.376851784542635,103.9437189674121,2026-09-30
230858,2026-09,JURONG WEST,5 ROOM,703,JURONG WEST ST 71,01 TO 03,126.0,Improved,1995,67 years 11 months,555000.0,703 JURONG WEST ST 71,640703,1.34163032255527,103.6958322195549,2026-09-30
233131,2026-09,PUNGGOL,4 ROOM,603C,PUNGGOL RD,04 TO 06,92.0,Model A,2012,85 years 01 month,658000.0,603C PUNGGOL RD,823603,1.403333197563857,103.9079704917237,2026-09-30
233130,2026-09,PUNGGOL,4 ROOM,305A,PUNGGOL RD,07 TO 09,92.0,Premium Apartment,2012,84 years 11 months,740000.0,305A PUNGGOL RD,821305,1.405079118129056,103.9067059877702,2026-09-30
233042,2026-09,PUNGGOL,4 ROOM,175C,PUNGGOL FIELD,10 TO 12,90.0,Model A,2003,75 years 11 months,605000.0,175C PUNGGOL FIELD,823175,1.398134688126522,103.908148099382,2026-09-30
233041,2026-09,PUNGGOL,4 ROOM,258B,PUNGGOL FIELD,04 TO 06,93.0,Model A,2016,88 years 10 months,645000.0,258B PUNGGOL FIELD,822258,1.403682307868179,103.8964614122959,2026-09-30
233040,2026-09,PUNGGOL,4 ROOM,173B,PUNGGOL FIELD,04 TO 06,90.0,Model A,2003,76 years 03 months,565000.0,173B PUNGGOL FIELD,822173,1.396550267286297,103.9100630264539,2026-09-30
233039,2026-09,PUNGGOL,4 ROOM,110C,PUNGGOL FIELD,07 TO 09,85.0,Model A,2003,75 years 09 months,532000.0,110C PUNGGOL FIELD,823110,1.395397332289093,103.9100339846691,2026-09-30
233038,2026-09,PUNGGOL,4 ROOM,169C,PUNGGOL FIELD,07 TO 09,92.0,Model A,2014,86 years 08 months,655000.0,169C PUNGGOL FIELD,823169,1.393621091684909,103.9142236464495,2026-09-30
233037,2026-09,PUNGGOL,4 ROOM,106B,PUNGGOL FIELD,04 TO 06,90.0,Model A,2003,75 years 06 months,580000.0,106B PUNGGOL FIELD,822106,1.39709453228143,103.9079553631376,2026-09-30
233036,2026-09,PUNGGOL,4 ROOM,270C,PUNGGOL FIELD,07 TO 09,97.0,Premium Apartment,2013,85 years 05 months,775000.0,270C PUNGGOL FIELD,823270,1.404315452218907,103.898851831195,2026-09-30
232970,2026-09,PUNGGOL,4 ROOM,666B,PUNGGOL DR,07 TO 09,93.0,Premium Apartment,2016,88 years 05 months,685000.0,666B PUNGGOL DR,822666,1.401796725089306,103.9152780925632,2026-09-30
230178,2026-09,JURONG WEST,4 ROOM,217B,BOON LAY AVE,13 TO 15,94.0,Model A,2018,90 years 11 months,645000.0,217B BOON LAY AVE,642217,1.349726615675223,103.7108304622068,2026-09-30
230179,2026-09,JURONG WEST,4 ROOM,218A,BOON LAY AVE,01 TO 03,94.0,Model A,2018,90 years 11 months,612000.0,218A BOON LAY AVE,641218,1.349968587066913,103.710539626132,2026-09-30
230260,2026-09,JURONG WEST,4 ROOM,276A,JURONG WEST ST 25,04 TO 06,88.0,Model A2,2002,74 years 06 months,480000.0,276A JURONG WEST ST 25,641276,1.353204390383864,103.7036543775121,2026-09-30
230276,2026-09,JURONG WEST,4 ROOM,456,JURONG WEST ST 41,07 TO 09,93.0,New Generation,1985,57 years 07 months,462800.0,456 JURONG WEST ST 41,640456,1.350675728434713,103.7200223928938,2026-09-30
230563,2026-09,JURONG WEST,4 ROOM,978,JURONG WEST ST 93,04 TO 06,105.0,Model A,1989,61 years 10 months,480000.0,978 JURONG WEST ST 93,640978,1.340536278945202,103.6940773601377,2026-09-30
232361,2026-09,PASIR RIS,EXECUTIVE,585,PASIR RIS ST 53,07 TO 09,146.0,Maisonette,1995,68 years 02 months,1100000.0,585 PASIR RIS ST 53,510585,1.375350847007753,103.9473765634927,2026-09-30
230648,2026-09,JURONG WEST,5 ROOM,197C,BOON LAY DR,04 TO 06,113.0,Improved,2015,87 years 08 months,768888.0,197C BOON LAY DR,643197,1.34340319524202,103.7136860736922,2026-09-30
232278,2026-09,PASIR RIS,EXECUTIVE,101,PASIR RIS ST 12,04 TO 06,149.0,Maisonette,1988,61 years 03 months,925000.0,101 PASIR RIS ST 12,510101,1.367050215166123,103.9581818570388,2026-09-30
230857,2026-09,JURONG WEST,5 ROOM,703,JURONG WEST ST 71,04 TO 06,126.0,Improved,1995,67 years 11 months,598000.0,703 JURONG WEST ST 71,640703,1.34163032255527,103.6958322195549,2026-09-30
227273,2026-09,CHOA CHU KANG,4 ROOM,111,TECK WHYE LANE,01 TO 03,103.0,Model A,1989,62 years,500000.0,111 TECK WHYE LANE,680111,1.377879045606385,103.7521036703309,2026-09-30
228591,2026-09,HOUGANG,3 ROOM,127,HOUGANG AVE 1,01 TO 03,71.0,New Generation,1982,54 years 09 months,440000.0,127 HOUGANG AVE 1,530127,1.352917221235339,103.8856799064897,2026-09-30
225234,2026-09,BUKIT BATOK,EXECUTIVE,354,BT BATOK ST 31,10 TO 12,147.0,Maisonette,1987,59 years 09 months,810000.0,354 BT BATOK ST 31,650354,1.361387487416869,103.7497292419647,2026-09-30
237659,2026-09,TAMPINES,4 ROOM,837,TAMPINES ST 83,07 TO 09,105.0,Model A,1985,57 years 07 months,618000.0,837 TAMPINES ST 83,520837,1.350887813680261,103.9344586190574,2026-09-30
237992,2026-09,TAMPINES,5 ROOM,349,TAMPINES ST 33,04 TO 06,126.0,Improved,1996,68 years 09 months,700000.0,349 TAMPINES ST 33,520349,1.35341689800133,103.9630117553522,2026-09-30
237991,2026-09,TAMPINES,5 ROOM,339,TAMPINES ST 33,04 TO 06,137.0,Model A,1995,68 years 04 months,780000.0,339 TAMPINES ST 33,520339,1.351145690816098,103.9591245383603,2026-09-30
237911,2026-09,TAMPINES,5 ROOM,609A,TAMPINES NTH DR 1,10 TO 12,113.0,Improved,2020,93 years 02 months,968000.0,609A TAMPINES NTH DR 1,521609,1.363614124990169,103.9353577597333,2026-09-30
225496,2026-09,BUKIT MERAH,3 ROOM,42,TELOK BLANGAH RISE,01 TO 03,70.0,Improved,1976,48 years 08 months,390888.0,42 TELOK BLANGAH RISE,90042,1.270918708621411,103.8226853884375,2026-09-30
225497,2026-09,BUKIT MERAH,3 ROOM,28,TELOK BLANGAH RISE,13 TO 15,70.0,Improved,1976,48 years 09 months,360000.0,28 TELOK BLANGAH RISE,90028,1.27394761788206,103.8208669343183,2026-09-30
225541,2026-09,BUKIT MERAH,4 ROOM,2A,BOON TIONG RD,22 TO 24,100.0,Model A,2001,73 years 05 months,1170000.0,2A BOON TIONG RD,164002,1.286529620972467,103.8331630875532,2026-09-30
224100,2026-09,BISHAN,EXECUTIVE,186,BISHAN ST 13,04 TO 06,146.0,Maisonette,1987,59 years 11 months,1480000.0,186 BISHAN ST 13,570186,1.349345586128573,103.8525788316675,2026-09-30
237660,2026-09,TAMPINES,4 ROOM,839,TAMPINES ST 83,01 TO 03,104.0,Model A,1985,57 years 10 months,588000.0,839 TAMPINES ST 83,520839,1.351205651599085,103.9345356951424,2026-09-30
225690,2026-09,BUKIT MERAH,4 ROOM,121A,KIM TIAN PL,25 TO 27,101.0,Model A,2001,73 years 06 months,1050000.0,121A KIM TIAN PL,161121,1.28265068056025,103.8281784934523,2026-09-30
226048,2026-09,BUKIT PANJANG,3 ROOM,485,SEGAR RD,10 TO 12,67.0,Model A,2014,87 years 03 months,508000.0,485 SEGAR RD,670485,1.388681323780938,103.7713125694288,2026-09-30
225827,2026-09,BUKIT MERAH,4 ROOM,90B,TELOK BLANGAH ST 31,04 TO 06,93.0,Model A,2018,91 years 04 months,865000.0,90B TELOK BLANGAH ST 31,102090,1.277283677413249,103.8069161767143,2026-09-30
239013,2026-09,TOA PAYOH,5 ROOM,238,LOR 1 TOA PAYOH,19 TO 21,120.0,Improved,1986,58 years 11 months,910800.0,238 LOR 1 TOA PAYOH,310238,1.340210062401504,103.8515746343883,2026-09-30
224090,2026-09,BISHAN,5 ROOM,442,SIN MING AVE,04 TO 06,120.0,Improved,1990,62 years 05 months,868888.0,442 SIN MING AVE,570442,1.359235756525912,103.8323688460866,2026-09-30
225828,2026-09,BUKIT MERAH,4 ROOM,90A,TELOK BLANGAH ST 31,19 TO 21,93.0,Model A,2018,91 years 04 months,988000.0,90A TELOK BLANGAH ST 31,101090,1.277734578002899,103.8070932631357,2026-09-30
237539,2026-09,TAMPINES,4 ROOM,621A,TAMPINES ST 61,10 TO 12,93.0,Model A,2022,94 years 05 months,825000.0,621A TAMPINES ST 61,521621,1.360945334690903,103.9386918243611,2026-09-30
237462,2026-09,TAMPINES,4 ROOM,494G,TAMPINES ST 45,04 TO 06,92.0,Model A,2018,91 years 03 months,710000.0,494G TAMPINES ST 45,527494,1.36313376810873,103.9554585717196,2026-09-30
237461,2026-09,TAMPINES,4 ROOM,492G,TAMPINES ST 45,10 TO 12,92.0,Model A,2018,91 years 03 months,740000.0,492G TAMPINES ST 45,527492,1.364241407907427,103.9550853183197,2026-09-30
224481,2026-09,BUKIT BATOK,4 ROOM,269,BT BATOK EAST AVE 4,07 TO 09,84.0,Simplified,1986,59 years 02 months,475000.0,269 BT BATOK EAST AVE 4,650269,1.348757884192207,103.7594516952529,2026-09-30
238081,2026-09,TAMPINES,5 ROOM,627B,TAMPINES ST 61,10 TO 12,113.0,Improved,2022,94 years 05 months,1000000.0,627B TAMPINES ST 61,522627,1.363609326915282,103.9399423538667,2026-09-30
238082,2026-09,TAMPINES,5 ROOM,620A,TAMPINES ST 61,01 TO 03,113.0,Improved,2021,94 years 02 months,815000.0,620A TAMPINES ST 61,521620,1.361409893256154,103.9388550088543,2026-09-30
225181,2026-09,BUKIT BATOK,5 ROOM,443A,BT BATOK WEST AVE 8,01 TO 03,112.0,Improved,2019,91 years 07 months,770000.0,443A BT BATOK WEST AVE 8,651443,1.356532773010582,103.7377604693953,2026-09-30
225180,2026-09,BUKIT BATOK,5 ROOM,439C,BT BATOK WEST AVE 8,04 TO 06,113.0,Improved,2020,92 years 06 months,802000.0,439C BT BATOK WEST AVE 8,653439,1.357628612959266,103.7388575244064,2026-09-30
238888,2026-09,TOA PAYOH,4 ROOM,82,LOR 4 TOA PAYOH,04 TO 06,104.0,Model A,1996,69 years 01 month,840888.0,82 LOR 4 TOA PAYOH,310082,1.336020168923304,103.8485137821933,2026-09-30
238789,2026-09,TOA PAYOH,4 ROOM,110A,BIDADARI PK DR,10 TO 12,93.0,Model A,2021,94 years 04 months,1180000.0,110A BIDADARI PK DR,341110,1.333484161789856,103.8731471766112,2026-09-30
238709,2026-09,TOA PAYOH,4 ROOM,112B,ALKAFF CRES,01 TO 03,93.0,Model A,2021,94 years 04 months,900000.0,112B ALKAFF CRES,342112,1.335862313536717,103.8735040037253,2026-09-30
238613,2026-09,TOA PAYOH,3 ROOM,105,POTONG PASIR AVE 1,01 TO 03,74.0,Model A,1984,56 years 10 months,505000.0,105 POTONG PASIR AVE 1,350105,1.334423732276835,103.868696835165,2026-09-30
238569,2026-09,TOA PAYOH,3 ROOM,9,LOR 7 TOA PAYOH,07 TO 09,66.0,Improved,1970,42 years 10 months,318000.0,9 LOR 7 TOA PAYOH,310009,1.337504820026018,103.8578394663754,2026-09-30
238568,2026-09,TOA PAYOH,3 ROOM,9,LOR 7 TOA PAYOH,07 TO 09,66.0,Improved,1970,42 years 11 months,315000.0,9 LOR 7 TOA PAYOH,310009,1.337504820026018,103.8578394663754,2026-09-30
238492,2026-09,TOA PAYOH,3 ROOM,118,LOR 1 TOA PAYOH,01 TO 03,65.0,Improved,1968,40 years 09 months,360000.0,118 LOR 1 TOA PAYOH,310118,1.339563017073237,103.8448935970605,2026-09-30
224943,2026-09,BUKIT BATOK,4 ROOM,467B,BT BATOK WEST AVE 9,01 TO 03,93.0,Model A,2021,93 years 11 months,608000.0,467B BT BATOK WEST AVE 9,652467,1.35614011912777,103.7431637852842,2026-09-30
224994,2026-09,BUKIT BATOK,5 ROOM,296A,BT BATOK ST 22,37 TO 39,113.0,Premium Apartment,2018,90 years 07 months,995000.0,296A BT BATOK ST 22,651296,1.344093582183544,103.7464091763762,2026-09-30
238987,2026-09,TOA PAYOH,5 ROOM,110B,BIDADARI PK DR,10 TO 12,113.0,Improved,2021,94 years 04 months,1486888.0,110B BIDADARI PK DR,342110,1.334068254294078,103.8732659365756,2026-09-30
224995,2026-09,BUKIT BATOK,5 ROOM,296C,BT BATOK ST 22,01 TO 03,112.0,Premium Apartment,2018,90 years 07 months,765000.0,296C BT BATOK ST 22,653296,1.343697966746936,103.7481581344062,2026-09-30
238220,2026-09,TAMPINES,EXECUTIVE,938,TAMPINES AVE 5,01 TO 03,142.0,Apartment,1988,61 years 01 month,940000.0,938 TAMPINES AVE 5,520938,1.347904499442667,103.9417253784691,2026-09-30
238174,2026-09,TAMPINES,5 ROOM,874B,TAMPINES ST 85,13 TO 15,113.0,Improved,2021,94 years 02 months,958000.0,874B TAMPINES ST 85,522874,1.354271124953098,103.930267258528,2026-09-30
238989,2026-09,TOA PAYOH,5 ROOM,110B,BIDADARI PK DR,13 TO 15,113.0,Improved,2021,94 years 03 months,1378888.0,110B BIDADARI PK DR,342110,1.334068254294078,103.8732659365756,2026-09-30
238154,2026-09,TAMPINES,5 ROOM,886,TAMPINES ST 83,01 TO 03,122.0,Improved,1988,60 years 08 months,730000.0,886 TAMPINES ST 83,520886,1.351048571298989,103.9320570602537,2026-09-30
225179,2026-09,BUKIT BATOK,5 ROOM,172,BT BATOK WEST AVE 8,16 TO 18,134.0,Model A,1985,57 years 09 months,765000.0,172 BT BATOK WEST AVE 8,650172,1.345669039300436,103.7404802751415,2026-09-30
239001,2026-09,TOA PAYOH,5 ROOM,244,KIM KEAT LINK,04 TO 06,122.0,Improved,1989,61 years 06 months,810000.0,244 KIM KEAT LINK,310244,1.330693679827422,103.8563590213394,2026-09-30
225949,2026-09,BUKIT MERAH,5 ROOM,73A,REDHILL RD,28 TO 30,115.0,Improved,2005,78 years 03 months,1210000.0,73A REDHILL RD,151073,1.287937569672975,103.8167908612715,2026-09-30
225910,2026-09,BUKIT MERAH,5 ROOM,9,JLN RUMAH TINGGI,07 TO 09,136.0,Model A,1984,56 years 09 months,875000.0,9 JLN RUMAH TINGGI,150009,1.28881615319913,103.8082052892796,2026-09-30
226859,2026-09,CHOA CHU KANG,3 ROOM,110,TECK WHYE LANE,10 TO 12,73.0,Model A,1989,62 years 02 months,398000.0,110 TECK WHYE LANE,680110,1.378236952849004,103.7522083258272,2026-09-30
236241,2026-09,SENGKANG,5 ROOM,279B,SENGKANG EAST AVE,10 TO 12,112.0,Premium Apartment,2015,88 years,1180000.0,279B SENGKANG EAST AVE,542279,1.385415594504446,103.8929860781822,2026-09-30
236454,2026-09,SERANGOON,3 ROOM,203,SERANGOON CTRL,07 TO 09,64.0,Simplified,1986,58 years 04 months,568000.0,203 SERANGOON CTRL,550203,1.35207840850206,103.8732888818707,2026-09-30
237252,2026-09,TAMPINES,4 ROOM,608B,TAMPINES NTH DR 1,04 TO 06,93.0,Model A,2020,93 years 02 months,750000.0,608B TAMPINES NTH DR 1,522608,1.36312572875357,103.9359561039705,2026-09-30
226860,2026-09,CHOA CHU KANG,3 ROOM,115,TECK WHYE LANE,04 TO 06,73.0,Model A,1989,61 years 08 months,410000.0,115 TECK WHYE LANE,680115,1.378936779554622,103.7511823689975,2026-09-30
226861,2026-09,CHOA CHU KANG,3 ROOM,26,TECK WHYE LANE,07 TO 09,74.0,New Generation,1979,51 years 06 months,410000.0,26 TECK WHYE LANE,680026,1.377621123722232,103.7557400012614,2026-09-30
236371,2026-09,SENGKANG,EXECUTIVE,116B,RIVERVALE DR,16 TO 18,130.0,Apartment,2000,72 years 11 months,830000.0,116B RIVERVALE DR,542116,1.382059915484405,103.9023554103902,2026-09-30
236313,2026-09,SENGKANG,EXECUTIVE,306B,ANCHORVALE LINK,07 TO 09,128.0,Apartment,2001,74 years 04 months,820000.0,306B ANCHORVALE LINK,542306,1.389672461233799,103.8886142228064,2026-09-30
236272,2026-09,SENGKANG,5 ROOM,261D,SENGKANG EAST WAY,13 TO 15,110.0,Improved,2001,73 years 04 months,715000.0,261D SENGKANG EAST WAY,544261,1.393672076689983,103.8947928146133,2026-09-30
236271,2026-09,SENGKANG,5 ROOM,325C,SENGKANG EAST WAY,01 TO 03,110.0,Improved,2003,75 years 07 months,633000.0,325C SENGKANG EAST WAY,543325,1.393229711306473,103.8913509597671,2026-09-30
236240,2026-09,SENGKANG,5 ROOM,282C,SENGKANG EAST AVE,04 TO 06,112.0,Premium Apartment,2015,88 years,925000.0,282C SENGKANG EAST AVE,543282,1.385096159548853,103.8925483055381,2026-09-30
239102,2026-09,TOA PAYOH,EXECUTIVE,99A,LOR 2 TOA PAYOH,04 TO 06,145.0,Apartment,1993,65 years 07 months,1200000.0,99A LOR 2 TOA PAYOH,310099,1.338785343481783,103.846873055688,2026-09-30
227104,2026-09,CHOA CHU KANG,4 ROOM,670A,CHOA CHU KANG CRES,07 TO 09,103.0,Premium Apartment,1999,72 years 03 months,525000.0,670A CHOA CHU KANG CRES,681670,1.4026789634991,103.7475624642449,2026-09-30
236219,2026-09,SENGKANG,5 ROOM,121B,RIVERVALE DR,01 TO 03,109.0,Improved,2000,73 years,595000.0,121B RIVERVALE DR,542121,1.386352821331706,103.9048347716875,2026-09-30
227141,2026-09,CHOA CHU KANG,4 ROOM,786,CHOA CHU KANG DR,04 TO 06,111.0,Model A,1997,69 years 05 months,595000.0,786 CHOA CHU KANG DR,680786,1.395083407819962,103.748349077227,2026-09-30
236093,2026-09,SENGKANG,5 ROOM,405B,FERNVALE LANE,16 TO 18,112.0,Premium Apartment,2004,76 years 05 months,690000.0,405B FERNVALE LANE,792405,1.389002003541747,103.8736702028015,2026-09-30
236092,2026-09,SENGKANG,5 ROOM,404B,FERNVALE LANE,07 TO 09,114.0,Premium Apartment,2004,76 years 08 months,653000.0,404B FERNVALE LANE,792404,1.388296543337144,103.8735460442263,2026-09-30
227203,2026-09,CHOA CHU KANG,4 ROOM,154,JLN TECK WHYE,07 TO 09,100.0,Model A,1997,70 years 03 months,555000.0,154 JLN TECK WHYE,680154,1.379644876321905,103.7577469629057,2026-09-30
227204,2026-09,CHOA CHU KANG,4 ROOM,151,JLN TECK WHYE,04 TO 06,100.0,Model A,1998,70 years 05 months,540000.0,151 JLN TECK WHYE,680151,1.37841061448899,103.757251128701,2026-09-30
227205,2026-09,CHOA CHU KANG,4 ROOM,162,JLN TECK WHYE,10 TO 12,101.0,Model A,1998,70 years 05 months,580000.0,162 JLN TECK WHYE,680162,1.380865519279317,103.7576837338591,2026-09-30
226858,2026-09,CHOA CHU KANG,3 ROOM,106,TECK WHYE LANE,10 TO 12,73.0,Model A,1989,62 years 02 months,430000.0,106 TECK WHYE LANE,680106,1.377957987951276,103.7529316306732,2026-09-30
224314,2026-09,BUKIT BATOK,3 ROOM,324,BT BATOK ST 33,07 TO 09,64.0,Simplified,1988,60 years 08 months,378000.0,324 BT BATOK ST 33,650324,1.362164727662657,103.747628122263,2026-09-30
239089,2026-09,TOA PAYOH,5 ROOM,121,POTONG PASIR AVE 1,07 TO 09,134.0,Model A,1984,56 years 08 months,1050000.0,121 POTONG PASIR AVE 1,350121,1.3357602917704,103.8655969965874,2026-09-30
226621,2026-09,BUKIT TIMAH,4 ROOM,4,TOH YI DR,04 TO 06,104.0,Model A,1988,61 years,930000.0,4 TOH YI DR,590004,1.338512067233299,103.7745698235268,2026-09-30
237251,2026-09,TAMPINES,4 ROOM,614B,TAMPINES NTH DR 1,13 TO 15,93.0,Model A,2021,93 years 05 months,804000.0,614B TAMPINES NTH DR 1,522614,1.364836724420751,103.9357954003869,2026-09-30
237250,2026-09,TAMPINES,4 ROOM,609C,TAMPINES NTH DR 1,01 TO 03,93.0,Model A,2020,93 years 02 months,715000.0,609C TAMPINES NTH DR 1,523609,1.363689780706097,103.9365149828078,2026-09-30
226357,2026-09,BUKIT PANJANG,4 ROOM,622,SENJA RD,16 TO 18,90.0,Model A,2001,74 years 03 months,541688.0,622 SENJA RD,670622,1.385932525278527,103.7614209500748,2026-09-30
236571,2026-09,SERANGOON,4 ROOM,141,SERANGOON NTH AVE 2,04 TO 06,113.0,Model A,1989,61 years 09 months,728888.0,141 SERANGOON NTH AVE 2,550141,1.368594213042112,103.8745232437641,2026-09-30
239063,2026-09,TOA PAYOH,5 ROOM,62,LOR 4 TOA PAYOH,13 TO 15,120.0,Improved,1999,72 years 02 months,1000000.0,62 LOR 4 TOA PAYOH,310062,1.336301400957466,103.8514883637499,2026-09-30
239062,2026-09,TOA PAYOH,5 ROOM,82A,LOR 4 TOA PAYOH,10 TO 12,122.0,Improved,1996,69 years 01 month,1250000.0,82A LOR 4 TOA PAYOH,311082,1.335979526665627,103.8489539180235,2026-09-30
236581,2026-09,SERANGOON,4 ROOM,548,SERANGOON NTH AVE 3,04 TO 06,100.0,Model A,1998,70 years 05 months,638000.0,548 SERANGOON NTH AVE 3,550548,1.373158698443409,103.8706759133551,2026-09-30
236608,2026-09,SERANGOON,5 ROOM,216,SERANGOON AVE 4,01 TO 03,121.0,Improved,1985,57 years 11 months,720000.0,216 SERANGOON AVE 4,550216,1.357552580044832,103.8731404687422,2026-09-30
236609,2026-09,SERANGOON,5 ROOM,212,SERANGOON AVE 4,04 TO 06,121.0,Improved,1985,57 years 11 months,910000.0,212 SERANGOON AVE 4,550212,1.356800908523105,103.8730511055543,2026-09-30
222420,2026-09,ANG MO KIO,4 ROOM,308A,ANG MO KIO AVE 1,28 TO 30,95.0,Model A,2012,85 years 01 month,1020000.0,308A ANG MO KIO AVE 1,561308,1.365483427571049,103.8440847399292,2026-09-29
222361,2026-09,ANG MO KIO,3 ROOM,538,ANG MO KIO AVE 5,07 TO 09,68.0,New Generation,1980,52 years 05 months,390000.0,538 ANG MO KIO AVE 5,560538,1.375593366781081,103.8533478011035,2026-09-29
222357,2026-09,ANG MO KIO,3 ROOM,502,ANG MO KIO AVE 5,07 TO 09,68.0,New Generation,1981,53 years 05 months,405000.0,502 ANG MO KIO AVE 5,560502,1.375724747655154,103.8499343055158,2026-09-29
224051,2026-09,BISHAN,5 ROOM,190,BISHAN ST 13,07 TO 09,121.0,Improved,1987,59 years 05 months,1000000.0,190 BISHAN ST 13,570190,1.350554927342455,103.8520445359147,2026-09-29
223773,2026-09,BEDOK,EXECUTIVE,716,BEDOK RESERVOIR RD,13 TO 15,151.0,Apartment,1984,56 years 05 months,1030000.0,716 BEDOK RESERVOIR RD,470716,1.337837951768341,103.9249736712455,2026-09-29
222359,2026-09,ANG MO KIO,3 ROOM,605,ANG MO KIO AVE 5,07 TO 09,67.0,New Generation,1980,52 years 09 months,375000.0,605 ANG MO KIO AVE 5,560605,1.379671576764183,103.8364874007634,2026-09-29
222360,2026-09,ANG MO KIO,3 ROOM,502,ANG MO KIO AVE 5,04 TO 06,82.0,New Generation,1981,53 years 04 months,492000.0,502 ANG MO KIO AVE 5,560502,1.375724747655154,103.8499343055158,2026-09-29
238986,2026-09,TOA PAYOH,5 ROOM,110B,BIDADARI PK DR,16 TO 18,113.0,Improved,2021,94 years 04 months,1480000.0,110B BIDADARI PK DR,342110,1.334068254294078,103.8732659365756,2026-09-29
222209,2026-09,ANG MO KIO,3 ROOM,578,ANG MO KIO AVE 10,07 TO 09,67.0,New Generation,1980,52 years 04 months,388000.0,578 ANG MO KIO AVE 10,560578,1.37179067644705,103.8549611739913,2026-09-29
231591,2026-09,KALLANG/WHAMPOA,5 ROOM,11,JLN BATU,10 TO 12,139.0,Improved,1986,58 years 05 months,1035000.0,11 JLN BATU,431011,1.301696390511007,103.8825786863607,2026-09-29
222315,2026-09,ANG MO KIO,3 ROOM,629,ANG MO KIO AVE 4,04 TO 06,67.0,New Generation,1981,54 years 03 months,368000.0,629 ANG MO KIO AVE 4,560629,1.380104749906003,103.8404086529979,2026-09-29
222275,2026-09,ANG MO KIO,3 ROOM,570,ANG MO KIO AVE 3,07 TO 09,67.0,New Generation,1979,51 years 09 months,400000.0,570 ANG MO KIO AVE 3,560570,1.3697435855576,103.8560231382764,2026-09-29
222419,2026-09,ANG MO KIO,4 ROOM,304,ANG MO KIO AVE 1,04 TO 06,97.0,New Generation,1977,49 years 07 months,505000.0,304 ANG MO KIO AVE 1,560304,1.366286428164685,103.8449947611994,2026-09-29
222083,2026-09,ANG MO KIO,2 ROOM,170,ANG MO KIO AVE 4,07 TO 09,45.0,Improved,1986,58 years 05 months,360000.0,170 ANG MO KIO AVE 4,560170,1.374000717812959,103.8364315314201,2026-09-29
222085,2026-09,ANG MO KIO,2 ROOM,227A,ANG MO KIO ST 23,25 TO 27,47.0,2-room,2021,94 years 01 month,518000.0,227A ANG MO KIO ST 23,561227,1.368246201165629,103.8401063929189,2026-09-29
222125,2026-09,ANG MO KIO,3 ROOM,220,ANG MO KIO AVE 1,04 TO 06,67.0,New Generation,1977,49 years 10 months,378000.0,220 ANG MO KIO AVE 1,560220,1.365588335930647,103.8405188832536,2026-09-29
222358,2026-09,ANG MO KIO,3 ROOM,503,ANG MO KIO AVE 5,01 TO 03,68.0,New Generation,1981,53 years 05 months,388000.0,503 ANG MO KIO AVE 5,560503,1.375461631192773,103.8489420475672,2026-09-29
227246,2026-09,CHOA CHU KANG,4 ROOM,817C,KEAT HONG LINK,07 TO 09,92.0,Model A,2017,90 years,630000.0,817C KEAT HONG LINK,683817,1.377566523870373,103.7489895329733,2026-09-29
222476,2026-09,ANG MO KIO,4 ROOM,131,ANG MO KIO AVE 3,10 TO 12,98.0,New Generation,1979,51 years 05 months,600000.0,131 ANG MO KIO AVE 3,560131,1.371015363860032,103.841800323712,2026-09-29
237253,2026-09,TAMPINES,4 ROOM,613B,TAMPINES NTH DR 1,04 TO 06,93.0,Model A,2020,93 years 01 month,759000.0,613B TAMPINES NTH DR 1,522613,1.366081228978984,103.9360083250336,2026-09-29
223380,2026-09,BEDOK,4 ROOM,105,BEDOK RESERVOIR RD,07 TO 09,93.0,New Generation,1985,58 years,590000.0,105 BEDOK RESERVOIR RD,470105,1.32914437941095,103.9091127805758,2026-09-29
223381,2026-09,BEDOK,4 ROOM,622,BEDOK RESERVOIR RD,04 TO 06,91.0,New Generation,1981,53 years 08 months,545000.0,622 BEDOK RESERVOIR RD,470622,1.334060750355098,103.9168987410884,2026-09-29
223382,2026-09,BEDOK,4 ROOM,151,BEDOK RESERVOIR RD,07 TO 09,88.0,Simplified,1988,61 years 01 month,625000.0,151 BEDOK RESERVOIR RD,470151,1.335576194547039,103.911545779692,2026-09-29
236314,2026-09,SENGKANG,EXECUTIVE,302D,ANCHORVALE LINK,01 TO 03,130.0,Apartment,2001,74 years 03 months,780000.0,302D ANCHORVALE LINK,544302,1.388203708964201,103.8897191684137,2026-09-29
236522,2026-09,SERANGOON,4 ROOM,235,SERANGOON AVE 3,10 TO 12,90.0,Simplified,1985,57 years 10 months,688000.0,235 SERANGOON AVE 3,550235,1.355110761077365,103.8699347076977,2026-09-29
236523,2026-09,SERANGOON,4 ROOM,236,SERANGOON AVE 3,07 TO 09,84.0,Simplified,1985,57 years 09 months,670000.0,236 SERANGOON AVE 3,550236,1.354240067434253,103.8698218319288,2026-09-29
229199,2026-09,HOUGANG,4 ROOM,365C,UPP SERANGOON RD,07 TO 09,92.0,Model A,2018,90 years 06 months,828000.0,365C UPP SERANGOON RD,533365,1.369284513369346,103.8971345986798,2026-09-29
222477,2026-09,ANG MO KIO,4 ROOM,324,ANG MO KIO AVE 3,10 TO 12,98.0,New Generation,1978,51 years 01 month,648000.0,324 ANG MO KIO AVE 3,560324,1.368333922017066,103.8468792313985,2026-09-29
222963,2026-09,BEDOK,3 ROOM,542,BEDOK NTH ST 3,04 TO 06,67.0,New Generation,1985,58 years 01 month,425000.0,542 BEDOK NTH ST 3,460542,1.330665909084848,103.922843972485,2026-09-29
223494,2026-09,BEDOK,4 ROOM,153C,BEDOK STH RD,07 TO 09,93.0,Model A,2022,94 years 08 months,970000.0,153C BEDOK STH RD,463153,1.318608532706711,103.9465234529621,2026-09-29
229379,2026-09,HOUGANG,5 ROOM,129,LOR AH SOO,10 TO 12,132.0,Model A,1985,57 years 11 months,783888.0,129 LOR AH SOO,530129,1.351518497723561,103.8875775158165,2026-09-29
223495,2026-09,BEDOK,4 ROOM,153C,BEDOK STH RD,13 TO 15,93.0,Model A,2022,94 years 08 months,1080888.0,153C BEDOK STH RD,463153,1.318608532706711,103.9465234529621,2026-09-29
226356,2026-09,BUKIT PANJANG,4 ROOM,635A,SENJA RD,10 TO 12,93.0,Model A,2015,88 years 02 months,646000.0,635A SENJA RD,671635,1.386562258245283,103.7572080724941,2026-09-29
222964,2026-09,BEDOK,3 ROOM,526,BEDOK NTH ST 3,10 TO 12,67.0,New Generation,1979,51 years 11 months,415000.0,526 BEDOK NTH ST 3,460526,1.334215518781341,103.92912981542,2026-09-29
233460,2026-09,PUNGGOL,5 ROOM,422A,NORTHSHORE DR,22 TO 24,113.0,Improved,2021,94 years 01 month,1021800.0,422A NORTHSHORE DR,821422,1.419657102132827,103.9040066588465,2026-09-29
230274,2026-09,JURONG WEST,4 ROOM,474,JURONG WEST ST 41,04 TO 06,103.0,Model A,1984,57 years 03 months,515000.0,474 JURONG WEST ST 41,640474,1.34809707501987,103.7241842311417,2026-09-29
222077,2026-09,ANG MO KIO,2 ROOM,323,ANG MO KIO AVE 3,10 TO 12,44.0,Improved,1977,49 years 10 months,285000.0,323 ANG MO KIO AVE 3,560323,1.367908493606355,103.8477140881201,2026-09-29
224978,2026-09,BUKIT BATOK,5 ROOM,293B,BT BATOK ST 21,07 TO 09,113.0,Improved,2019,91 years 05 months,925000.0,293B BT BATOK ST 21,652293,1.345949255221172,103.7542483498982,2026-09-29
232260,2026-09,PASIR RIS,EXECUTIVE,422,PASIR RIS DR 6,04 TO 06,145.0,Maisonette,1989,62 years 02 months,950000.0,422 PASIR RIS DR 6,510422,1.370425859918411,103.9545168182453,2026-09-29
225860,2026-09,BUKIT MERAH,5 ROOM,2,DELTA AVE,16 TO 18,122.0,Improved,1985,58 years 01 month,1171838.0,2 DELTA AVE,161002,1.291734122289083,103.8280261344301,2026-09-29
232362,2026-09,PASIR RIS,EXECUTIVE,579,PASIR RIS ST 53,07 TO 09,146.0,Apartment,1995,68 years 01 month,1030000.0,579 PASIR RIS ST 53,510579,1.374425726787387,103.947355954709,2026-09-29
230275,2026-09,JURONG WEST,4 ROOM,463,JURONG WEST ST 41,07 TO 09,93.0,New Generation,1985,57 years 10 months,490000.0,463 JURONG WEST ST 41,640463,1.350576987104934,103.7232411158864,2026-09-29
222069,2026-09,ANG MO KIO,2 ROOM,406,ANG MO KIO AVE 10,01 TO 03,44.0,Improved,1979,51 years 08 months,277000.0,406 ANG MO KIO AVE 10,560406,1.362004539387137,103.8538799104064,2026-09-29
229830,2026-09,JURONG EAST,5 ROOM,403,PANDAN GDNS,07 TO 09,104.0,Standard,1979,51 years 08 months,510000.0,403 PANDAN GDNS,600403,1.320329640759361,103.7493901315697,2026-09-29
237661,2026-09,TAMPINES,4 ROOM,843,TAMPINES ST 83,10 TO 12,103.0,Model A,1988,60 years 04 months,600000.0,843 TAMPINES ST 83,520843,1.351879215508097,103.9346908751204,2026-09-29
229831,2026-09,JURONG EAST,5 ROOM,413,PANDAN GDNS,25 TO 27,117.0,Standard,1979,52 years 02 months,600000.0,413 PANDAN GDNS,600413,1.319510101752145,103.747947223669,2026-09-29
222797,2026-09,BEDOK,3 ROOM,548,BEDOK NTH AVE 1,10 TO 12,68.0,New Generation,1980,52 years 10 months,410000.0,548 BEDOK NTH AVE 1,460548,1.331310218345648,103.9268539170302,2026-09-29
229812,2026-09,JURONG EAST,5 ROOM,227,JURONG EAST ST 21,19 TO 21,120.0,Improved,1984,56 years 10 months,685000.0,227 JURONG EAST ST 21,600227,1.341820669371164,103.7360877937506,2026-09-29
227245,2026-09,CHOA CHU KANG,4 ROOM,817C,KEAT HONG LINK,04 TO 06,92.0,Model A,2017,90 years 01 month,595000.0,817C KEAT HONG LINK,683817,1.377566523870373,103.7489895329733,2026-09-29
222274,2026-09,ANG MO KIO,3 ROOM,585,ANG MO KIO AVE 3,01 TO 03,82.0,New Generation,1979,51 years 10 months,465000.0,585 ANG MO KIO AVE 3,560585,1.370597560509338,103.8523670409012,2026-09-25
222314,2026-09,ANG MO KIO,3 ROOM,170,ANG MO KIO AVE 4,04 TO 06,61.0,Improved,1986,58 years 05 months,401000.0,170 ANG MO KIO AVE 4,560170,1.374000717812959,103.8364315314201,2026-09-25
222208,2026-09,ANG MO KIO,3 ROOM,461,ANG MO KIO AVE 10,10 TO 12,68.0,New Generation,1980,52 years 06 months,410000.0,461 ANG MO KIO AVE 10,560461,1.367527763397186,103.8574095867495,2026-09-24
222207,2026-09,ANG MO KIO,3 ROOM,421,ANG MO KIO AVE 10,07 TO 09,74.0,New Generation,1979,52 years,440000.0,421 ANG MO KIO AVE 10,560421,1.365384226422664,103.8529669615264,2026-09-24
222124,2026-09,ANG MO KIO,3 ROOM,331,ANG MO KIO AVE 1,01 TO 03,68.0,New Generation,1981,53 years 05 months,365000.0,331 ANG MO KIO AVE 1,560331,1.362111406653926,103.8507664734976,2026-09-24
222123,2026-09,ANG MO KIO,3 ROOM,320,ANG MO KIO AVE 1,04 TO 06,88.0,New Generation,1977,49 years 09 months,510000.0,320 ANG MO KIO AVE 1,560320,1.365592456213404,103.8483867441673,2026-09-23
222206,2026-09,ANG MO KIO,3 ROOM,578,ANG MO KIO AVE 10,13 TO 15,67.0,New Generation,1980,52 years 05 months,402888.0,578 ANG MO KIO AVE 10,560578,1.37179067644705,103.8549611739913,2026-09-23
222204,2026-09,ANG MO KIO,3 ROOM,417,ANG MO KIO AVE 10,13 TO 15,74.0,New Generation,1979,52 years,445000.0,417 ANG MO KIO AVE 10,560417,1.364959532747827,103.8551970977281,2026-09-18
222205,2026-09,ANG MO KIO,3 ROOM,474,ANG MO KIO AVE 10,13 TO 15,67.0,New Generation,1984,56 years 06 months,400000.0,474 ANG MO KIO AVE 10,560474,1.362757847022154,103.8580153236669,2026-09-18
222200,2026-09,ANG MO KIO,3 ROOM,578,ANG MO KIO AVE 10,07 TO 09,81.0,New Generation,1980,52 years 05 months,480000.0,578 ANG MO KIO AVE 10,560578,1.37179067644705,103.8549611739913,2026-09-17
222202,2026-09,ANG MO KIO,3 ROOM,418,ANG MO KIO AVE 10,01 TO 03,74.0,New Generation,1979,52 years,418000.0,418 ANG MO KIO AVE 10,560418,1.364946013779112,103.854043379775,2026-09-17
222203,2026-09,ANG MO KIO,3 ROOM,558,ANG MO KIO AVE 10,10 TO 12,67.0,New Generation,1980,52 years 06 months,360000.0,558 ANG MO KIO AVE 10,560558,1.371236132842753,103.8591920161931,2026-09-17
222122,2026-09,ANG MO KIO,3 ROOM,218,ANG MO KIO AVE 1,04 TO 06,82.0,New Generation,1976,48 years 09 months,415000.0,218 ANG MO KIO AVE 1,560218,1.36511908595886,103.8417424784885,2026-09-17
222121,2026-09,ANG MO KIO,3 ROOM,330,ANG MO KIO AVE 1,04 TO 06,68.0,New Generation,1981,53 years 05 months,398000.0,330 ANG MO KIO AVE 1,560330,1.362431864024794,103.8510306896509,2026-09-17
222082,2026-09,ANG MO KIO,2 ROOM,116,ANG MO KIO AVE 4,07 TO 09,44.0,Improved,1978,50 years 09 months,303000.0,116 ANG MO KIO AVE 4,560116,1.373346350149109,103.8364593480994,2026-09-17
222201,2026-09,ANG MO KIO,3 ROOM,557,ANG MO KIO AVE 10,10 TO 12,68.0,New Generation,1980,52 years 05 months,415000.0,557 ANG MO KIO AVE 10,560557,1.371625702033209,103.8577361075268,2026-09-17
