_id,month,town,flat_type,block,street_name,storey_range,floor_area_sqm,flat_model,lease_commence_date,remaining_lease,resale_price,address,postal,latitude,longitude,_ts
222068,2026-07,ANG MO KIO,2 ROOM,406,ANG MO KIO AVE 10,10 TO 12,44.0,Improved,1979,51 years 11 months,296000.0,406 ANG MO KIO AVE 10,560406,1.36200453938712,103.853879910407,2026-07-07
230299,2026-07,SEMBAWANG,4 ROOM,592B,MONTREAL LINK,10 TO 12,93.0,Model A,2015,87 years 10 months,612000.0,592B MONTREAL LINK,752592,1.45066388771139,103.827601887037,2026-07-07
230849,2026-07,SENGKANG,4 ROOM,430D,FERNVALE LINK,25 TO 27,92.0,Model A,2015,87 years 11 months,680000.0,430D FERNVALE LINK,794430,1.3948267807044,103.878003319945,2026-07-07
230897,2026-07,SENGKANG,4 ROOM,410B,FERNVALE RD,01 TO 03,95.0,Premium Apartment,2012,85 years 05 months,600000.0,410B FERNVALE RD,792410,1.389789388894771,103.8760967136027,2026-07-07
230898,2026-07,SENGKANG,4 ROOM,411A,FERNVALE RD,16 TO 18,96.0,Premium Apartment,2012,85 years 05 months,715000.0,411A FERNVALE RD,791411,1.390548170886972,103.8769085145116,2026-07-07
230899,2026-07,SENGKANG,4 ROOM,436C,FERNVALE RD,04 TO 06,96.0,Model A,2010,82 years 09 months,635000.0,436C FERNVALE RD,793436,1.39231468377271,103.876970188022,2026-07-07
230900,2026-07,SENGKANG,4 ROOM,441A,FERNVALE RD,10 TO 12,92.0,Model A,2012,84 years 08 months,630000.0,441A FERNVALE RD,791441,1.39109783626622,103.875166223525,2026-07-07
230954,2026-07,SENGKANG,4 ROOM,185B,RIVERVALE CRES,01 TO 03,90.0,Model A2,2000,73 years 06 months,550000.0,185B RIVERVALE CRES,542185,1.392888073223957,103.9069207785374,2026-07-07
230955,2026-07,SENGKANG,4 ROOM,184A,RIVERVALE CRES,01 TO 03,90.0,Model A,2003,75 years 11 months,525000.0,184A RIVERVALE CRES,541184,1.3921257522424,103.907508047408,2026-07-07
230983,2026-07,SENGKANG,4 ROOM,132,RIVERVALE ST,01 TO 03,100.0,Model A,1999,71 years 10 months,555000.0,132 RIVERVALE ST,540132,1.39002903680073,103.903517302026,2026-07-07
231003,2026-07,SENGKANG,4 ROOM,272D,SENGKANG CTRL,13 TO 15,90.0,Premium Apartment,2009,82 years 06 months,835000.0,272D SENGKANG CTRL,544272,1.38393100526784,103.893564426812,2026-07-07
231022,2026-07,SENGKANG,4 ROOM,324A,SENGKANG EAST WAY,10 TO 12,85.0,Model A2,2003,75 years 09 months,620000.0,324A SENGKANG EAST WAY,541324,1.39346660109152,103.892056931811,2026-07-07
231026,2026-07,SENGKANG,4 ROOM,438A,SENGKANG WEST AVE,19 TO 21,94.0,Model A,2011,83 years 08 months,668888.0,438A SENGKANG WEST AVE,791438,1.392746040007342,103.8774217461561,2026-07-07
231047,2026-07,SENGKANG,4 ROOM,469B,SENGKANG WEST WAY,04 TO 06,93.0,Model A,2016,89 years 02 months,600000.0,469B SENGKANG WEST WAY,792469,1.395852563901387,103.8776849052047,2026-07-07
231048,2026-07,SENGKANG,4 ROOM,432B,SENGKANG WEST WAY,19 TO 21,93.0,Model A,2014,87 years 04 months,650000.0,432B SENGKANG WEST WAY,792432,1.393972329009679,103.8771352747532,2026-07-07
231049,2026-07,SENGKANG,4 ROOM,432B,SENGKANG WEST WAY,22 TO 24,93.0,Model A,2014,87 years 04 months,660000.0,432B SENGKANG WEST WAY,792432,1.393972329009679,103.8771352747532,2026-07-07
231070,2026-07,SENGKANG,5 ROOM,321C,ANCHORVALE DR,07 TO 09,110.0,Improved,2002,75 years 03 months,720000.0,321C ANCHORVALE DR,543321,1.39058578077811,103.891617324,2026-07-07
230848,2026-07,SENGKANG,4 ROOM,440A,FERNVALE LINK,13 TO 15,92.0,Model A,2015,88 years 01 month,620000.0,440A FERNVALE LINK,791440,1.39318853941818,103.878692030242,2026-07-07
230847,2026-07,SENGKANG,4 ROOM,470C,FERNVALE LINK,22 TO 24,93.0,Model A,2016,89 years 03 months,663000.0,470C FERNVALE LINK,793470,1.396194039363956,103.8799923721956,2026-07-07
230846,2026-07,SENGKANG,4 ROOM,468C,FERNVALE LINK,16 TO 18,93.0,Model A,2016,89 years 02 months,608888.0,468C FERNVALE LINK,793468,1.39689621112726,103.8777853288731,2026-07-07
230508,2026-07,SENGKANG,2 ROOM,445A,FERNVALE RD,01 TO 03,47.0,Model A,2012,85 years 06 months,370000.0,445A FERNVALE RD,791445,1.392220138436948,103.8744097814057,2026-07-07
230342,2026-07,SEMBAWANG,4 ROOM,466D,SEMBAWANG DR,07 TO 09,90.0,Premium Apartment,2006,78 years 08 months,535000.0,466D SEMBAWANG DR,754466,1.455952917863236,103.8135474830626,2026-07-07
230375,2026-07,SEMBAWANG,5 ROOM,401,ADMIRALTY LINK,01 TO 03,110.0,Improved,2001,73 years 10 months,565000.0,401 ADMIRALTY LINK,750401,1.45427018021651,103.815812639222,2026-07-07
230376,2026-07,SEMBAWANG,5 ROOM,486,ADMIRALTY LINK,04 TO 06,110.0,Improved,2004,76 years 10 months,580000.0,486 ADMIRALTY LINK,750486,1.45602740243461,103.816100124988,2026-07-07
230410,2026-07,SEMBAWANG,5 ROOM,126C,CANBERRA ST,10 TO 12,116.0,Improved,2020,93 years 04 months,895000.0,126C CANBERRA ST,753126,1.446140612391784,103.8349646498667,2026-07-07
230490,2026-07,SEMBAWANG,EXECUTIVE,337,SEMBAWANG CRES,13 TO 15,135.0,Apartment,1999,72 years 01 month,803888.0,337 SEMBAWANG CRES,750337,1.44615096906869,103.815651965202,2026-07-07
230503,2026-07,SENGKANG,2 ROOM,418B,FERNVALE LINK,01 TO 03,47.0,Model A,2018,91 years 01 month,370000.0,418B FERNVALE LINK,792418,1.39101485658152,103.880193298835,2026-07-07
230512,2026-07,SENGKANG,2 ROOM,180A,RIVERVALE CRES,07 TO 09,47.0,Model A,2015,87 years 09 months,356000.0,180A RIVERVALE CRES,541180,1.39025909742147,103.909624930156,2026-07-07
230845,2026-07,SENGKANG,4 ROOM,467B,FERNVALE LINK,16 TO 18,93.0,Model A,2016,89 years 02 months,625000.0,467B FERNVALE LINK,792467,1.398071054766139,103.8779333816602,2026-07-07
230570,2026-07,SENGKANG,3 ROOM,418A,FERNVALE LINK,16 TO 18,68.0,Model A,2018,91 years 01 month,570000.0,418A FERNVALE LINK,791418,1.39100745746343,103.879606736157,2026-07-07
230598,2026-07,SENGKANG,3 ROOM,180A,RIVERVALE CRES,16 TO 18,67.0,Model A,2015,87 years 09 months,533000.0,180A RIVERVALE CRES,541180,1.39025909742147,103.909624930156,2026-07-07
230650,2026-07,SENGKANG,4 ROOM,314B,ANCHORVALE LINK,07 TO 09,92.0,Premium Apartment,2003,76 years 03 months,615000.0,314B ANCHORVALE LINK,542314,1.391049861513684,103.8888467138251,2026-07-07
230666,2026-07,SENGKANG,4 ROOM,327B,ANCHORVALE RD,16 TO 18,92.0,Premium Apartment,2015,87 years 11 months,660000.0,327B ANCHORVALE RD,542327,1.395646923964713,103.8886332854237,2026-07-07
230667,2026-07,SENGKANG,4 ROOM,309B,ANCHORVALE RD,10 TO 12,93.0,Premium Apartment,2002,75 years 03 months,573000.0,309B ANCHORVALE RD,542309,1.39141694532621,103.885872372024,2026-07-07
230744,2026-07,SENGKANG,4 ROOM,211C,COMPASSVALE LANE,16 TO 18,95.0,Model A,2013,85 years 08 months,650000.0,211C COMPASSVALE LANE,543211,1.385144912257344,103.8992911770264,2026-07-07
231119,2026-07,SENGKANG,5 ROOM,278B,COMPASSVALE BOW,10 TO 12,113.0,Improved,2017,90 years 05 months,998888.0,278B COMPASSVALE BOW,542278,1.382350837800111,103.8906414380344,2026-07-07
231223,2026-07,SENGKANG,5 ROOM,412A,FERNVALE LINK,01 TO 03,114.0,Premium Apartment,2004,76 years 09 months,560000.0,412A FERNVALE LINK,791412,1.38923123641708,103.877906058862,2026-07-07
231288,2026-07,SENGKANG,5 ROOM,188B,RIVERVALE DR,04 TO 06,115.0,Improved,2000,73 years 02 months,627000.0,188B RIVERVALE DR,542188,1.39454068651965,103.905458975406,2026-07-07
231720,2026-07,TAMPINES,3 ROOM,407,TAMPINES ST 41,10 TO 12,60.0,Improved,1985,58 years 04 months,425000.0,407 TAMPINES ST 41,520407,1.358196018309122,103.9450156952242,2026-07-07
231575,2026-07,SERANGOON,EXECUTIVE,539,SERANGOON NTH AVE 4,04 TO 06,147.0,Maisonette,1992,65 years 05 months,1025000.0,539 SERANGOON NTH AVE 4,550539,1.374961922424032,103.8721885822916,2026-07-07
231576,2026-07,SERANGOON,EXECUTIVE,520,SERANGOON NTH AVE 4,07 TO 09,147.0,Maisonette,1992,65 years 05 months,1100000.0,520 SERANGOON NTH AVE 4,550520,1.37203549075077,103.873724425334,2026-07-07
231615,2026-07,TAMPINES,3 ROOM,609C,TAMPINES NTH DR 1,10 TO 12,68.0,Model A,2020,93 years 04 months,625000.0,609C TAMPINES NTH DR 1,523609,1.3636897807061,103.936514982808,2026-07-07
231634,2026-07,TAMPINES,3 ROOM,157,TAMPINES ST 12,07 TO 09,68.0,New Generation,1985,57 years 07 months,535000.0,157 TAMPINES ST 12,521157,1.35107329077378,103.945003856886,2026-07-07
231669,2026-07,TAMPINES,3 ROOM,266,TAMPINES ST 21,04 TO 06,74.0,Model A,1984,57 years 02 months,488000.0,266 TAMPINES ST 21,520266,1.351965748943839,103.9502377179688,2026-07-07
231670,2026-07,TAMPINES,3 ROOM,234,TAMPINES ST 21,07 TO 09,73.0,Model A,1984,57 years 06 months,515000.0,234 TAMPINES ST 21,521234,1.35590413566011,103.948024616734,2026-07-07
231721,2026-07,TAMPINES,3 ROOM,403,TAMPINES ST 41,07 TO 09,69.0,Improved,1985,58 years 04 months,480000.0,403 TAMPINES ST 41,520403,1.35751161946385,103.944917908671,2026-07-07
231556,2026-07,SERANGOON,5 ROOM,512,SERANGOON NTH AVE 4,07 TO 09,121.0,Improved,1997,70 years 01 month,853000.0,512 SERANGOON NTH AVE 4,550512,1.37151235781968,103.875246643629,2026-07-07
231759,2026-07,TAMPINES,3 ROOM,819,TAMPINES ST 81,01 TO 03,68.0,New Generation,1984,57 years 06 months,508000.0,819 TAMPINES ST 81,520819,1.348396483738707,103.9368087117507,2026-07-07
231760,2026-07,TAMPINES,3 ROOM,899A,TAMPINES ST 81,04 TO 06,74.0,Model A,1988,61 years 02 months,508000.0,899A TAMPINES ST 81,521899,1.346324735794658,103.9350085159371,2026-07-07
231798,2026-07,TAMPINES,4 ROOM,123,SIMEI ST 1,04 TO 06,104.0,Model A,1988,61 years 05 months,653000.0,123 SIMEI ST 1,520123,1.34530661835845,103.953187956159,2026-07-07
231814,2026-07,TAMPINES,4 ROOM,890A,TAMPINES AVE 1,04 TO 06,93.0,Model A,2015,88 years 03 months,810000.0,890A TAMPINES AVE 1,521890,1.34672448664678,103.933876119392,2026-07-07
231820,2026-07,TAMPINES,4 ROOM,810,TAMPINES AVE 4,01 TO 03,105.0,Model A,1984,57 years 02 months,580000.0,810 TAMPINES AVE 4,520810,1.34645463315474,103.936611366113,2026-07-07
231871,2026-07,TAMPINES,4 ROOM,604A,TAMPINES AVE 9,07 TO 09,92.0,Model A,2020,92 years 08 months,785000.0,604A TAMPINES AVE 9,521604,1.361367354658479,103.9351933324523,2026-07-07
231560,2026-07,SERANGOON,EXECUTIVE,232A,SERANGOON AVE 2,10 TO 12,140.0,Apartment,1998,71 years,1270000.0,232A SERANGOON AVE 2,551232,1.35425419082461,103.868542956652,2026-07-07
231535,2026-07,SERANGOON,5 ROOM,422,SERANGOON CTRL,01 TO 03,121.0,Improved,1989,61 years 09 months,925000.0,422 SERANGOON CTRL,550422,1.34885014270392,103.87600083488,2026-07-07
231304,2026-07,SENGKANG,5 ROOM,200A,SENGKANG EAST RD,07 TO 09,110.0,Improved,2001,74 years 02 months,706000.0,200A SENGKANG EAST RD,541200,1.38700703200166,103.891964770037,2026-07-07
231377,2026-07,SENGKANG,EXECUTIVE,116A,RIVERVALE DR,01 TO 03,129.0,Apartment,2000,73 years 01 month,760000.0,116A RIVERVALE DR,541116,1.382460380392853,103.9022386819975,2026-07-07
231318,2026-07,SENGKANG,5 ROOM,261A,SENGKANG EAST WAY,10 TO 12,110.0,Improved,2000,73 years 04 months,758000.0,261A SENGKANG EAST WAY,541261,1.394097469634804,103.8944218466352,2026-07-07
231319,2026-07,SENGKANG,5 ROOM,325C,SENGKANG EAST WAY,01 TO 03,110.0,Improved,2003,75 years 09 months,630000.0,325C SENGKANG EAST WAY,543325,1.39322971130646,103.891350959767,2026-07-07
231328,2026-07,SENGKANG,5 ROOM,457A,SENGKANG WEST RD,04 TO 06,113.0,Improved,2020,93 years 03 months,745000.0,457A SENGKANG WEST RD,791457,1.392498363513846,103.8701885728906,2026-07-07
231338,2026-07,SENGKANG,EXECUTIVE,312B,ANCHORVALE LANE,10 TO 12,126.0,Premium Apartment,2002,75 years 05 months,825000.0,312B ANCHORVALE LANE,542312,1.39173421861576,103.885497782179,2026-07-07
231346,2026-07,SENGKANG,EXECUTIVE,302D,ANCHORVALE LINK,07 TO 09,130.0,Apartment,2001,74 years 05 months,818000.0,302D ANCHORVALE LINK,544302,1.388203708964201,103.8897191684137,2026-07-07
231372,2026-07,SENGKANG,EXECUTIVE,147,RIVERVALE CRES,07 TO 09,135.0,Apartment,1999,72 years 03 months,865000.0,147 RIVERVALE CRES,540147,1.390528990736121,103.9056092270109,2026-07-07
231459,2026-07,SERANGOON,4 ROOM,315,SERANGOON AVE 2,07 TO 09,91.0,New Generation,1985,57 years 11 months,663888.0,315 SERANGOON AVE 2,550315,1.352934457616788,103.8659708066322,2026-07-07
231534,2026-07,SERANGOON,5 ROOM,205,SERANGOON CTRL,07 TO 09,122.0,Improved,1986,59 years 05 months,925000.0,205 SERANGOON CTRL,550205,1.35278468169196,103.873446716868,2026-07-07
231474,2026-07,SERANGOON,4 ROOM,332,SERANGOON AVE 3,01 TO 03,88.0,Simplified,1986,58 years 10 months,628000.0,332 SERANGOON AVE 3,550332,1.351017194669474,103.8701851199977,2026-07-07
231509,2026-07,SERANGOON,4 ROOM,547,SERANGOON NTH AVE 3,10 TO 12,100.0,Model A,1997,70 years 05 months,638000.0,547 SERANGOON NTH AVE 3,550547,1.373752131592244,103.8706447806397,2026-07-07
231518,2026-07,SERANGOON,4 ROOM,522,SERANGOON NTH AVE 4,04 TO 06,103.0,Model A,1992,65 years 05 months,715000.0,522 SERANGOON NTH AVE 4,550522,1.372634766813329,103.8733982975686,2026-07-07
231525,2026-07,SERANGOON,5 ROOM,242,SERANGOON AVE 3,07 TO 09,121.0,Improved,1986,58 years 11 months,929888.0,242 SERANGOON AVE 3,550242,1.352695918748529,103.8697110175957,2026-07-07
231532,2026-07,SERANGOON,5 ROOM,420,SERANGOON CTRL,01 TO 03,121.0,Improved,1989,62 years 05 months,930000.0,420 SERANGOON CTRL,550420,1.3491491085796,103.8751170432311,2026-07-07
231533,2026-07,SERANGOON,5 ROOM,412,SERANGOON CTRL,01 TO 03,121.0,Improved,1989,61 years 08 months,845000.0,412 SERANGOON CTRL,550412,1.348471746550374,103.8732733806914,2026-07-07
230307,2026-07,SEMBAWANG,4 ROOM,329,SEMBAWANG CL,10 TO 12,101.0,Model A,1999,72 years 01 month,555000.0,329 SEMBAWANG CL,750329,1.446351100573876,103.8176643032328,2026-07-07
230269,2026-07,SEMBAWANG,4 ROOM,107C,CANBERRA ST,10 TO 12,93.0,Model A,2018,91 years 01 month,675000.0,107C CANBERRA ST,753107,1.44855782306648,103.833864786,2026-07-07
231934,2026-07,TAMPINES,4 ROOM,608A,TAMPINES NTH DR 1,01 TO 03,93.0,Model A,2020,93 years 04 months,715000.0,608A TAMPINES NTH DR 1,521608,1.36314791550448,103.93511840985,2026-07-07
230267,2026-07,SEMBAWANG,4 ROOM,121A,CANBERRA ST,13 TO 15,93.0,Model A,2018,90 years 07 months,675000.0,121A CANBERRA ST,751121,1.447601866038316,103.833517820559,2026-07-07
229100,2026-07,PUNGGOL,4 ROOM,406C,NORTHSHORE DR,07 TO 09,94.0,Model A,2021,93 years 11 months,710000.0,406C NORTHSHORE DR,823406,1.416635071656842,103.9013243260271,2026-07-07
229101,2026-07,PUNGGOL,4 ROOM,415D,NORTHSHORE DR,10 TO 12,94.0,Model A,2022,94 years 07 months,740000.0,415D NORTHSHORE DR,824415,1.417630179134547,103.9005529307896,2026-07-07
229102,2026-07,PUNGGOL,4 ROOM,413C,NORTHSHORE DR,13 TO 15,94.0,Model A,2022,94 years 07 months,695000.0,413C NORTHSHORE DR,823413,1.41703649391814,103.900922125364,2026-07-07
229103,2026-07,PUNGGOL,4 ROOM,422A,NORTHSHORE DR,16 TO 18,93.0,Model A,2021,94 years 04 months,750000.0,422A NORTHSHORE DR,821422,1.41965710213282,103.904006658847,2026-07-07
229191,2026-07,PUNGGOL,4 ROOM,618D,PUNGGOL DR,01 TO 03,93.0,Premium Apartment,2013,86 years 04 months,613888.0,618D PUNGGOL DR,824618,1.401841318567239,103.911466174026,2026-07-07
229192,2026-07,PUNGGOL,4 ROOM,663C,PUNGGOL DR,07 TO 09,90.0,Model A,2016,89 years,652888.0,663C PUNGGOL DR,823663,1.400365493505855,103.9176319233801,2026-07-07
229193,2026-07,PUNGGOL,4 ROOM,642A,PUNGGOL DR,10 TO 12,90.0,Premium Apartment,2005,77 years 07 months,588000.0,642A PUNGGOL DR,821642,1.398162761886032,103.9167142338287,2026-07-07
229194,2026-07,PUNGGOL,4 ROOM,641A,PUNGGOL DR,07 TO 09,91.0,Premium Apartment,2005,77 years 07 months,575000.0,641A PUNGGOL DR,821641,1.39855482327723,103.917001591598,2026-07-07
229195,2026-07,PUNGGOL,4 ROOM,665C,PUNGGOL DR,10 TO 12,93.0,Premium Apartment,2016,88 years 08 months,720000.0,665C PUNGGOL DR,823665,1.40149164608042,103.914459128885,2026-07-07
229243,2026-07,PUNGGOL,4 ROOM,102D,PUNGGOL FIELD,04 TO 06,90.0,Model A,2002,75 years 05 months,570000.0,102D PUNGGOL FIELD,824102,1.398480707954366,103.9052497524584,2026-07-07
229244,2026-07,PUNGGOL,4 ROOM,102D,PUNGGOL FIELD,10 TO 12,90.0,Model A,2002,75 years 05 months,585000.0,102D PUNGGOL FIELD,824102,1.398480707954366,103.9052497524584,2026-07-07
229281,2026-07,PUNGGOL,4 ROOM,209A,PUNGGOL PL,01 TO 03,92.0,Model A,2014,87 years 06 months,580000.0,209A PUNGGOL PL,821209,1.39973067460365,103.900732056743,2026-07-07
229340,2026-07,PUNGGOL,4 ROOM,308A,PUNGGOL WALK,07 TO 09,92.0,Premium Apartment,2016,88 years 09 months,756000.0,308A PUNGGOL WALK,821308,1.40776143065745,103.900998963843,2026-07-07
229341,2026-07,PUNGGOL,4 ROOM,310C,PUNGGOL WALK,16 TO 18,92.0,Premium Apartment,2016,89 years 01 month,736000.0,310C PUNGGOL WALK,823310,1.40971096118277,103.899898384977,2026-07-07
229368,2026-07,PUNGGOL,4 ROOM,315B,PUNGGOL WAY,13 TO 15,93.0,Premium Apartment,2017,90 years 03 months,710000.0,315B PUNGGOL WAY,822315,1.407956026833847,103.8964007679102,2026-07-07
229047,2026-07,PUNGGOL,4 ROOM,672D,EDGEFIELD PLAINS,13 TO 15,90.0,Model A,2015,88 years 06 months,645000.0,672D EDGEFIELD PLAINS,824672,1.40759031189113,103.910923572748,2026-07-07
228984,2026-07,PUNGGOL,3 ROOM,327A,SUMANG WALK,19 TO 21,68.0,Model A,2018,91 years 05 months,580000.0,327A SUMANG WALK,821327,1.41243613191501,103.899133553079,2026-07-07
228962,2026-07,PUNGGOL,3 ROOM,212A,PUNGGOL WALK,07 TO 09,67.0,Model A,2015,87 years 10 months,545000.0,212A PUNGGOL WALK,821212,1.39996056106688,103.898983585947,2026-07-07
228732,2026-07,PASIR RIS,EXECUTIVE,602,ELIAS RD,10 TO 12,149.0,Apartment,1995,67 years 09 months,950000.0,602 ELIAS RD,510602,1.37729474368384,103.944122496253,2026-07-07
228599,2026-07,PASIR RIS,4 ROOM,759,PASIR RIS ST 71,07 TO 09,104.0,Model A,1996,69 years 05 months,622000.0,759 PASIR RIS ST 71,510759,1.37647221006,103.932761813675,2026-07-07
228600,2026-07,PASIR RIS,4 ROOM,766,PASIR RIS ST 71,04 TO 06,104.0,Model A,1996,69 years 04 months,640000.0,766 PASIR RIS ST 71,510766,1.375947588670488,103.9360008783569,2026-07-07
228627,2026-07,PASIR RIS,5 ROOM,233,PASIR RIS DR 4,01 TO 03,126.0,Improved,1993,66 years 01 month,715000.0,233 PASIR RIS DR 4,510233,1.374103234103372,103.961991002637,2026-07-07
228628,2026-07,PASIR RIS,5 ROOM,233,PASIR RIS DR 4,07 TO 09,127.0,Improved,1993,66 years 01 month,710000.0,233 PASIR RIS DR 4,510233,1.374103234103372,103.961991002637,2026-07-07
228722,2026-07,PASIR RIS,5 ROOM,721,PASIR RIS ST 72,04 TO 06,126.0,Improved,1996,69 years 01 month,730000.0,721 PASIR RIS ST 72,510721,1.381462355797908,103.9363320748304,2026-07-07
228731,2026-07,PASIR RIS,EXECUTIVE,607,ELIAS RD,04 TO 06,149.0,Apartment,1995,68 years 01 month,934000.0,607 ELIAS RD,510607,1.376386082822849,103.9424625895147,2026-07-07
228762,2026-07,PASIR RIS,EXECUTIVE,135,PASIR RIS ST 11,04 TO 06,149.0,Apartment,1994,67 years 04 months,823800.0,135 PASIR RIS ST 11,510135,1.36454232817849,103.957472438655,2026-07-07
228961,2026-07,PUNGGOL,3 ROOM,211B,PUNGGOL WALK,13 TO 15,67.0,Model A,2014,86 years 10 months,578000.0,211B PUNGGOL WALK,822211,1.40116989540271,103.899920878173,2026-07-07
228794,2026-07,PASIR RIS,EXECUTIVE,550,PASIR RIS ST 51,07 TO 09,144.0,Apartment,1992,65 years 06 months,950000.0,550 PASIR RIS ST 51,510550,1.36729984816042,103.953481389198,2026-07-07
222104,2026-07,ANG MO KIO,3 ROOM,219,ANG MO KIO AVE 1,10 TO 12,67.0,New Generation,1977,50 years 01 month,415000.0,219 ANG MO KIO AVE 1,560219,1.365981980045068,103.8406540396118,2026-07-07
228816,2026-07,PASIR RIS,EXECUTIVE,710,PASIR RIS ST 72,07 TO 09,146.0,Apartment,1996,69 years,888000.0,710 PASIR RIS ST 72,510710,1.381977573085604,103.9376377378391,2026-07-07
228848,2026-07,PUNGGOL,2 ROOM,419B,NORTHSHORE DR,01 TO 03,47.0,2-room,2022,94 years 07 months,410000.0,419B NORTHSHORE DR,822419,1.41803209660986,103.902160274039,2026-07-07
228903,2026-07,PUNGGOL,3 ROOM,672B,EDGEFIELD PLAINS,07 TO 09,65.0,Model A,2015,88 years 06 months,506000.0,672B EDGEFIELD PLAINS,822672,1.40665275009356,103.912312507427,2026-07-07
228946,2026-07,PUNGGOL,3 ROOM,208A,PUNGGOL PL,04 TO 06,67.0,Model A,2014,87 years,540000.0,208A PUNGGOL PL,821208,1.40146324574732,103.900761051711,2026-07-07
229369,2026-07,PUNGGOL,4 ROOM,265C,PUNGGOL WAY,10 TO 12,92.0,Model A,2015,88 years 01 month,720000.0,265C PUNGGOL WAY,823265,1.40499728975087,103.898518563343,2026-07-07
229399,2026-07,PUNGGOL,4 ROOM,226A,SUMANG LANE,04 TO 06,92.0,Premium Apartment,2018,90 years 09 months,620000.0,226A SUMANG LANE,821226,1.40272812898156,103.893101300132,2026-07-07
229426,2026-07,PUNGGOL,4 ROOM,323D,SUMANG WALK,19 TO 21,93.0,Premium Apartment,2020,92 years 07 months,733000.0,323D SUMANG WALK,824323,1.412188117456953,103.8974557030321,2026-07-07
230001,2026-07,QUEENSTOWN,4 ROOM,53,STRATHMORE AVE,28 TO 30,87.0,Premium Apartment,2020,93 years 06 months,1165000.0,53 STRATHMORE AVE,140053,1.292778586438066,103.8084459601947,2026-07-07
229854,2026-07,QUEENSTOWN,3 ROOM,166,STIRLING RD,07 TO 09,60.0,Improved,1970,43 years 01 month,310000.0,166 STIRLING RD,140166,1.29069965982212,103.802362949625,2026-07-07
229855,2026-07,QUEENSTOWN,3 ROOM,168,STIRLING RD,04 TO 06,60.0,Improved,1971,43 years 07 months,348000.0,168 STIRLING RD,141168,1.29002050735811,103.80318804437,2026-07-07
229861,2026-07,QUEENSTOWN,3 ROOM,53,STRATHMORE AVE,16 TO 18,62.0,Premium Apartment,2020,93 years 06 months,795000.0,53 STRATHMORE AVE,140053,1.292778586438066,103.8084459601947,2026-07-07
229927,2026-07,QUEENSTOWN,4 ROOM,86,DAWSON RD,28 TO 30,87.0,Premium Apartment,2016,89 years 02 months,1140000.0,86 DAWSON RD,141086,1.29564903068441,103.810230517871,2026-07-07
229939,2026-07,QUEENSTOWN,4 ROOM,17,DOVER CRES,07 TO 09,92.0,Model A,2003,76 years 03 months,832888.0,17 DOVER CRES,130017,1.307654537731739,103.7828912191975,2026-07-07
229965,2026-07,QUEENSTOWN,4 ROOM,10,HOLLAND AVE,01 TO 03,88.0,Improved,1975,47 years 07 months,580000.0,10 HOLLAND AVE,271010,1.30814997104791,103.794275184926,2026-07-07
230012,2026-07,QUEENSTOWN,4 ROOM,91,TANGLIN HALT RD,22 TO 24,90.0,Model A,2008,81 years 02 months,1080000.0,91 TANGLIN HALT RD,142091,1.300727922880335,103.7994172849214,2026-07-07
229810,2026-07,QUEENSTOWN,3 ROOM,2,HOLLAND AVE,19 TO 21,65.0,Improved,1974,46 years 11 months,520000.0,2 HOLLAND AVE,271002,1.30934498335733,103.795559353753,2026-07-07
230041,2026-07,QUEENSTOWN,5 ROOM,40A,MARGARET DR,13 TO 15,108.0,Premium Apartment,2022,94 years 07 months,1390000.0,40A MARGARET DR,141040,1.29700687306954,103.806057140127,2026-07-07
230054,2026-07,QUEENSTOWN,5 ROOM,58,STRATHMORE AVE,22 TO 24,110.0,Improved,2000,73 years 04 months,1181111.0,58 STRATHMORE AVE,142058,1.293084960288665,103.8107889037188,2026-07-07
230056,2026-07,QUEENSTOWN,5 ROOM,89,TANGLIN HALT RD,25 TO 27,110.0,Improved,2008,81 years 02 months,1368000.0,89 TANGLIN HALT RD,141089,1.30120035372775,103.798921874569,2026-07-07
230085,2026-07,SEMBAWANG,2 ROOM,103B,CANBERRA ST,10 TO 12,38.0,2-room,2020,93 years 06 months,372000.0,103B CANBERRA ST,752103,1.45056599465441,103.831238741555,2026-07-07
230144,2026-07,SEMBAWANG,3 ROOM,115C,CANBERRA WALK,04 TO 06,68.0,Model A,2018,91 years 01 month,550000.0,115C CANBERRA WALK,753115,1.446075900129525,103.8298262449835,2026-07-07
230266,2026-07,SEMBAWANG,4 ROOM,121D,CANBERRA ST,07 TO 09,93.0,Model A,2018,90 years 07 months,700000.0,121D CANBERRA ST,754121,1.447037762371825,103.8339234608189,2026-07-07
229828,2026-07,QUEENSTOWN,3 ROOM,35,MARGARET DR,01 TO 03,62.0,Premium Apartment,2022,94 years 07 months,680000.0,35 MARGARET DR,140035,1.297556961829603,103.8050587819395,2026-07-07
229793,2026-07,QUEENSTOWN,3 ROOM,5,GHIM MOH RD,07 TO 09,65.0,Improved,1976,49 years 01 month,375000.0,5 GHIM MOH RD,270005,1.31269310627626,103.788308828224,2026-07-07
229458,2026-07,PUNGGOL,5 ROOM,661C,EDGEDALE PLAINS,10 TO 12,112.0,Premium Apartment,2017,89 years 11 months,825000.0,661C EDGEDALE PLAINS,823661,1.4020715866828,103.917480013596,2026-07-07
229525,2026-07,PUNGGOL,5 ROOM,293,PUNGGOL CTRL,16 TO 18,110.0,Premium Apartment,2003,76 years 06 months,700000.0,293 PUNGGOL CTRL,820293,1.40307557326403,103.904945341265,2026-07-07
229474,2026-07,PUNGGOL,5 ROOM,176A,EDGEFIELD PLAINS,07 TO 09,110.0,Improved,2003,76 years,652888.0,176A EDGEFIELD PLAINS,821176,1.398860781218979,103.9082666223006,2026-07-07
229475,2026-07,PUNGGOL,5 ROOM,176C,EDGEFIELD PLAINS,10 TO 12,110.0,Improved,2003,76 years 02 months,648888.0,176C EDGEFIELD PLAINS,823176,1.39831055285523,103.90878367744,2026-07-07
229476,2026-07,PUNGGOL,5 ROOM,103B,EDGEFIELD PLAINS,07 TO 09,110.0,Improved,2003,75 years 11 months,628000.0,103B EDGEFIELD PLAINS,822103,1.39773127538403,103.90468537415,2026-07-07
229477,2026-07,PUNGGOL,5 ROOM,103A,EDGEFIELD PLAINS,01 TO 03,110.0,Improved,2003,75 years 11 months,615000.0,103A EDGEFIELD PLAINS,821103,1.39825531783982,103.904753996381,2026-07-07
229503,2026-07,PUNGGOL,5 ROOM,422A,NORTHSHORE DR,22 TO 24,113.0,Improved,2021,94 years 04 months,1070000.0,422A NORTHSHORE DR,821422,1.41965710213282,103.904006658847,2026-07-07
229522,2026-07,PUNGGOL,5 ROOM,299,PUNGGOL CTRL,07 TO 09,110.0,Premium Apartment,2003,76 years 04 months,680000.0,299 PUNGGOL CTRL,820299,1.40270615150902,103.9053082046844,2026-07-07
229587,2026-07,PUNGGOL,5 ROOM,197A,PUNGGOL FIELD,07 TO 09,110.0,Improved,2003,76 years 01 month,602000.0,197A PUNGGOL FIELD,821197,1.39977425428163,103.9068498410144,2026-07-07
229757,2026-07,QUEENSTOWN,3 ROOM,95,DAWSON RD,19 TO 21,63.0,Premium Apartment,2021,94 years 04 months,880000.0,95 DAWSON RD,141095,1.29629709842507,103.811899620586,2026-07-07
229588,2026-07,PUNGGOL,5 ROOM,170C,PUNGGOL FIELD,16 TO 18,112.0,Improved,2014,86 years 10 months,832888.0,170C PUNGGOL FIELD,823170,1.39310784191806,103.914546399185,2026-07-07
229592,2026-07,PUNGGOL,5 ROOM,128B,PUNGGOL FIELD WALK,04 TO 06,110.0,Improved,2003,76 years,600000.0,128B PUNGGOL FIELD WALK,822128,1.392987926433476,103.9128830710316,2026-07-07
229593,2026-07,PUNGGOL,5 ROOM,128D,PUNGGOL FIELD WALK,01 TO 03,110.0,Improved,2003,76 years 01 month,575000.0,128D PUNGGOL FIELD WALK,824128,1.39296771940163,103.911961953324,2026-07-07
229636,2026-07,PUNGGOL,5 ROOM,231B,SUMANG LANE,10 TO 12,113.0,Improved,2018,91 years 05 months,753000.0,231B SUMANG LANE,822231,1.402127354742427,103.8914647556422,2026-07-07
229681,2026-07,QUEENSTOWN,3 ROOM,84,C'WEALTH CL,10 TO 12,66.0,Standard,1967,39 years 07 months,330000.0,84 C'WEALTH CL,140084,1.30363604634114,103.799461668023,2026-07-07
229756,2026-07,QUEENSTOWN,3 ROOM,95,DAWSON RD,34 TO 36,63.0,Premium Apartment,2021,94 years 04 months,888000.0,95 DAWSON RD,141095,1.29629709842507,103.811899620586,2026-07-07
231933,2026-07,TAMPINES,4 ROOM,610C,TAMPINES NTH DR 1,01 TO 03,93.0,Model A,2020,93 years 04 months,717000.0,610C TAMPINES NTH DR 1,523610,1.364417760020228,103.9355583401576,2026-07-07
231951,2026-07,TAMPINES,4 ROOM,160,TAMPINES ST 12,10 TO 12,98.0,New Generation,1984,56 years 10 months,636000.0,160 TAMPINES ST 12,521160,1.35070236635392,103.945183618846,2026-07-07
228570,2026-07,PASIR RIS,4 ROOM,514,PASIR RIS ST 52,10 TO 12,106.0,Model A,1993,66 years 06 months,660000.0,514 PASIR RIS ST 52,510514,1.37460129469019,103.943139291069,2026-07-07
233464,2026-07,WOODLANDS,4 ROOM,602,WOODLANDS DR 42,10 TO 12,100.0,Model A,1997,69 years 10 months,571888.0,602 WOODLANDS DR 42,730602,1.43821741607197,103.796391500509,2026-07-07
233960,2026-07,WOODLANDS,5 ROOM,173,WOODLANDS ST 13,04 TO 06,121.0,Improved,1989,61 years 09 months,605000.0,173 WOODLANDS ST 13,730173,1.43296723097781,103.777807451472,2026-07-07
233964,2026-07,WOODLANDS,5 ROOM,322,WOODLANDS ST 32,01 TO 03,122.0,Improved,1994,66 years 10 months,583000.0,322 WOODLANDS ST 32,730322,1.431515853505743,103.7788815919458,2026-07-07
233968,2026-07,WOODLANDS,5 ROOM,410,WOODLANDS ST 41,10 TO 12,138.0,Model A,1996,68 years 07 months,705000.0,410 WOODLANDS ST 41,730410,1.428734082369433,103.7734886364369,2026-07-07
233975,2026-07,WOODLANDS,5 ROOM,826,WOODLANDS ST 81,01 TO 03,136.0,Model A,1996,69 years 01 month,740000.0,826 WOODLANDS ST 81,730826,1.43922359833813,103.789509510964,2026-07-07
233982,2026-07,WOODLANDS,5 ROOM,882,WOODLANDS ST 82,01 TO 03,124.0,Improved,1996,68 years 09 months,595000.0,882 WOODLANDS ST 82,730882,1.4442579867912,103.790930441498,2026-07-07
234008,2026-07,WOODLANDS,EXECUTIVE,331,WOODLANDS AVE 1,04 TO 06,176.0,Apartment,1994,66 years 08 months,1020000.0,331 WOODLANDS AVE 1,730331,1.429408796597136,103.7787134150908,2026-07-07
234023,2026-07,WOODLANDS,EXECUTIVE,356,WOODLANDS AVE 5,07 TO 09,146.0,Apartment,1996,69 years 02 months,900000.0,356 WOODLANDS AVE 5,730356,1.43327563349308,103.784971863914,2026-07-07
234031,2026-07,WOODLANDS,EXECUTIVE,510,WOODLANDS DR 14,01 TO 03,147.0,Premium Apartment,1999,71 years 10 months,795000.0,510 WOODLANDS DR 14,730510,1.432761015014597,103.7884971353695,2026-07-07
234059,2026-07,WOODLANDS,EXECUTIVE,656,WOODLANDS RING RD,04 TO 06,144.0,Maisonette,1998,70 years 10 months,880000.0,656 WOODLANDS RING RD,730656,1.436985963942794,103.7991178641237,2026-07-07
234060,2026-07,WOODLANDS,EXECUTIVE,658,WOODLANDS RING RD,07 TO 09,143.0,Apartment,1998,70 years 09 months,852000.0,658 WOODLANDS RING RD,730658,1.436641712981462,103.7996015594192,2026-07-07
234083,2026-07,WOODLANDS,EXECUTIVE,805,WOODLANDS ST 81,10 TO 12,189.0,Apartment,1994,66 years 07 months,1200000.0,805 WOODLANDS ST 81,730805,1.440665108797987,103.787309555166,2026-07-07
234112,2026-07,YISHUN,2 ROOM,675A,YISHUN AVE 4,10 TO 12,38.0,Model A,2018,91 years 05 months,390000.0,675A YISHUN AVE 4,761675,1.4194583236401,103.843091718209,2026-07-07
234141,2026-07,YISHUN,3 ROOM,446,YISHUN AVE 11,01 TO 03,67.0,Model A,2012,85 years 02 months,455000.0,446 YISHUN AVE 11,760446,1.42303228780101,103.84515982739,2026-07-07
234180,2026-07,YISHUN,3 ROOM,701,YISHUN AVE 5,10 TO 12,68.0,New Generation,1984,56 years 07 months,430000.0,701 YISHUN AVE 5,760701,1.429954557061192,103.8288352353483,2026-07-07
234181,2026-07,YISHUN,3 ROOM,701,YISHUN AVE 5,01 TO 03,68.0,New Generation,1984,56 years 07 months,400000.0,701 YISHUN AVE 5,760701,1.429954557061192,103.8288352353483,2026-07-07
233937,2026-07,WOODLANDS,5 ROOM,649,WOODLANDS RING RD,04 TO 06,121.0,Improved,1998,71 years,648000.0,649 WOODLANDS RING RD,730649,1.43893593743693,103.800962457948,2026-07-07
233936,2026-07,WOODLANDS,5 ROOM,607,WOODLANDS RING RD,10 TO 12,122.0,Improved,1998,70 years 10 months,710000.0,607 WOODLANDS RING RD,730607,1.43665492960631,103.796231467375,2026-07-07
233935,2026-07,WOODLANDS,5 ROOM,634,WOODLANDS RING RD,04 TO 06,121.0,Improved,1999,72 years 02 months,642000.0,634 WOODLANDS RING RD,730634,1.43626628875804,103.802942658182,2026-07-07
233656,2026-07,WOODLANDS,4 ROOM,183C,WOODLANDS ST 13,04 TO 06,93.0,Model A,2019,92 years 04 months,620000.0,183C WOODLANDS ST 13,733183,1.434656879848126,103.7767267548837,2026-07-07
233532,2026-07,WOODLANDS,4 ROOM,773,WOODLANDS DR 60,10 TO 12,92.0,Model A2,1997,70 years 04 months,538000.0,773 WOODLANDS DR 60,730773,1.447472825419868,103.7977161113026,2026-07-07
233533,2026-07,WOODLANDS,4 ROOM,778,WOODLANDS DR 60,07 TO 09,101.0,Model A,1997,70 years 06 months,545000.0,778 WOODLANDS DR 60,730778,1.447282146135204,103.7997745030613,2026-07-07
233534,2026-07,WOODLANDS,4 ROOM,786D,WOODLANDS DR 60,13 TO 15,100.0,Model A,1997,70 years 02 months,545000.0,786D WOODLANDS DR 60,734786,1.44641912494034,103.801027490309,2026-07-07
233557,2026-07,WOODLANDS,4 ROOM,717,WOODLANDS DR 70,13 TO 15,100.0,Model A,1997,70 years,618888.0,717 WOODLANDS DR 70,730717,1.44084734957997,103.799421965632,2026-07-07
233577,2026-07,WOODLANDS,4 ROOM,691A,WOODLANDS DR 73,07 TO 09,93.0,Model A,2018,91 years 01 month,642000.0,691A WOODLANDS DR 73,731691,1.44030360618925,103.806660428381,2026-07-07
233608,2026-07,WOODLANDS,4 ROOM,665,WOODLANDS RING RD,04 TO 06,85.0,Model A2,2000,73 years 04 months,545000.0,665 WOODLANDS RING RD,730665,1.43801280829028,103.797671900886,2026-07-07
233657,2026-07,WOODLANDS,4 ROOM,177,WOODLANDS ST 13,04 TO 06,91.0,New Generation,1986,58 years 08 months,455000.0,177 WOODLANDS ST 13,730177,1.434357913626032,103.7780884343678,2026-07-07
233913,2026-07,WOODLANDS,5 ROOM,690D,WOODLANDS DR 75,07 TO 09,110.0,Premium Apartment,2004,76 years 07 months,540000.0,690D WOODLANDS DR 75,734690,1.44261596598046,103.807852213015,2026-07-07
233707,2026-07,WOODLANDS,5 ROOM,37,MARSILING DR,16 TO 18,121.0,Standard,1978,50 years 10 months,510000.0,37 MARSILING DR,730037,1.44554176156168,103.771709178755,2026-07-07
233736,2026-07,WOODLANDS,5 ROOM,367,WOODLANDS AVE 5,10 TO 12,124.0,Improved,1996,69 years,790000.0,367 WOODLANDS AVE 5,730367,1.43350424248721,103.786496080056,2026-07-07
233749,2026-07,WOODLANDS,5 ROOM,758,WOODLANDS AVE 6,04 TO 06,122.0,Improved,1998,70 years 08 months,628000.0,758 WOODLANDS AVE 6,730758,1.44579329314903,103.795452666616,2026-07-07
233764,2026-07,WOODLANDS,5 ROOM,740,WOODLANDS CIRCLE,07 TO 09,122.0,Improved,1997,70 years 04 months,600000.0,740 WOODLANDS CIRCLE,730740,1.44451665994532,103.796298181189,2026-07-07
233796,2026-07,WOODLANDS,5 ROOM,502,WOODLANDS DR 14,04 TO 06,123.0,Improved,1998,71 years 05 months,660000.0,502 WOODLANDS DR 14,730502,1.433180087662709,103.7917904373603,2026-07-07
233859,2026-07,WOODLANDS,5 ROOM,555,WOODLANDS DR 53,10 TO 12,115.0,Improved,1999,72 years 06 months,630000.0,555 WOODLANDS DR 53,730555,1.432281699435746,103.795797044364,2026-07-07
234234,2026-07,YISHUN,3 ROOM,110,YISHUN RING RD,07 TO 09,64.0,Simplified,1986,58 years 09 months,410000.0,110 YISHUN RING RD,760110,1.43376057937716,103.828993389444,2026-07-07
234235,2026-07,YISHUN,3 ROOM,801,YISHUN RING RD,01 TO 03,70.0,Simplified,1986,59 years 01 month,455000.0,801 YISHUN RING RD,760801,1.41820986722493,103.832240685846,2026-07-07
234236,2026-07,YISHUN,3 ROOM,139,YISHUN RING RD,04 TO 06,68.0,New Generation,1984,57 years 03 months,390000.0,139 YISHUN RING RD,760139,1.43165616021317,103.831319107107,2026-07-07
234737,2026-07,YISHUN,4 ROOM,754,YISHUN ST 72,04 TO 06,84.0,Simplified,1985,58 years 04 months,495000.0,754 YISHUN ST 72,760754,1.42688859174215,103.834067042338,2026-07-07
234689,2026-07,YISHUN,4 ROOM,502A,YISHUN ST 51,07 TO 09,92.0,Model A,2018,90 years 08 months,640000.0,502A YISHUN ST 51,761502,1.41639278744569,103.841369329736,2026-07-07
234690,2026-07,YISHUN,4 ROOM,513C,YISHUN ST 51,10 TO 12,93.0,Model A,2018,90 years 08 months,642000.0,513C YISHUN ST 51,763513,1.415407805491453,103.8438014474093,2026-07-07
234703,2026-07,YISHUN,4 ROOM,628,YISHUN ST 61,07 TO 09,105.0,Model A,1988,60 years 09 months,508000.0,628 YISHUN ST 61,760628,1.41807802756009,103.836957262586,2026-07-07
234704,2026-07,YISHUN,4 ROOM,634,YISHUN ST 61,10 TO 12,104.0,Model A,1987,60 years 04 months,565000.0,634 YISHUN ST 61,760634,1.41893026318493,103.83910011003,2026-07-07
234705,2026-07,YISHUN,4 ROOM,640,YISHUN ST 61,10 TO 12,91.0,New Generation,1992,65 years,550000.0,640 YISHUN ST 61,760640,1.42106180523936,103.838806521089,2026-07-07
234717,2026-07,YISHUN,4 ROOM,726,YISHUN ST 71,10 TO 12,84.0,Simplified,1985,58 years 04 months,462888.0,726 YISHUN ST 71,760726,1.4265362136527,103.830668784342,2026-07-07
234738,2026-07,YISHUN,4 ROOM,764,YISHUN ST 72,10 TO 12,104.0,Model A,1985,58 years 03 months,590000.0,764 YISHUN ST 72,760764,1.42536571874248,103.833981402319,2026-07-07
234649,2026-07,YISHUN,4 ROOM,479B,YISHUN ST 42,01 TO 03,93.0,Model A,2021,93 years 10 months,565000.0,479B YISHUN ST 42,762479,1.42977881608887,103.850095603468,2026-07-07
234782,2026-07,YISHUN,5 ROOM,346,YISHUN AVE 11,07 TO 09,122.0,Improved,1988,61 years 02 months,615000.0,346 YISHUN AVE 11,760346,1.42845935062473,103.843568800254,2026-07-07
234838,2026-07,YISHUN,5 ROOM,159,YISHUN ST 11,04 TO 06,121.0,Improved,1985,57 years 10 months,639000.0,159 YISHUN ST 11,760159,1.43279272238885,103.834028314438,2026-07-07
234840,2026-07,YISHUN,5 ROOM,297,YISHUN ST 20,07 TO 09,111.0,Improved,2000,73 years 04 months,628000.0,297 YISHUN ST 20,760297,1.43578412134202,103.835379025187,2026-07-07
234851,2026-07,YISHUN,5 ROOM,334C,YISHUN ST 31,07 TO 09,112.0,Improved,2015,88 years 05 months,708000.0,334C YISHUN ST 31,763334,1.432662340240775,103.8463218113602,2026-07-07
234852,2026-07,YISHUN,5 ROOM,336C,YISHUN ST 31,01 TO 03,112.0,Improved,2015,88 years 05 months,665000.0,336C YISHUN ST 31,763336,1.431840547302226,103.8441334649992,2026-07-07
234867,2026-07,YISHUN,5 ROOM,511B,YISHUN ST 51,07 TO 09,113.0,Improved,2017,90 years 02 months,745000.0,511B YISHUN ST 51,762511,1.41560014502104,103.84241412452,2026-07-07
234688,2026-07,YISHUN,4 ROOM,505A,YISHUN ST 51,07 TO 09,92.0,Model A,2016,88 years 09 months,548000.0,505A YISHUN ST 51,761505,1.418844595660071,103.8448245318497,2026-07-07
234636,2026-07,YISHUN,4 ROOM,454,YISHUN ST 41,04 TO 06,93.0,Model A,2013,86 years 02 months,578000.0,454 YISHUN ST 41,760454,1.419920259727475,103.845223000987,2026-07-07
234237,2026-07,YISHUN,3 ROOM,141,YISHUN RING RD,04 TO 06,68.0,New Generation,1984,57 years 06 months,425000.0,141 YISHUN RING RD,760141,1.43089700238255,103.830000816371,2026-07-07
234395,2026-07,YISHUN,4 ROOM,773,YISHUN AVE 3,07 TO 09,84.0,Simplified,1987,59 years 07 months,485000.0,773 YISHUN AVE 3,760773,1.423214180827932,103.8330493392123,2026-07-07
234293,2026-07,YISHUN,3 ROOM,204,YISHUN ST 21,07 TO 09,67.0,New Generation,1985,57 years 09 months,442888.0,204 YISHUN ST 21,760204,1.430716348942205,103.8357981760956,2026-07-07
234294,2026-07,YISHUN,3 ROOM,216,YISHUN ST 21,10 TO 12,68.0,New Generation,1985,57 years 09 months,420000.0,216 YISHUN ST 21,760216,1.4322759133834,103.836404106464,2026-07-07
234323,2026-07,YISHUN,3 ROOM,513C,YISHUN ST 51,10 TO 12,68.0,Model A,2018,90 years 09 months,492000.0,513C YISHUN ST 51,763513,1.415407805491453,103.8438014474093,2026-07-07
234324,2026-07,YISHUN,3 ROOM,502A,YISHUN ST 51,04 TO 06,67.0,Model A,2018,90 years 07 months,477000.0,502A YISHUN ST 51,761502,1.41639278744569,103.841369329736,2026-07-07
234339,2026-07,YISHUN,3 ROOM,736,YISHUN ST 72,01 TO 03,67.0,New Generation,1984,57 years 04 months,415000.0,736 YISHUN ST 72,760736,1.42865838624933,103.831727606169,2026-07-07
234385,2026-07,YISHUN,4 ROOM,346,YISHUN AVE 11,04 TO 06,103.0,Model A,1988,61 years 02 months,538000.0,346 YISHUN AVE 11,760346,1.42845935062473,103.843568800254,2026-07-07
234433,2026-07,YISHUN,4 ROOM,653,YISHUN AVE 4,04 TO 06,104.0,Model A,1987,59 years 07 months,535000.0,653 YISHUN AVE 4,760653,1.42307981422748,103.839666794518,2026-07-07
234625,2026-07,YISHUN,4 ROOM,335C,YISHUN ST 31,04 TO 06,92.0,Model A,2015,88 years 06 months,560000.0,335C YISHUN ST 31,763335,1.432487770141122,103.8443673684046,2026-07-07
234490,2026-07,YISHUN,4 ROOM,250,YISHUN AVE 9,07 TO 09,84.0,Simplified,1985,57 years 11 months,457000.0,250 YISHUN AVE 9,760250,1.43553062556873,103.84167355912,2026-07-07
234563,2026-07,YISHUN,4 ROOM,139,YISHUN RING RD,01 TO 03,98.0,New Generation,1984,57 years 04 months,508888.0,139 YISHUN RING RD,760139,1.43165616021317,103.831319107107,2026-07-07
234564,2026-07,YISHUN,4 ROOM,450,YISHUN RING RD,10 TO 12,92.0,Model A,2012,85 years 02 months,623000.0,450 YISHUN RING RD,760450,1.42204534847417,103.84402117894,2026-07-07
234594,2026-07,YISHUN,4 ROOM,205,YISHUN ST 21,01 TO 03,92.0,New Generation,1985,57 years 07 months,510000.0,205 YISHUN ST 21,760205,1.43106560031808,103.836307087652,2026-07-07
234608,2026-07,YISHUN,4 ROOM,263,YISHUN ST 22,10 TO 12,104.0,Model A,1986,59 years,498000.0,263 YISHUN ST 22,760263,1.436162980652364,103.8391111268154,2026-07-07
234609,2026-07,YISHUN,4 ROOM,273,YISHUN ST 22,10 TO 12,104.0,Model A,1986,59 years 01 month,265000.0,273 YISHUN ST 22,760273,1.43768538064724,103.839676978317,2026-07-07
233507,2026-07,WOODLANDS,4 ROOM,887A,WOODLANDS DR 50,04 TO 06,92.0,Premium Apartment,2015,87 years 08 months,632000.0,887A WOODLANDS DR 50,731887,1.437192165410666,103.7938908769387,2026-07-07
233444,2026-07,WOODLANDS,4 ROOM,543,WOODLANDS DR 16,04 TO 06,101.0,Model A,2000,73 years,590000.0,543 WOODLANDS DR 16,730543,1.428314925345357,103.7937345058307,2026-07-07
231975,2026-07,TAMPINES,4 ROOM,263,TAMPINES ST 21,01 TO 03,105.0,Model A,1984,57 years 04 months,560000.0,263 TAMPINES ST 21,520263,1.353306029542211,103.9511443329593,2026-07-07
233443,2026-07,WOODLANDS,4 ROOM,575,WOODLANDS DR 16,10 TO 12,86.0,Model A2,2000,73 years 06 months,542000.0,575 WOODLANDS DR 16,730575,1.431187204422852,103.7972377290005,2026-07-07
232352,2026-07,TAMPINES,5 ROOM,613A,TAMPINES NTH DR 1,13 TO 15,113.0,Improved,2020,93 years 04 months,945000.0,613A TAMPINES NTH DR 1,521613,1.3657934916842,103.935322892026,2026-07-07
232367,2026-07,TAMPINES,5 ROOM,257,TAMPINES ST 21,07 TO 09,126.0,Improved,1985,57 years 08 months,685000.0,257 TAMPINES ST 21,520257,1.35376054012844,103.949939708912,2026-07-07
232373,2026-07,TAMPINES,5 ROOM,279,TAMPINES ST 22,04 TO 06,133.0,Model A,1985,57 years 07 months,640000.0,279 TAMPINES ST 22,520279,1.34629229402625,103.9516861097891,2026-07-07
232374,2026-07,TAMPINES,5 ROOM,279,TAMPINES ST 22,07 TO 09,139.0,Model A,1985,57 years 07 months,720000.0,279 TAMPINES ST 22,520279,1.34629229402625,103.9516861097891,2026-07-07
232390,2026-07,TAMPINES,5 ROOM,383,TAMPINES ST 32,01 TO 03,126.0,Improved,1993,66 years 03 months,765000.0,383 TAMPINES ST 32,520383,1.35409826800948,103.958266922353,2026-07-07
232405,2026-07,TAMPINES,5 ROOM,359,TAMPINES ST 34,01 TO 03,121.0,Improved,1996,68 years 09 months,740000.0,359 TAMPINES ST 34,520359,1.35588169299314,103.961638534274,2026-07-07
232411,2026-07,TAMPINES,5 ROOM,432,TAMPINES ST 41,07 TO 09,122.0,Improved,1986,58 years 10 months,735000.0,432 TAMPINES ST 41,520432,1.35887571395227,103.950535549557,2026-07-07
232452,2026-07,TAMPINES,5 ROOM,605A,TAMPINES ST 61,07 TO 09,112.0,Improved,2020,92 years 08 months,880888.0,605A TAMPINES ST 61,521605,1.362409810263535,103.9356005009676,2026-07-07
232453,2026-07,TAMPINES,5 ROOM,621B,TAMPINES ST 61,07 TO 09,113.0,Improved,2022,94 years 07 months,985000.0,621B TAMPINES ST 61,522621,1.360944654718365,103.9393998564484,2026-07-07
232454,2026-07,TAMPINES,5 ROOM,618A,TAMPINES ST 61,04 TO 06,113.0,Improved,2021,94 years 04 months,905000.0,618A TAMPINES ST 61,521618,1.36233452000448,103.938797272274,2026-07-07
232455,2026-07,TAMPINES,5 ROOM,620A,TAMPINES ST 61,10 TO 12,113.0,Improved,2021,94 years 04 months,935000.0,620A TAMPINES ST 61,521620,1.36140989325615,103.938855008855,2026-07-07
232456,2026-07,TAMPINES,5 ROOM,606B,TAMPINES ST 61,01 TO 03,112.0,Improved,2020,92 years 08 months,865000.0,606B TAMPINES ST 61,522606,1.36230165817252,103.937401758053,2026-07-07
232457,2026-07,TAMPINES,5 ROOM,619A,TAMPINES ST 61,07 TO 09,113.0,Improved,2021,94 years 04 months,955000.0,619A TAMPINES ST 61,521619,1.36188585365471,103.938687143654,2026-07-07
232509,2026-07,TAMPINES,5 ROOM,874B,TAMPINES ST 85,04 TO 06,113.0,Improved,2021,94 years 04 months,880000.0,874B TAMPINES ST 85,522874,1.354271124953098,103.930267258528,2026-07-07
232510,2026-07,TAMPINES,5 ROOM,874C,TAMPINES ST 85,10 TO 12,113.0,Improved,2021,94 years 04 months,930888.0,874C TAMPINES ST 85,523874,1.35400040425842,103.930940838158,2026-07-07
232323,2026-07,TAMPINES,5 ROOM,523C,TAMPINES CTRL 7,07 TO 09,113.0,Improved,2015,88 years 02 months,978888.0,523C TAMPINES CTRL 7,523523,1.35988670789408,103.9388700186566,2026-07-07
232322,2026-07,TAMPINES,5 ROOM,515A,TAMPINES CTRL 7,16 TO 18,109.0,DBSS,2008,81 years 07 months,1068888.0,515A TAMPINES CTRL 7,521515,1.356965573995879,103.9383830412605,2026-07-07
232304,2026-07,TAMPINES,5 ROOM,486A,TAMPINES AVE 9,07 TO 09,127.0,Improved,1993,66 years 03 months,735000.0,486A TAMPINES AVE 9,520486,1.359765735007543,103.9574163151055,2026-07-07
232106,2026-07,TAMPINES,4 ROOM,619A,TAMPINES ST 61,16 TO 18,93.0,Model A,2021,94 years 04 months,840000.0,619A TAMPINES ST 61,521619,1.36188585365471,103.938687143654,2026-07-07
231986,2026-07,TAMPINES,4 ROOM,283,TAMPINES ST 22,01 TO 03,105.0,Model A,1984,57 years 03 months,570000.0,283 TAMPINES ST 22,520283,1.34862955734174,103.952853471968,2026-07-07
231987,2026-07,TAMPINES,4 ROOM,286,TAMPINES ST 22,04 TO 06,103.0,Model A,1984,57 years,618000.0,286 TAMPINES ST 22,520286,1.34953667920762,103.952988196976,2026-07-07
231988,2026-07,TAMPINES,4 ROOM,281,TAMPINES ST 22,01 TO 03,103.0,Model A,1984,57 years 06 months,585000.0,281 TAMPINES ST 22,520281,1.34717701419788,103.952587239176,2026-07-07
232030,2026-07,TAMPINES,4 ROOM,418,TAMPINES ST 41,01 TO 03,105.0,Model A,1985,58 years,620000.0,418 TAMPINES ST 41,520418,1.358272213187106,103.9473089490584,2026-07-07
232066,2026-07,TAMPINES,4 ROOM,498H,TAMPINES ST 45,07 TO 09,106.0,Premium Apartment,1997,69 years 10 months,640000.0,498H TAMPINES ST 45,526498,1.362957914968056,103.9575152573389,2026-07-07
232105,2026-07,TAMPINES,4 ROOM,606C,TAMPINES ST 61,01 TO 03,92.0,Model A,2020,92 years 08 months,723000.0,606C TAMPINES ST 61,523606,1.36189172236248,103.9375069202608,2026-07-07
232107,2026-07,TAMPINES,4 ROOM,621B,TAMPINES ST 61,10 TO 12,93.0,Model A,2022,94 years 07 months,850000.0,621B TAMPINES ST 61,522621,1.360944654718365,103.9393998564484,2026-07-07
232259,2026-07,TAMPINES,5 ROOM,102,SIMEI ST 1,07 TO 09,122.0,Improved,1988,61 years 05 months,783558.0,102 SIMEI ST 1,520102,1.34134724976252,103.951355074928,2026-07-07
232125,2026-07,TAMPINES,4 ROOM,724,TAMPINES ST 71,10 TO 12,103.0,Model A,1997,70 years 02 months,680000.0,724 TAMPINES ST 71,520724,1.35684229419395,103.934951160364,2026-07-07
232136,2026-07,TAMPINES,4 ROOM,741,TAMPINES ST 72,10 TO 12,101.0,Model A,1997,70 years 06 months,695000.0,741 TAMPINES ST 72,520741,1.36001177722698,103.933043781914,2026-07-07
232176,2026-07,TAMPINES,4 ROOM,886,TAMPINES ST 83,07 TO 09,104.0,Model A,1988,60 years 10 months,635888.0,886 TAMPINES ST 83,520886,1.351048571298989,103.9320570602537,2026-07-07
232177,2026-07,TAMPINES,4 ROOM,841,TAMPINES ST 83,07 TO 09,84.0,Simplified,1986,59 years,555000.0,841 TAMPINES ST 83,520841,1.35160924133047,103.934497019359,2026-07-07
232203,2026-07,TAMPINES,4 ROOM,874B,TAMPINES ST 85,04 TO 06,93.0,Model A,2021,94 years 04 months,740000.0,874B TAMPINES ST 85,522874,1.354271124953098,103.930267258528,2026-07-07
232216,2026-07,TAMPINES,4 ROOM,871B,TAMPINES ST 86,04 TO 06,94.0,Model A,2017,89 years 08 months,720000.0,871B TAMPINES ST 86,522871,1.35651147306916,103.931956767677,2026-07-07
232515,2026-07,TAMPINES,5 ROOM,871C,TAMPINES ST 86,13 TO 15,114.0,Improved,2017,89 years 08 months,898000.0,871C TAMPINES ST 86,523871,1.35670900289357,103.931385349285,2026-07-07
232534,2026-07,TAMPINES,EXECUTIVE,938,TAMPINES AVE 5,01 TO 03,146.0,Maisonette,1988,61 years 04 months,1020000.0,938 TAMPINES AVE 5,520938,1.347904499442667,103.9417253784691,2026-07-07
232542,2026-07,TAMPINES,EXECUTIVE,892A,TAMPINES AVE 8,10 TO 12,139.0,Apartment,1997,69 years 09 months,1010000.0,892A TAMPINES AVE 8,521892,1.348776693088847,103.9296945214173,2026-07-07
233177,2026-07,WOODLANDS,3 ROOM,131,MARSILING RISE,07 TO 09,60.0,Improved,1985,57 years 07 months,387000.0,131 MARSILING RISE,730131,1.43847983955609,103.778613439344,2026-07-07
233054,2026-07,TOA PAYOH,5 ROOM,238,LOR 1 TOA PAYOH,10 TO 12,120.0,Improved,1986,59 years 01 month,910000.0,238 LOR 1 TOA PAYOH,310238,1.340210062401504,103.8515746343883,2026-07-07
233068,2026-07,TOA PAYOH,5 ROOM,138A,LOR 1A TOA PAYOH,25 TO 27,114.0,DBSS,2012,84 years 11 months,1550000.0,138A LOR 1A TOA PAYOH,311138,1.33671098513786,103.845472945511,2026-07-07
233077,2026-07,TOA PAYOH,5 ROOM,84,LOR 2 TOA PAYOH,10 TO 12,125.0,Improved,1997,70 years,1158000.0,84 LOR 2 TOA PAYOH,310084,1.335221457638583,103.8476535975731,2026-07-07
233101,2026-07,TOA PAYOH,EXECUTIVE,21,JOO SENG RD,07 TO 09,146.0,Maisonette,1988,61 years 03 months,980000.0,21 JOO SENG RD,360021,1.333960732189791,103.8805818311544,2026-07-07
233150,2026-07,WOODLANDS,3 ROOM,6,MARSILING DR,10 TO 12,65.0,Improved,1976,48 years 07 months,332000.0,6 MARSILING DR,730006,1.442072976441061,103.7763539905305,2026-07-07
233151,2026-07,WOODLANDS,3 ROOM,1,MARSILING DR,07 TO 09,65.0,Improved,1974,47 years 01 month,315000.0,1 MARSILING DR,730001,1.440671098602458,103.7757399452122,2026-07-07
233238,2026-07,WOODLANDS,3 ROOM,313,WOODLANDS ST 31,10 TO 12,73.0,Model A,1993,66 years 03 months,450000.0,313 WOODLANDS ST 31,730313,1.43080387256595,103.776172390442,2026-07-07
232993,2026-07,TOA PAYOH,4 ROOM,120,POTONG PASIR AVE 1,10 TO 12,96.0,New Generation,1984,57 years 04 months,648000.0,120 POTONG PASIR AVE 1,350120,1.33545353246777,103.863387980398,2026-07-07
233269,2026-07,WOODLANDS,4 ROOM,205,MARSILING DR,13 TO 15,91.0,New Generation,1980,53 years 04 months,435000.0,205 MARSILING DR,730205,1.444946146044309,103.7734841265667,2026-07-07
233299,2026-07,WOODLANDS,4 ROOM,570A,WOODLANDS AVE 1,01 TO 03,92.0,Model A,2013,86 years 05 months,588000.0,570A WOODLANDS AVE 1,731570,1.43058343799569,103.790845778879,2026-07-07
233302,2026-07,WOODLANDS,4 ROOM,347,WOODLANDS AVE 3,04 TO 06,84.0,Simplified,1988,60 years 11 months,480000.0,347 WOODLANDS AVE 3,730347,1.43319140316565,103.781594917057,2026-07-07
233377,2026-07,WOODLANDS,4 ROOM,737,WOODLANDS CIRCLE,10 TO 12,91.0,Model A2,1998,70 years 08 months,520000.0,737 WOODLANDS CIRCLE,730737,1.4436783632097,103.796822911109,2026-07-07
233378,2026-07,WOODLANDS,4 ROOM,743,WOODLANDS CIRCLE,04 TO 06,91.0,Model A2,1997,70 years 04 months,485000.0,743 WOODLANDS CIRCLE,730743,1.44373361822384,103.79631194039,2026-07-07
233397,2026-07,WOODLANDS,4 ROOM,780C,WOODLANDS CRES,13 TO 15,92.0,Model A,2015,88 years 01 month,600888.0,780C WOODLANDS CRES,733780,1.44911111477951,103.801346682135,2026-07-07
233041,2026-07,TOA PAYOH,5 ROOM,106A,BIDADARI PK DR,04 TO 06,114.0,Improved,2020,93 years 02 months,1350000.0,106A BIDADARI PK DR,341106,1.334138999917462,103.8712597150516,2026-07-07
232987,2026-07,TOA PAYOH,4 ROOM,220,LOR 8 TOA PAYOH,01 TO 03,82.0,Improved,1976,49 years,410000.0,220 LOR 8 TOA PAYOH,310220,1.34261673404284,103.856454868244,2026-07-07
232543,2026-07,TAMPINES,EXECUTIVE,893,TAMPINES AVE 8,04 TO 06,140.0,Apartment,1997,69 years 09 months,950000.0,893 TAMPINES AVE 8,520893,1.34847087534367,103.930228303778,2026-07-07
232829,2026-07,TOA PAYOH,3 ROOM,205,TOA PAYOH NTH,10 TO 12,65.0,Improved,1973,46 years 01 month,385000.0,205 TOA PAYOH NTH,310205,1.34220948332494,103.847727620222,2026-07-07
232582,2026-07,TAMPINES,EXECUTIVE,495C,TAMPINES ST 43,07 TO 09,146.0,Apartment,1994,66 years 07 months,945000.0,495C TAMPINES ST 43,522495,1.36323870680687,103.9516246793845,2026-07-07
232583,2026-07,TAMPINES,EXECUTIVE,495E,TAMPINES ST 43,04 TO 06,146.0,Apartment,1994,66 years 07 months,920000.0,495E TAMPINES ST 43,524495,1.3640424824533,103.952424391016,2026-07-07
232613,2026-07,TOA PAYOH,2 ROOM,161,LOR 1 TOA PAYOH,04 TO 06,41.0,Improved,1972,44 years 07 months,290000.0,161 LOR 1 TOA PAYOH,310161,1.33050932305378,103.845003635197,2026-07-07
232711,2026-07,TOA PAYOH,3 ROOM,159,LOR 1 TOA PAYOH,04 TO 06,65.0,Improved,1972,44 years 07 months,360000.0,159 LOR 1 TOA PAYOH,310159,1.3307454292856,103.845601223103,2026-07-07
232712,2026-07,TOA PAYOH,3 ROOM,124,LOR 1 TOA PAYOH,07 TO 09,79.0,Improved,1970,42 years 07 months,400000.0,124 LOR 1 TOA PAYOH,310124,1.33864876713615,103.844627302235,2026-07-07
232821,2026-07,TOA PAYOH,3 ROOM,263,TOA PAYOH EAST,34 TO 36,68.0,Model A,2019,92 years 06 months,700000.0,263 TOA PAYOH EAST,310263,1.33296386438488,103.855447426238,2026-07-07
232834,2026-07,TOA PAYOH,3 ROOM,5,UPP ALJUNIED LANE,07 TO 09,57.0,Standard,1968,41 years 01 month,303000.0,5 UPP ALJUNIED LANE,360005,1.33372865982665,103.879898473982,2026-07-07
232986,2026-07,TOA PAYOH,4 ROOM,227,LOR 8 TOA PAYOH,04 TO 06,82.0,Improved,1976,48 years 11 months,410000.0,227 LOR 8 TOA PAYOH,310227,1.33951514445795,103.857970837281,2026-07-07
232852,2026-07,TOA PAYOH,4 ROOM,115A,ALKAFF CRES,13 TO 15,93.0,Model A,2020,93 years 06 months,1135000.0,115A ALKAFF CRES,341115,1.336452836103959,103.8727609396794,2026-07-07
232853,2026-07,TOA PAYOH,4 ROOM,118A,ALKAFF CRES,13 TO 15,93.0,Model A,2020,93 years 06 months,1028000.0,118A ALKAFF CRES,341118,1.33649028446747,103.873777299654,2026-07-07
232907,2026-07,TOA PAYOH,4 ROOM,103B,BIDADARI PK DR,04 TO 06,93.0,Model A,2021,94 years,1020000.0,103B BIDADARI PK DR,342103,1.335089454203733,103.8713372798048,2026-07-07
232914,2026-07,TOA PAYOH,4 ROOM,9,JOO SENG RD,07 TO 09,93.0,Model A,2017,89 years 08 months,935000.0,9 JOO SENG RD,360009,1.33494820274271,103.879540608882,2026-07-07
232967,2026-07,TOA PAYOH,4 ROOM,146,LOR 2 TOA PAYOH,19 TO 21,86.0,Model A,2006,78 years 07 months,943000.0,146 LOR 2 TOA PAYOH,310146,1.334664094645531,103.846451369821,2026-07-07
232985,2026-07,TOA PAYOH,4 ROOM,222,LOR 8 TOA PAYOH,01 TO 03,82.0,Improved,1976,48 years 09 months,429000.0,222 LOR 8 TOA PAYOH,310222,1.34177310664554,103.856039796964,2026-07-07
228598,2026-07,PASIR RIS,4 ROOM,766,PASIR RIS ST 71,04 TO 06,105.0,Model A,1996,69 years 04 months,628000.0,766 PASIR RIS ST 71,510766,1.375947588670488,103.9360008783569,2026-07-07
228811,2026-07,PASIR RIS,EXECUTIVE,780,PASIR RIS ST 71,04 TO 06,143.0,Apartment,1996,69 years 02 months,950000.0,780 PASIR RIS ST 71,510780,1.37357662492441,103.937791292514,2026-07-07
228563,2026-07,PASIR RIS,4 ROOM,524A,PASIR RIS ST 51,04 TO 06,93.0,Model A,2015,88 years 01 month,740000.0,524A PASIR RIS ST 51,511524,1.37127969347365,103.94771493702,2026-07-07
224387,2026-07,BUKIT MERAH,4 ROOM,102,HENDERSON CRES,04 TO 06,80.0,Standard,1970,43 years 01 month,448000.0,102 HENDERSON CRES,150102,1.290366187147006,103.8215770844501,2026-07-07
224399,2026-07,BUKIT MERAH,4 ROOM,95C,HENDERSON RD,10 TO 12,93.0,Model A,2019,91 years 11 months,1060000.0,95C HENDERSON RD,153095,1.28740640570626,103.822053233106,2026-07-07
224405,2026-07,BUKIT MERAH,4 ROOM,109,JLN BT MERAH,07 TO 09,104.0,Model A,1984,57 years 01 month,728000.0,109 JLN BT MERAH,160109,1.27942671435022,103.826086916123,2026-07-07
224423,2026-07,BUKIT MERAH,4 ROOM,21,JLN MEMBINA,07 TO 09,90.0,Model A,2003,76 years 03 months,945000.0,21 JLN MEMBINA,163021,1.28508656289053,103.825782815048,2026-07-07
224426,2026-07,BUKIT MERAH,4 ROOM,38,JLN RUMAH TINGGI,01 TO 03,100.0,Model A,1997,70 years,790000.0,38 JLN RUMAH TINGGI,150038,1.288633659159216,103.8096439014944,2026-07-07
224429,2026-07,BUKIT MERAH,4 ROOM,120,KIM TIAN PL,01 TO 03,90.0,Model A,2001,73 years 08 months,850000.0,120 KIM TIAN PL,160120,1.282955039804139,103.8279833195386,2026-07-07
224444,2026-07,BUKIT MERAH,4 ROOM,119D,KIM TIAN RD,16 TO 18,92.0,Model A,2002,75 years 04 months,960000.0,119D KIM TIAN RD,164119,1.281945983612319,103.8279110938674,2026-07-07
224451,2026-07,BUKIT MERAH,4 ROOM,52,LENGKOK BAHRU,07 TO 09,84.0,Simplified,1986,59 years 06 months,665000.0,52 LENGKOK BAHRU,150052,1.288487133946479,103.8133515131027,2026-07-07
224472,2026-07,BUKIT MERAH,4 ROOM,24,TELOK BLANGAH CRES,10 TO 12,82.0,Improved,1975,47 years 11 months,517000.0,24 TELOK BLANGAH CRES,90024,1.275409490627689,103.8206605418259,2026-07-07
224495,2026-07,BUKIT MERAH,4 ROOM,58,TELOK BLANGAH HTS,10 TO 12,91.0,New Generation,1976,49 years 03 months,530888.0,58 TELOK BLANGAH HTS,100058,1.274922927474318,103.8134080669861,2026-07-07
224524,2026-07,BUKIT MERAH,4 ROOM,93A,TELOK BLANGAH ST 31,07 TO 09,93.0,Model A,2018,91 years 06 months,868000.0,93A TELOK BLANGAH ST 31,101093,1.27532809461587,103.807323119129,2026-07-07
224525,2026-07,BUKIT MERAH,4 ROOM,93A,TELOK BLANGAH ST 31,07 TO 09,93.0,Model A,2018,91 years 06 months,935000.0,93A TELOK BLANGAH ST 31,101093,1.27532809461587,103.807323119129,2026-07-07
224526,2026-07,BUKIT MERAH,4 ROOM,90A,TELOK BLANGAH ST 31,13 TO 15,93.0,Model A,2018,91 years 06 months,888888.0,90A TELOK BLANGAH ST 31,101090,1.27773457800288,103.807093263136,2026-07-07
224547,2026-07,BUKIT MERAH,5 ROOM,2,DELTA AVE,13 TO 15,122.0,Improved,1985,58 years 03 months,930000.0,2 DELTA AVE,161002,1.29173412228908,103.82802613443,2026-07-07
224561,2026-07,BUKIT MERAH,5 ROOM,53,HAVELOCK RD,31 TO 33,114.0,Improved,2013,85 years 11 months,1468888.0,53 HAVELOCK RD,161053,1.289336653963606,103.8289203454509,2026-07-07
224608,2026-07,BUKIT MERAH,5 ROOM,74A,REDHILL RD,07 TO 09,115.0,Improved,2005,78 years 05 months,1280000.0,74A REDHILL RD,151074,1.287963807176708,103.8162430887132,2026-07-07
224398,2026-07,BUKIT MERAH,4 ROOM,95B,HENDERSON RD,37 TO 39,83.0,Model A,2019,91 years 11 months,988000.0,95B HENDERSON RD,152095,1.286977038991679,103.8215588323034,2026-07-07
224381,2026-07,BUKIT MERAH,4 ROOM,57,HAVELOCK RD,28 TO 30,89.0,Model A,2013,85 years 11 months,1110000.0,57 HAVELOCK RD,161057,1.290138585171476,103.8284532933704,2026-07-07
225464,2026-07,CHOA CHU KANG,4 ROOM,1,TECK WHYE AVE,10 TO 12,103.0,Model A,1984,57 years 04 months,518000.0,1 TECK WHYE AVE,680001,1.38253882861956,103.751710905678,2026-07-07
224380,2026-07,BUKIT MERAH,4 ROOM,57,HAVELOCK RD,01 TO 03,94.0,Model A,2013,85 years 11 months,900000.0,57 HAVELOCK RD,161057,1.290138585171476,103.8284532933704,2026-07-07
223870,2026-07,BUKIT BATOK,4 ROOM,165,BT BATOK WEST AVE 8,01 TO 03,104.0,Model A,1984,57 years 04 months,485000.0,165 BT BATOK WEST AVE 8,650165,1.34731985631578,103.741974986591,2026-07-07
223871,2026-07,BUKIT BATOK,4 ROOM,464B,BT BATOK WEST AVE 8,04 TO 06,93.0,Model A,2021,94 years 02 months,660000.0,464B BT BATOK WEST AVE 8,652464,1.3579967815657,103.742102165928,2026-07-07
223921,2026-07,BUKIT BATOK,4 ROOM,449A,BT BATOK WEST AVE 9,13 TO 15,93.0,Model A,2019,91 years 09 months,698888.0,449A BT BATOK WEST AVE 9,651449,1.35234861922854,103.74151018118,2026-07-07
223922,2026-07,BUKIT BATOK,4 ROOM,468A,BT BATOK WEST AVE 9,13 TO 15,93.0,Model A,2021,94 years 01 month,698000.0,468A BT BATOK WEST AVE 9,651468,1.35649522522916,103.742712657002,2026-07-07
223999,2026-07,BUKIT BATOK,5 ROOM,388,BT BATOK WEST AVE 5,13 TO 15,110.0,Improved,2005,77 years 07 months,668888.0,388 BT BATOK WEST AVE 5,650388,1.364850175617118,103.7521617724991,2026-07-07
224000,2026-07,BUKIT BATOK,5 ROOM,435C,BT BATOK WEST AVE 5,07 TO 09,113.0,Improved,2020,92 years 08 months,780000.0,435C BT BATOK WEST AVE 5,653435,1.358301939628108,103.739753503555,2026-07-07
224026,2026-07,BUKIT BATOK,5 ROOM,452A,BT BATOK WEST AVE 6,04 TO 06,115.0,Improved,2019,91 years 09 months,838000.0,452A BT BATOK WEST AVE 6,651452,1.35265343215969,103.7425730960856,2026-07-07
224027,2026-07,BUKIT BATOK,5 ROOM,453B,BT BATOK WEST AVE 6,07 TO 09,115.0,Improved,2019,91 years 09 months,818000.0,453B BT BATOK WEST AVE 6,652453,1.35202191803833,103.742688635431,2026-07-07
224079,2026-07,BUKIT BATOK,5 ROOM,464A,BT BATOK WEST AVE 8,07 TO 09,113.0,Improved,2021,94 years 01 month,795000.0,464A BT BATOK WEST AVE 8,651464,1.35737021414307,103.741749681703,2026-07-07
224080,2026-07,BUKIT BATOK,5 ROOM,440C,BT BATOK WEST AVE 8,01 TO 03,112.0,Improved,2019,91 years 09 months,760000.0,440C BT BATOK WEST AVE 8,653440,1.35513827041,103.737861245907,2026-07-07
224088,2026-07,BUKIT BATOK,5 ROOM,467B,BT BATOK WEST AVE 9,04 TO 06,113.0,Improved,2021,94 years 01 month,799000.0,467B BT BATOK WEST AVE 9,652467,1.35614011912775,103.743163785285,2026-07-07
224100,2026-07,BUKIT BATOK,EXECUTIVE,222,BT BATOK EAST AVE 3,04 TO 06,141.0,Apartment,1985,57 years 07 months,680000.0,222 BT BATOK EAST AVE 3,650222,1.3478485406884,103.754034926985,2026-07-07
224150,2026-07,BUKIT MERAH,3 ROOM,36,BEO CRES,07 TO 09,59.0,Standard,1971,44 years 01 month,408000.0,36 BEO CRES,160036,1.28835977080874,103.8270569110962,2026-07-07
224228,2026-07,BUKIT MERAH,3 ROOM,133,JLN BT MERAH,04 TO 06,59.0,Improved,1983,56 years 02 months,373000.0,133 JLN BT MERAH,160133,1.27955093259631,103.82740093837,2026-07-07
224247,2026-07,BUKIT MERAH,3 ROOM,46,SENG POH RD,01 TO 03,88.0,Standard,1973,45 years 07 months,850000.0,46 SENG POH RD,161046,1.284003916665385,103.8315297755186,2026-07-07
224613,2026-07,BUKIT MERAH,5 ROOM,106,SPOTTISWOODE PK RD,19 TO 21,124.0,Standard,1979,52 years 04 months,900000.0,106 SPOTTISWOODE PK RD,80106,1.273566738463435,103.8340581560302,2026-07-07
224614,2026-07,BUKIT MERAH,5 ROOM,106,SPOTTISWOODE PK RD,16 TO 18,124.0,Standard,1979,52 years 04 months,915000.0,106 SPOTTISWOODE PK RD,80106,1.273566738463435,103.8340581560302,2026-07-07
224624,2026-07,BUKIT MERAH,5 ROOM,85,TELOK BLANGAH HTS,07 TO 09,110.0,Improved,2003,75 years 09 months,950000.0,85 TELOK BLANGAH HTS,100085,1.27722253855698,103.808720443177,2026-07-07
224631,2026-07,BUKIT PANJANG,2 ROOM,488,SEGAR RD,04 TO 06,47.0,Model A,2014,87 years 06 months,355000.0,488 SEGAR RD,670488,1.38952670931463,103.771409031633,2026-07-07
225133,2026-07,CENTRAL AREA,4 ROOM,1E,CANTONMENT RD,07 TO 09,95.0,Type S1,2011,83 years 07 months,1240000.0,1E CANTONMENT RD,85501,1.27662168427368,103.841156142262,2026-07-07
225156,2026-07,CENTRAL AREA,5 ROOM,1C,CANTONMENT RD,16 TO 18,107.0,Type S2,2011,83 years 07 months,1510000.0,1C CANTONMENT RD,85301,1.27744909387079,103.841666679651,2026-07-07
225219,2026-07,CHOA CHU KANG,4 ROOM,808A,CHOA CHU KANG AVE 1,10 TO 12,92.0,Model A,2017,89 years 10 months,586000.0,808A CHOA CHU KANG AVE 1,681808,1.3754798756659,103.745373277908,2026-07-07
225220,2026-07,CHOA CHU KANG,4 ROOM,808D,CHOA CHU KANG AVE 1,07 TO 09,92.0,Model A,2017,89 years 10 months,610000.0,808D CHOA CHU KANG AVE 1,684808,1.37488445323866,103.745409019573,2026-07-07
225244,2026-07,CHOA CHU KANG,4 ROOM,411,CHOA CHU KANG AVE 3,01 TO 03,112.0,Model A,1992,64 years 11 months,560000.0,411 CHOA CHU KANG AVE 3,680411,1.38105980228791,103.741260166437,2026-07-07
225274,2026-07,CHOA CHU KANG,4 ROOM,421,CHOA CHU KANG AVE 4,04 TO 06,104.0,Model A,1992,64 years 11 months,545000.0,421 CHOA CHU KANG AVE 4,680421,1.38177896881885,103.7407475019027,2026-07-07
225275,2026-07,CHOA CHU KANG,4 ROOM,423,CHOA CHU KANG AVE 4,10 TO 12,104.0,Model A,1992,64 years 11 months,590000.0,423 CHOA CHU KANG AVE 4,680423,1.3820241469387,103.740310723833,2026-07-07
225314,2026-07,CHOA CHU KANG,4 ROOM,485D,CHOA CHU KANG AVE 5,07 TO 09,100.0,Model A,1999,72 years,525000.0,485D CHOA CHU KANG AVE 5,684485,1.375199146410147,103.7389660776489,2026-07-07
225315,2026-07,CHOA CHU KANG,4 ROOM,476B,CHOA CHU KANG AVE 5,10 TO 12,92.0,Model A,2013,86 years 01 month,569000.0,476B CHOA CHU KANG AVE 5,682476,1.37711823495119,103.737558566927,2026-07-07
228512,2026-07,PASIR RIS,4 ROOM,474,PASIR RIS DR 6,01 TO 03,105.0,Model A,1989,62 years 06 months,640000.0,474 PASIR RIS DR 6,510474,1.3747414028881,103.956621651363,2026-07-07
225363,2026-07,CHOA CHU KANG,4 ROOM,669,CHOA CHU KANG CRES,10 TO 12,103.0,Premium Apartment,1999,72 years 04 months,550000.0,669 CHOA CHU KANG CRES,680669,1.402923616467279,103.7482686554465,2026-07-07
225364,2026-07,CHOA CHU KANG,4 ROOM,691A,CHOA CHU KANG CRES,13 TO 15,91.0,Model A,2003,76 years,520000.0,691A CHOA CHU KANG CRES,681691,1.40115779753493,103.7514717094675,2026-07-07
225365,2026-07,CHOA CHU KANG,4 ROOM,668,CHOA CHU KANG CRES,04 TO 06,102.0,Model A,1999,72 years,535000.0,668 CHOA CHU KANG CRES,680668,1.40174073824515,103.749496155327,2026-07-07
225403,2026-07,CHOA CHU KANG,4 ROOM,572,CHOA CHU KANG ST 52,10 TO 12,92.0,Model A,2015,87 years 07 months,618000.0,572 CHOA CHU KANG ST 52,680572,1.39371762095466,103.745303811777,2026-07-07
225413,2026-07,CHOA CHU KANG,4 ROOM,770,CHOA CHU KANG ST 54,01 TO 03,105.0,Model A,1996,69 years 04 months,505000.0,770 CHOA CHU KANG ST 54,680770,1.394838730628055,103.7503524495002,2026-07-07
225064,2026-07,BUKIT TIMAH,5 ROOM,5,TOH YI DR,07 TO 09,127.0,Improved,1989,62 years,1300000.0,5 TOH YI DR,590005,1.338202367859458,103.7745226262929,2026-07-07
225054,2026-07,BUKIT TIMAH,5 ROOM,1,QUEEN'S RD,16 TO 18,123.0,Standard,1974,46 years 10 months,1020000.0,1 QUEEN'S RD,260001,1.31726629524359,103.806782877524,2026-07-07
225016,2026-07,BUKIT PANJANG,EXECUTIVE,503,JELAPANG RD,13 TO 15,141.0,Apartment,1998,70 years 09 months,890000.0,503 JELAPANG RD,670503,1.3841841461098,103.766434636885,2026-07-07
224885,2026-07,BUKIT PANJANG,4 ROOM,631,SENJA RD,25 TO 27,93.0,Premium Apartment,2004,77 years 04 months,618000.0,631 SENJA RD,670631,1.386478066626196,103.7602564690333,2026-07-07
224648,2026-07,BUKIT PANJANG,3 ROOM,442B,FAJAR RD,07 TO 09,68.0,Model A,2016,89 years 06 months,473000.0,442B FAJAR RD,672442,1.38143384735951,103.771366304235,2026-07-07
224735,2026-07,BUKIT PANJANG,4 ROOM,443A,FAJAR RD,16 TO 18,93.0,Model A,2016,89 years 06 months,670888.0,443A FAJAR RD,671443,1.381466363697313,103.7697667364784,2026-07-07
224742,2026-07,BUKIT PANJANG,4 ROOM,172,GANGSA RD,19 TO 21,101.0,Model A,1997,70 years 06 months,665000.0,172 GANGSA RD,670172,1.379445265636329,103.766667077399,2026-07-07
224772,2026-07,BUKIT PANJANG,4 ROOM,182,JELEBU RD,19 TO 21,90.0,Premium Apartment,2003,75 years 11 months,810000.0,182 JELEBU RD,670182,1.37984403992366,103.763409218035,2026-07-07
224783,2026-07,BUKIT PANJANG,4 ROOM,226,PENDING RD,04 TO 06,84.0,Simplified,1987,59 years 11 months,455000.0,226 PENDING RD,670226,1.37523655617182,103.772368431232,2026-07-07
224841,2026-07,BUKIT PANJANG,4 ROOM,460,SEGAR RD,13 TO 15,93.0,Premium Apartment,2015,88 years 02 months,620000.0,460 SEGAR RD,670460,1.38725146572543,103.772083507035,2026-07-07
224886,2026-07,BUKIT PANJANG,4 ROOM,629,SENJA RD,25 TO 27,90.0,Premium Apartment,2004,77 years 04 months,605000.0,629 SENJA RD,670629,1.386528023735587,103.7592789807461,2026-07-07
225015,2026-07,BUKIT PANJANG,EXECUTIVE,544,JELAPANG RD,01 TO 03,142.0,Maisonette,1999,72 years 01 month,940000.0,544 JELAPANG RD,670544,1.382058449462549,103.7640154243685,2026-07-07
224887,2026-07,BUKIT PANJANG,4 ROOM,601,SENJA RD,04 TO 06,91.0,Model A2,1999,71 years 09 months,645000.0,601 SENJA RD,670601,1.38191601013855,103.762499853661,2026-07-07
224888,2026-07,BUKIT PANJANG,4 ROOM,626,SENJA RD,22 TO 24,93.0,Premium Apartment,2005,77 years 09 months,610000.0,626 SENJA RD,670626,1.38547480834709,103.759880549321,2026-07-07
224940,2026-07,BUKIT PANJANG,5 ROOM,184,JELEBU RD,25 TO 27,113.0,Premium Apartment,2003,75 years 11 months,960000.0,184 JELEBU RD,670184,1.379710958128687,103.762440084954,2026-07-07
224972,2026-07,BUKIT PANJANG,5 ROOM,549B,SEGAR RD,13 TO 15,112.0,Improved,2015,88 years 06 months,760000.0,549B SEGAR RD,672549,1.389737285842983,103.7678402286131,2026-07-07
224973,2026-07,BUKIT PANJANG,5 ROOM,467,SEGAR RD,07 TO 09,110.0,Premium Apartment,2002,74 years 10 months,570000.0,467 SEGAR RD,670467,1.38698243415701,103.773788455756,2026-07-07
225014,2026-07,BUKIT PANJANG,EXECUTIVE,529,JELAPANG RD,13 TO 15,145.0,Apartment,1999,71 years 08 months,945000.0,529 JELAPANG RD,670529,1.385922970212277,103.7646135460828,2026-07-07
223869,2026-07,BUKIT BATOK,4 ROOM,443B,BT BATOK WEST AVE 8,01 TO 03,92.0,Model A,2019,91 years 09 months,570888.0,443B BT BATOK WEST AVE 8,652443,1.35612327530865,103.737831166898,2026-07-07
223868,2026-07,BUKIT BATOK,4 ROOM,441B,BT BATOK WEST AVE 8,13 TO 15,92.0,Model A,2019,91 years 09 months,695000.0,441B BT BATOK WEST AVE 8,652441,1.356003272282386,103.7385491013924,2026-07-07
223867,2026-07,BUKIT BATOK,4 ROOM,461A,BT BATOK WEST AVE 8,10 TO 12,93.0,Model A,2019,92 years 03 months,700000.0,461A BT BATOK WEST AVE 8,651461,1.35492017502697,103.7399731600669,2026-07-07
223064,2026-07,BEDOK,5 ROOM,506,BEDOK NTH AVE 3,01 TO 03,119.0,Improved,1978,51 years 05 months,630000.0,506 BEDOK NTH AVE 3,460506,1.332142808162863,103.9337202235733,2026-07-07
222678,2026-07,BEDOK,3 ROOM,504,BEDOK NTH ST 3,13 TO 15,70.0,Improved,1978,50 years 10 months,395000.0,504 BEDOK NTH ST 3,460504,1.33188000305479,103.932389359044,2026-07-07
222720,2026-07,BEDOK,3 ROOM,144,BEDOK RESERVOIR RD,01 TO 03,64.0,Simplified,1987,59 years 08 months,430000.0,144 BEDOK RESERVOIR RD,470144,1.334869768729878,103.9125268249751,2026-07-07
222721,2026-07,BEDOK,3 ROOM,610,BEDOK RESERVOIR RD,01 TO 03,67.0,New Generation,1982,55 years 01 month,400000.0,610 BEDOK RESERVOIR RD,470610,1.33084879115082,103.912214924772,2026-07-07
222722,2026-07,BEDOK,3 ROOM,744,BEDOK RESERVOIR RD,04 TO 06,82.0,New Generation,1986,59 years 01 month,505000.0,744 BEDOK RESERVOIR RD,470744,1.33786042639305,103.921663304068,2026-07-07
222744,2026-07,BEDOK,3 ROOM,18,BEDOK STH RD,13 TO 15,65.0,Improved,1976,48 years 08 months,392000.0,18 BEDOK STH RD,460018,1.320625048712809,103.9347342224278,2026-07-07
222745,2026-07,BEDOK,3 ROOM,71,BEDOK STH RD,07 TO 09,67.0,New Generation,1978,50 years 07 months,408000.0,71 BEDOK STH RD,460071,1.320416017366189,103.942732310081,2026-07-07
222753,2026-07,BEDOK,3 ROOM,32,CHAI CHEE AVE,01 TO 03,65.0,Improved,1974,46 years 07 months,360000.0,32 CHAI CHEE AVE,461032,1.323717283877492,103.9250010845097,2026-07-07
222754,2026-07,BEDOK,3 ROOM,32,CHAI CHEE AVE,13 TO 15,65.0,Improved,1974,46 years 07 months,360000.0,32 CHAI CHEE AVE,461032,1.323717283877492,103.9250010845097,2026-07-07
222774,2026-07,BEDOK,3 ROOM,807A,CHAI CHEE RD,01 TO 03,68.0,Model A,2016,89 years 05 months,568000.0,807A CHAI CHEE RD,461807,1.32707387863852,103.923188202853,2026-07-07
222824,2026-07,BEDOK,4 ROOM,103,BEDOK NTH AVE 4,07 TO 09,91.0,New Generation,1977,50 years 01 month,540000.0,103 BEDOK NTH AVE 4,460103,1.33348258777759,103.937542520091,2026-07-07
222825,2026-07,BEDOK,4 ROOM,92,BEDOK NTH AVE 4,01 TO 03,94.0,New Generation,1979,52 years,500000.0,92 BEDOK NTH AVE 4,460092,1.33244414877355,103.941297978178,2026-07-07
222869,2026-07,BEDOK,4 ROOM,108,BEDOK NTH RD,04 TO 06,91.0,New Generation,1977,50 years 01 month,600000.0,108 BEDOK NTH RD,460108,1.33274009226511,103.936223519694,2026-07-07
222952,2026-07,BEDOK,4 ROOM,723,BEDOK RESERVOIR RD,04 TO 06,111.0,Model A,1984,57 years 02 months,630000.0,723 BEDOK RESERVOIR RD,470723,1.33695439373089,103.928960561768,2026-07-07
223017,2026-07,BEDOK,4 ROOM,153B,BEDOK STH RD,04 TO 06,93.0,Model A,2022,94 years 10 months,900000.0,153B BEDOK STH RD,462153,1.31906119758746,103.946370356432,2026-07-07
223029,2026-07,BEDOK,4 ROOM,59,CHAI CHEE RD,01 TO 03,105.0,Model A,1984,56 years 07 months,515000.0,59 CHAI CHEE RD,460059,1.32488916644196,103.920246730461,2026-07-07
222677,2026-07,BEDOK,3 ROOM,504,BEDOK NTH ST 3,04 TO 06,59.0,Improved,1978,50 years 10 months,380000.0,504 BEDOK NTH ST 3,460504,1.33188000305479,103.932389359044,2026-07-07
222621,2026-07,BEDOK,3 ROOM,125,BEDOK NTH RD,07 TO 09,67.0,New Generation,1978,50 years 11 months,390000.0,125 BEDOK NTH RD,460125,1.32884321524242,103.939123687022,2026-07-07
222582,2026-07,BEDOK,3 ROOM,401,BEDOK NTH AVE 3,04 TO 06,67.0,New Generation,1979,52 years,395000.0,401 BEDOK NTH AVE 3,460401,1.330981734618791,103.9336046217553,2026-07-07
222422,2026-07,ANG MO KIO,4 ROOM,227A,ANG MO KIO ST 23,10 TO 12,93.0,Model A,2021,94 years 03 months,1018000.0,227A ANG MO KIO ST 23,561227,1.36824620116561,103.840106392919,2026-07-07
222163,2026-07,ANG MO KIO,3 ROOM,441,ANG MO KIO AVE 10,10 TO 12,67.0,New Generation,1979,51 years 07 months,396000.0,441 ANG MO KIO AVE 10,560441,1.36605027829032,103.854168309853,2026-07-07
222206,2026-07,ANG MO KIO,3 ROOM,322,ANG MO KIO AVE 3,04 TO 06,73.0,New Generation,1977,50 years,438000.0,322 ANG MO KIO AVE 3,560322,1.36835858820173,103.847745828569,2026-07-07
222233,2026-07,ANG MO KIO,3 ROOM,631,ANG MO KIO AVE 4,04 TO 06,67.0,New Generation,1985,57 years 07 months,420000.0,631 ANG MO KIO AVE 4,560631,1.3795572819161,103.840735651035,2026-07-07
222279,2026-07,ANG MO KIO,3 ROOM,590A,ANG MO KIO ST 51,04 TO 06,68.0,Model A,2019,91 years 08 months,720000.0,590A ANG MO KIO ST 51,561590,1.37122178516983,103.853853154442,2026-07-07
222319,2026-07,ANG MO KIO,4 ROOM,561,ANG MO KIO AVE 10,13 TO 15,92.0,New Generation,1980,52 years 07 months,526500.0,561 ANG MO KIO AVE 10,560561,1.37057765782635,103.857854578394,2026-07-07
222383,2026-07,ANG MO KIO,4 ROOM,260B,ANG MO KIO ST 21,16 TO 18,93.0,Model A,2018,91 years,1030000.0,260B ANG MO KIO ST 21,562260,1.368864099629016,103.8339542006296,2026-07-07
222423,2026-07,ANG MO KIO,4 ROOM,228A,ANG MO KIO ST 23,13 TO 15,96.0,Model A,2021,94 years 03 months,1000000.0,228A ANG MO KIO ST 23,561228,1.36803452348308,103.839425598882,2026-07-07
222581,2026-07,BEDOK,3 ROOM,401,BEDOK NTH AVE 3,01 TO 03,67.0,New Generation,1979,52 years,405000.0,401 BEDOK NTH AVE 3,460401,1.330981734618791,103.9336046217553,2026-07-07
222434,2026-07,ANG MO KIO,4 ROOM,350,ANG MO KIO ST 32,16 TO 18,95.0,Model A,2001,74 years 06 months,850000.0,350 ANG MO KIO ST 32,560350,1.36371311763063,103.850044231877,2026-07-07
222453,2026-07,ANG MO KIO,4 ROOM,596B,ANG MO KIO ST 52,04 TO 06,93.0,Model A,2002,75 years 06 months,740000.0,596B ANG MO KIO ST 52,562596,1.37205123278789,103.850545847531,2026-07-07
222474,2026-07,ANG MO KIO,5 ROOM,458,ANG MO KIO AVE 10,04 TO 06,120.0,Improved,1980,52 years 07 months,717000.0,458 ANG MO KIO AVE 10,560458,1.36656815236771,103.859626843322,2026-07-07
222541,2026-07,BEDOK,2 ROOM,113,BEDOK NTH ST 2,04 TO 06,44.0,Improved,1978,51 years,330000.0,113 BEDOK NTH ST 2,460113,1.33036165024598,103.935081017472,2026-07-07
222570,2026-07,BEDOK,3 ROOM,550,BEDOK NTH AVE 1,07 TO 09,82.0,New Generation,1980,53 years,455000.0,550 BEDOK NTH AVE 1,460550,1.3326931795279,103.926617402908,2026-07-07
222576,2026-07,BEDOK,3 ROOM,418,BEDOK NTH AVE 2,01 TO 03,67.0,New Generation,1978,51 years 05 months,420000.0,418 BEDOK NTH AVE 2,460418,1.32856421177174,103.930036524233,2026-07-07
223052,2026-07,BEDOK,5 ROOM,553,BEDOK NTH AVE 1,10 TO 12,121.0,Improved,1980,53 years,623000.0,553 BEDOK NTH AVE 1,460553,1.33149366261597,103.927818703986,2026-07-07
223125,2026-07,BEDOK,5 ROOM,63,CHAI CHEE RD,04 TO 06,133.0,Model A,1984,56 years 10 months,690000.0,63 CHAI CHEE RD,460063,1.326067963835177,103.9214498858871,2026-07-07
223866,2026-07,BUKIT BATOK,4 ROOM,445A,BT BATOK WEST AVE 8,16 TO 18,92.0,Model A,2019,91 years 07 months,725000.0,445A BT BATOK WEST AVE 8,651445,1.350974191190702,103.7392402582162,2026-07-07
223140,2026-07,BEDOK,5 ROOM,651,JLN TENAGA,07 TO 09,126.0,Improved,1996,69 years 04 months,865000.0,651 JLN TENAGA,410651,1.3321924321125,103.907363528438,2026-07-07
223502,2026-07,BUKIT BATOK,3 ROOM,311,BT BATOK ST 32,01 TO 03,64.0,Simplified,1988,60 years 08 months,385000.0,311 BT BATOK ST 32,650311,1.360082515007195,103.748341653201,2026-07-07
223516,2026-07,BUKIT BATOK,3 ROOM,341,BT BATOK ST 34,04 TO 06,73.0,Model A,1986,58 years 10 months,408000.0,341 BT BATOK ST 34,650341,1.36280451951487,103.749157203985,2026-07-07
223582,2026-07,BUKIT BATOK,3 ROOM,176,BT BATOK WEST AVE 8,01 TO 03,73.0,Model A,1984,57 years 06 months,390000.0,176 BT BATOK WEST AVE 8,650176,1.346023414697075,103.741411023838,2026-07-07
223611,2026-07,BUKIT BATOK,3 ROOM,460A,BT BATOK WEST AVE 9,16 TO 18,68.0,Model A,2020,92 years 11 months,540000.0,460A BT BATOK WEST AVE 9,651460,1.354260460456079,103.7393097476919,2026-07-07
223612,2026-07,BUKIT BATOK,3 ROOM,467A,BT BATOK WEST AVE 9,10 TO 12,68.0,Model A,2021,94 years 01 month,518000.0,467A BT BATOK WEST AVE 9,651467,1.35651860042533,103.743862528559,2026-07-07
223613,2026-07,BUKIT BATOK,3 ROOM,468A,BT BATOK WEST AVE 9,13 TO 15,68.0,Model A,2021,94 years 01 month,520000.0,468A BT BATOK WEST AVE 9,651468,1.35649522522916,103.742712657002,2026-07-07
223623,2026-07,BUKIT BATOK,4 ROOM,625,BT BATOK CTRL,04 TO 06,102.0,Model A,1997,70 years,640000.0,625 BT BATOK CTRL,650625,1.35138112759435,103.748585289075,2026-07-07
223663,2026-07,BUKIT BATOK,4 ROOM,293C,BT BATOK ST 21,25 TO 27,92.0,Model A,2019,91 years 07 months,806800.0,293C BT BATOK ST 21,653293,1.345370934794352,103.7549894477498,2026-07-07
223681,2026-07,BUKIT BATOK,4 ROOM,290A,BT BATOK ST 24,16 TO 18,103.0,Model A,1998,70 years 08 months,630000.0,290A BT BATOK ST 24,652290,1.34326273087543,103.756531451656,2026-07-07
223686,2026-07,BUKIT BATOK,4 ROOM,289E,BT BATOK ST 25,07 TO 09,102.0,Model A,1998,70 years 07 months,610000.0,289E BT BATOK ST 25,654289,1.344210302086709,103.7592054583151,2026-07-07
223697,2026-07,BUKIT BATOK,4 ROOM,364,BT BATOK ST 31,07 TO 09,99.0,New Generation,1987,60 years 02 months,545000.0,364 BT BATOK ST 31,650364,1.36066491115595,103.749321018638,2026-07-07
223712,2026-07,BUKIT BATOK,4 ROOM,321,BT BATOK ST 33,10 TO 12,98.0,New Generation,1986,58 years 09 months,520000.0,321 BT BATOK ST 33,650321,1.361316993233773,103.7477412153089,2026-07-07
223760,2026-07,BUKIT BATOK,4 ROOM,384,BT BATOK WEST AVE 5,25 TO 27,90.0,Model A,2005,77 years 07 months,600888.0,384 BT BATOK WEST AVE 5,650384,1.362932636796429,103.7521942073048,2026-07-07
223761,2026-07,BUKIT BATOK,4 ROOM,383,BT BATOK WEST AVE 5,25 TO 27,90.0,Model A,2005,77 years 08 months,595000.0,383 BT BATOK WEST AVE 5,650383,1.36232315228541,103.752217152725,2026-07-07
223803,2026-07,BUKIT BATOK,4 ROOM,194B,BT BATOK WEST AVE 6,19 TO 21,92.0,Premium Apartment,2017,90 years 01 month,798000.0,194B BT BATOK WEST AVE 6,652194,1.34513283900191,103.744861953262,2026-07-07
223495,2026-07,BUKIT BATOK,3 ROOM,367,BT BATOK ST 31,07 TO 09,68.0,New Generation,1987,60 years 01 month,426000.0,367 BT BATOK ST 31,650367,1.36033274170697,103.749691516072,2026-07-07
223468,2026-07,BUKIT BATOK,3 ROOM,163,BT BATOK ST 11,10 TO 12,73.0,Model A,1985,57 years 07 months,398000.0,163 BT BATOK ST 11,650163,1.34814949552612,103.742658130106,2026-07-07
223453,2026-07,BUKIT BATOK,3 ROOM,264,BT BATOK EAST AVE 4,07 TO 09,73.0,Model A,1985,57 years 11 months,415000.0,264 BT BATOK EAST AVE 4,650264,1.349910258397131,103.7590401635876,2026-07-07
223268,2026-07,BISHAN,4 ROOM,243,BISHAN ST 22,10 TO 12,105.0,Model A,1992,65 years 02 months,958000.0,243 BISHAN ST 22,570243,1.361084979743003,103.8446356461446,2026-07-07
223164,2026-07,BEDOK,EXECUTIVE,10E,BEDOK STH AVE 2,07 TO 09,144.0,Apartment,1993,65 years 11 months,1138000.0,10E BEDOK STH AVE 2,464010,1.321620093460099,103.937040959341,2026-07-07
223168,2026-07,BEDOK,EXECUTIVE,167,BEDOK STH AVE 3,04 TO 06,146.0,Maisonette,1986,58 years 10 months,1150000.0,167 BEDOK STH AVE 3,460167,1.31963968622666,103.944965230243,2026-07-07
223173,2026-07,BEDOK,EXECUTIVE,108,LENGKONG TIGA,07 TO 09,150.0,Maisonette,1989,61 years 08 months,1220000.0,108 LENGKONG TIGA,410108,1.32456370966495,103.91013096847,2026-07-07
223203,2026-07,BISHAN,3 ROOM,22,SIN MING RD,04 TO 06,68.0,Improved,1973,46 years 04 months,350000.0,22 SIN MING RD,570022,1.357284441082401,103.8393966799517,2026-07-07
223233,2026-07,BISHAN,4 ROOM,112,BISHAN ST 12,01 TO 03,104.0,Model A,1985,58 years,710000.0,112 BISHAN ST 12,570112,1.346810297821676,103.8490410605394,2026-07-07
223267,2026-07,BISHAN,4 ROOM,243,BISHAN ST 22,01 TO 03,105.0,Model A,1992,65 years 02 months,788000.0,243 BISHAN ST 22,570243,1.361084979743003,103.8446356461446,2026-07-07
223269,2026-07,BISHAN,4 ROOM,285,BISHAN ST 22,13 TO 15,108.0,Model A,1992,65 years 02 months,880000.0,285 BISHAN ST 22,570285,1.35884086169807,103.843854009321,2026-07-07
223452,2026-07,BUKIT BATOK,3 ROOM,269,BT BATOK EAST AVE 4,07 TO 09,64.0,Simplified,1986,59 years 04 months,393000.0,269 BT BATOK EAST AVE 4,650269,1.348757884192207,103.7594516952529,2026-07-07
223305,2026-07,BISHAN,4 ROOM,449,SIN MING AVE,10 TO 12,103.0,Model A,1990,62 years 09 months,750000.0,449 SIN MING AVE,570449,1.358081062846551,103.8307905960194,2026-07-07
223320,2026-07,BISHAN,5 ROOM,144,BISHAN ST 12,04 TO 06,123.0,Improved,1988,61 years 02 months,899999.0,144 BISHAN ST 12,570144,1.345941268151141,103.8533221201063,2026-07-07
223338,2026-07,BISHAN,5 ROOM,167,BISHAN ST 13,04 TO 06,122.0,Improved,1988,61 years 04 months,970000.0,167 BISHAN ST 13,570167,1.34800341123895,103.855395747158,2026-07-07
223376,2026-07,BISHAN,EXECUTIVE,208,BISHAN ST 23,01 TO 03,146.0,Maisonette,1992,64 years 11 months,1190000.0,208 BISHAN ST 23,570208,1.354927171992644,103.8485451264262,2026-07-07
223377,2026-07,BISHAN,EXECUTIVE,231,BISHAN ST 23,01 TO 03,146.0,Maisonette,1992,64 years 11 months,1088888.0,231 BISHAN ST 23,570231,1.35729122854977,103.845845690555,2026-07-07
223433,2026-07,BUKIT BATOK,2 ROOM,460C,BT BATOK WEST AVE 9,04 TO 06,48.0,2-room,2020,92 years 11 months,365000.0,460C BT BATOK WEST AVE 9,653460,1.353326619214367,103.7393358512927,2026-07-07
225419,2026-07,CHOA CHU KANG,4 ROOM,626,CHOA CHU KANG ST 62,10 TO 12,100.0,Model A,1997,69 years 11 months,588000.0,626 CHOA CHU KANG ST 62,680626,1.39832082870875,103.745878081637,2026-07-07
225362,2026-07,CHOA CHU KANG,4 ROOM,660,CHOA CHU KANG CRES,04 TO 06,104.0,Premium Apartment,1999,71 years 10 months,480000.0,660 CHOA CHU KANG CRES,680660,1.401022357515994,103.7498624470523,2026-07-07
225543,2026-07,CHOA CHU KANG,5 ROOM,484C,CHOA CHU KANG AVE 5,07 TO 09,117.0,Improved,1999,71 years 10 months,605000.0,484C CHOA CHU KANG AVE 5,683484,1.375492600490042,103.73687123842,2026-07-07
227605,2026-07,JURONG WEST,4 ROOM,820,JURONG WEST ST 81,01 TO 03,112.0,Model A,1993,66 years 06 months,510000.0,820 JURONG WEST ST 81,640820,1.34633229610859,103.695188410921,2026-07-07
227415,2026-07,JURONG WEST,4 ROOM,366,CORPORATION DR,01 TO 03,102.0,Model A,1997,70 years 02 months,518000.0,366 CORPORATION DR,610366,1.33789108289201,103.71968139193,2026-07-07
227431,2026-07,JURONG WEST,4 ROOM,488,JURONG WEST AVE 1,01 TO 03,92.0,New Generation,1985,57 years 08 months,459888.0,488 JURONG WEST AVE 1,640488,1.34908194843027,103.72619549188,2026-07-07
227517,2026-07,JURONG WEST,4 ROOM,622,JURONG WEST ST 61,01 TO 03,91.0,Model A,2001,73 years 08 months,535000.0,622 JURONG WEST ST 61,640622,1.340513135460732,103.6988816394186,2026-07-07
227518,2026-07,JURONG WEST,4 ROOM,650C,JURONG WEST ST 61,16 TO 18,91.0,Model A,2000,73 years 04 months,575000.0,650C JURONG WEST ST 61,643650,1.33842157723306,103.696385676366,2026-07-07
227519,2026-07,JURONG WEST,4 ROOM,645,JURONG WEST ST 61,13 TO 15,100.0,Model A,1998,71 years 03 months,585000.0,645 JURONG WEST ST 61,640645,1.33903532010243,103.696461338372,2026-07-07
227584,2026-07,JURONG WEST,4 ROOM,737,JURONG WEST ST 75,07 TO 09,105.0,Model A,1995,68 years 02 months,540000.0,737 JURONG WEST ST 75,640737,1.34674600665671,103.701159880168,2026-07-07
227679,2026-07,JURONG WEST,4 ROOM,166B,YUNG KUANG RD,13 TO 15,93.0,Model A,2018,91 years 04 months,632000.0,166B YUNG KUANG RD,612166,1.3312465772439,103.722255844894,2026-07-07
227861,2026-07,JURONG WEST,5 ROOM,732,JURONG WEST ST 73,13 TO 15,135.0,Model A,1995,68 years,680000.0,732 JURONG WEST ST 73,640732,1.34584119966198,103.699605445991,2026-07-07
227701,2026-07,JURONG WEST,5 ROOM,197D,BOON LAY DR,04 TO 06,113.0,Improved,2015,87 years 10 months,750888.0,197D BOON LAY DR,644197,1.34360788485586,103.713869400316,2026-07-07
227704,2026-07,JURONG WEST,5 ROOM,367,CORPORATION DR,01 TO 03,122.0,Improved,1997,70 years 02 months,580000.0,367 CORPORATION DR,610367,1.33769782307079,103.719145674511,2026-07-07
227711,2026-07,JURONG WEST,5 ROOM,443,JURONG WEST AVE 1,04 TO 06,133.0,Model A,1985,57 years 10 months,650000.0,443 JURONG WEST AVE 1,640443,1.351802537115992,103.7203941451752,2026-07-07
227738,2026-07,JURONG WEST,5 ROOM,271C,JURONG WEST ST 24,13 TO 15,112.0,Premium Apartment,2003,76 years 04 months,615000.0,271C JURONG WEST ST 24,643271,1.35015314493401,103.704293139292,2026-07-07
227791,2026-07,JURONG WEST,5 ROOM,639,JURONG WEST ST 61,01 TO 03,122.0,Improved,1998,71 years 01 month,600000.0,639 JURONG WEST ST 61,640639,1.340695717208441,103.6968843255223,2026-07-07
227816,2026-07,JURONG WEST,5 ROOM,662B,JURONG WEST ST 64,01 TO 03,110.0,Improved,2001,74 years 01 month,635888.0,662B JURONG WEST ST 64,642662,1.3370195046718,103.703388248137,2026-07-07
227300,2026-07,JURONG WEST,3 ROOM,484,JURONG WEST AVE 1,04 TO 06,67.0,New Generation,1985,58 years 01 month,370000.0,484 JURONG WEST AVE 1,640484,1.34820888556575,103.726357754906,2026-07-07
227275,2026-07,JURONG WEST,3 ROOM,215,BOON LAY PL,07 TO 09,66.0,Improved,1974,47 years 04 months,341000.0,215 BOON LAY PL,640215,1.34868437470615,103.7123598441063,2026-07-07
227274,2026-07,JURONG WEST,3 ROOM,208,BOON LAY PL,19 TO 21,65.0,Improved,1976,49 years 05 months,335000.0,208 BOON LAY PL,640208,1.347003673670845,103.7142164135844,2026-07-07
227237,2026-07,JURONG WEST,3 ROOM,187,BOON LAY AVE,16 TO 18,59.0,Improved,1978,51 years 01 month,300000.0,187 BOON LAY AVE,640187,1.345057735889348,103.7106998027552,2026-07-07
227219,2026-07,JURONG WEST,2 ROOM,150A,CORPORATION DR,07 TO 09,47.0,2-room,2019,91 years 11 months,353000.0,150A CORPORATION DR,611150,1.32675346321679,103.722161196654,2026-07-07
227215,2026-07,JURONG WEST,2 ROOM,180A,BOON LAY DR,10 TO 12,47.0,Model A,2014,86 years 11 months,365000.0,180A BOON LAY DR,641180,1.34761769756975,103.708643921054,2026-07-07
227209,2026-07,JURONG EAST,EXECUTIVE,285C,TOH GUAN RD,01 TO 03,144.0,Maisonette,1998,71 years 05 months,900000.0,285C TOH GUAN RD,603285,1.33788841388717,103.7466040561235,2026-07-07
227172,2026-07,JURONG EAST,5 ROOM,21,TEBAN GDNS RD,04 TO 06,118.0,Improved,2013,86 years 03 months,700000.0,21 TEBAN GDNS RD,600021,1.323680649239433,103.7391561565111,2026-07-07
227130,2026-07,JURONG EAST,5 ROOM,332,JURONG EAST AVE 1,13 TO 15,134.0,Model A,1985,58 years 04 months,685000.0,332 JURONG EAST AVE 1,600332,1.35159123927227,103.73019605105,2026-07-07
227110,2026-07,JURONG EAST,4 ROOM,53,TEBAN GDNS RD,10 TO 12,83.0,Simplified,1986,59 years 06 months,460000.0,53 TEBAN GDNS RD,600053,1.32137709718444,103.737577593659,2026-07-07
227109,2026-07,JURONG EAST,4 ROOM,24,TEBAN GDNS RD,01 TO 03,99.0,Model A,1993,66 years 01 month,480000.0,24 TEBAN GDNS RD,600024,1.323496352561132,103.7378842271512,2026-07-07
227108,2026-07,JURONG EAST,4 ROOM,22,TEBAN GDNS RD,25 TO 27,92.0,Model A,2013,86 years 03 months,615000.0,22 TEBAN GDNS RD,600022,1.322772390244516,103.7397142992537,2026-07-07
227077,2026-07,JURONG EAST,4 ROOM,243,JURONG EAST ST 24,01 TO 03,97.0,New Generation,1983,55 years 08 months,505000.0,243 JURONG EAST ST 24,600243,1.34206406490646,103.7433066561146,2026-07-07
227057,2026-07,JURONG EAST,3 ROOM,20,TEBAN GDNS RD,01 TO 03,72.0,Model A,2013,86 years 03 months,450000.0,20 TEBAN GDNS RD,600020,1.32378355041705,103.7385183842,2026-07-07
227015,2026-07,JURONG EAST,3 ROOM,261,JURONG EAST ST 24,10 TO 12,67.0,New Generation,1983,55 years 09 months,380000.0,261 JURONG EAST ST 24,600261,1.34449568862198,103.740401081749,2026-07-07
227014,2026-07,JURONG EAST,3 ROOM,249,JURONG EAST ST 24,07 TO 09,67.0,New Generation,1983,55 years 07 months,422000.0,249 JURONG EAST ST 24,600249,1.34256242291848,103.739259690369,2026-07-07
227013,2026-07,JURONG EAST,3 ROOM,264,JURONG EAST ST 24,10 TO 12,68.0,New Generation,1983,55 years 10 months,390000.0,264 JURONG EAST ST 24,600264,1.343828697174946,103.7416541631772,2026-07-07
227817,2026-07,JURONG WEST,5 ROOM,664A,JURONG WEST ST 64,04 TO 06,110.0,Improved,2000,73 years 01 month,700000.0,664A JURONG WEST ST 64,641664,1.33920641630237,103.703397452008,2026-07-07
227889,2026-07,JURONG WEST,5 ROOM,840,JURONG WEST ST 81,04 TO 06,127.0,Improved,1993,66 years,598000.0,840 JURONG WEST ST 81,640840,1.344019655090372,103.6922408918723,2026-07-07
226992,2026-07,JURONG EAST,3 ROOM,211,JURONG EAST ST 21,01 TO 03,67.0,New Generation,1983,55 years 10 months,387000.0,211 JURONG EAST ST 21,600211,1.33866911059386,103.740292528065,2026-07-07
228422,2026-07,MARINE PARADE,5 ROOM,29,MARINE CRES,22 TO 24,120.0,Standard,1975,47 years 09 months,1100000.0,29 MARINE CRES,440029,1.3028498362788,103.913197165824,2026-07-07
228300,2026-07,KALLANG/WHAMPOA,4 ROOM,8B,UPP BOON KENG RD,19 TO 21,88.0,Premium Apartment,2017,90 years 01 month,1250000.0,8B UPP BOON KENG RD,382008,1.31234447247545,103.8698982992443,2026-07-07
228304,2026-07,KALLANG/WHAMPOA,4 ROOM,99,WHAMPOA DR,22 TO 24,91.0,Improved,1974,46 years 10 months,550000.0,99 WHAMPOA DR,320099,1.32081280371197,103.853803793872,2026-07-07
228315,2026-07,KALLANG/WHAMPOA,5 ROOM,9,BOON KENG RD,16 TO 18,119.0,DBSS,2011,83 years 07 months,1521000.0,9 BOON KENG RD,330009,1.316051181498509,103.8612186985438,2026-07-07
228325,2026-07,KALLANG/WHAMPOA,5 ROOM,54,GEYLANG BAHRU,04 TO 06,117.0,Standard,1974,47 years 01 month,650000.0,54 GEYLANG BAHRU,330054,1.323883719413369,103.8678647935071,2026-07-07
228326,2026-07,KALLANG/WHAMPOA,5 ROOM,55,GEYLANG BAHRU,19 TO 21,114.0,Standard,1974,47 years 01 month,660000.0,55 GEYLANG BAHRU,330055,1.324084641118238,103.86859054805,2026-07-07
228357,2026-07,KALLANG/WHAMPOA,5 ROOM,104,WHAMPOA DR,01 TO 03,119.0,Improved,1998,71 years 04 months,948000.0,104 WHAMPOA DR,323104,1.320799591238311,103.8533277854204,2026-07-07
228426,2026-07,MARINE PARADE,5 ROOM,79,MARINE DR,16 TO 18,117.0,Standard,1977,49 years 07 months,1100000.0,79 MARINE DR,440079,1.301533134479941,103.9078120079479,2026-07-07
227890,2026-07,JURONG WEST,5 ROOM,854,JURONG WEST ST 81,07 TO 09,123.0,Improved,1996,69 years 02 months,615000.0,854 JURONG WEST ST 81,640854,1.34731625275917,103.69606144333,2026-07-07
228428,2026-07,MARINE PARADE,5 ROOM,2,MARINE TER,19 TO 21,122.0,Standard,1975,47 years 07 months,1110000.0,2 MARINE TER,440002,1.3044676150311,103.918174087572,2026-07-07
228447,2026-07,PASIR RIS,4 ROOM,613,ELIAS RD,04 TO 06,111.0,Model A,1996,69 years 01 month,638000.0,613 ELIAS RD,510613,1.37499586404528,103.941510592544,2026-07-07
228461,2026-07,PASIR RIS,4 ROOM,530B,PASIR RIS DR 1,04 TO 06,86.0,DBSS,2015,88 years,855000.0,530B PASIR RIS DR 1,512530,1.371689538457627,103.9495021013468,2026-07-07
228462,2026-07,PASIR RIS,4 ROOM,530A,PASIR RIS DR 1,04 TO 06,86.0,DBSS,2015,87 years 11 months,775000.0,530A PASIR RIS DR 1,511530,1.37114053931458,103.949850548422,2026-07-07
228476,2026-07,PASIR RIS,4 ROOM,633,PASIR RIS DR 3,07 TO 09,104.0,Model A,1995,67 years 11 months,610000.0,633 PASIR RIS DR 3,510633,1.37800945142578,103.940686625895,2026-07-07
228511,2026-07,PASIR RIS,4 ROOM,405,PASIR RIS DR 6,07 TO 09,111.0,Model A,1989,62 years 06 months,678888.0,405 PASIR RIS DR 6,510405,1.373622502419183,103.9559322416381,2026-07-07
228206,2026-07,KALLANG/WHAMPOA,4 ROOM,813,JELLICOE RD,04 TO 06,91.0,Model A,2003,75 years 09 months,930000.0,813 JELLICOE RD,200813,1.307297672298299,103.8621105709497,2026-07-07
228201,2026-07,KALLANG/WHAMPOA,4 ROOM,9,GLOUCESTER RD,07 TO 09,91.0,New Generation,1976,49 years 05 months,648000.0,9 GLOUCESTER RD,210009,1.313586166361111,103.8516999238592,2026-07-07
228187,2026-07,KALLANG/WHAMPOA,4 ROOM,8,BOON KENG RD,16 TO 18,94.0,DBSS,2011,83 years 07 months,1070000.0,8 BOON KENG RD,330008,1.31642489627751,103.861501638313,2026-07-07
228154,2026-07,KALLANG/WHAMPOA,3 ROOM,34,WHAMPOA WEST,01 TO 03,68.0,Improved,1972,44 years 07 months,408000.0,34 WHAMPOA WEST,330034,1.320501695566084,103.8633412713669,2026-07-07
228149,2026-07,KALLANG/WHAMPOA,3 ROOM,98,WHAMPOA DR,13 TO 15,65.0,Improved,1974,46 years 09 months,355000.0,98 WHAMPOA DR,320098,1.32158068709129,103.854150953187,2026-07-07
228135,2026-07,KALLANG/WHAMPOA,3 ROOM,16,UPP BOON KENG RD,01 TO 03,65.0,Improved,1975,47 years 08 months,378000.0,16 UPP BOON KENG RD,380016,1.31543175817283,103.871651573593,2026-07-07
228134,2026-07,KALLANG/WHAMPOA,3 ROOM,8B,UPP BOON KENG RD,07 TO 09,70.0,Premium Apartment,2017,90 years 01 month,786000.0,8B UPP BOON KENG RD,382008,1.31234447247545,103.8698982992443,2026-07-07
228121,2026-07,KALLANG/WHAMPOA,3 ROOM,2,ST. GEORGE'S RD,10 TO 12,59.0,Improved,1976,48 years 11 months,400000.0,2 ST. GEORGE'S RD,322002,1.3234256745592,103.860686612229,2026-07-07
228109,2026-07,KALLANG/WHAMPOA,3 ROOM,6,ST. GEORGE'S LANE,07 TO 09,68.0,New Generation,1981,54 years,423000.0,6 ST. GEORGE'S LANE,320006,1.32328058266215,103.858879246968,2026-07-07
228095,2026-07,KALLANG/WHAMPOA,3 ROOM,467,NTH BRIDGE RD,04 TO 06,60.0,Improved,1978,51 years 04 months,473000.0,467 NTH BRIDGE RD,190467,1.30522205395223,103.862906450772,2026-07-07
228094,2026-07,KALLANG/WHAMPOA,3 ROOM,123,MCNAIR RD,13 TO 15,64.0,Simplified,1987,59 years 10 months,543000.0,123 MCNAIR RD,320123,1.31844233518161,103.856349883909,2026-07-07
228080,2026-07,KALLANG/WHAMPOA,3 ROOM,64,KALLANG BAHRU,01 TO 03,65.0,Improved,1974,46 years 07 months,400000.0,64 KALLANG BAHRU,330064,1.32034663718702,103.86834750594,2026-07-07
228027,2026-07,KALLANG/WHAMPOA,3 ROOM,463,CRAWFORD LANE,10 TO 12,60.0,Improved,1982,55 years 04 months,500000.0,463 CRAWFORD LANE,190463,1.30505411579746,103.861916751532,2026-07-07
228023,2026-07,KALLANG/WHAMPOA,3 ROOM,38B,BENDEMEER RD,07 TO 09,69.0,Model A,2012,84 years 11 months,705888.0,38B BENDEMEER RD,332038,1.32053258273429,103.866795494049,2026-07-07
227977,2026-07,JURONG WEST,EXECUTIVE,829,JURONG WEST ST 81,10 TO 12,145.0,Apartment,1993,66 years,760000.0,829 JURONG WEST ST 81,640829,1.34497742351864,103.693882164907,2026-07-07
227960,2026-07,JURONG WEST,EXECUTIVE,601,JURONG WEST ST 62,04 TO 06,134.0,Premium Apartment,2001,73 years 07 months,800000.0,601 JURONG WEST ST 62,640601,1.339661774351036,103.70013784164,2026-07-07
227929,2026-07,JURONG WEST,5 ROOM,158,YUNG LOH RD,04 TO 06,125.0,Improved,1996,68 years 09 months,650000.0,158 YUNG LOH RD,610158,1.328960824570783,103.7222795519976,2026-07-07
227012,2026-07,JURONG EAST,3 ROOM,248,JURONG EAST ST 24,07 TO 09,67.0,New Generation,1983,55 years 09 months,420000.0,248 JURONG EAST ST 24,600248,1.342273144161995,103.7401013690889,2026-07-07
227162,2026-07,JURONG EAST,5 ROOM,316,JURONG EAST ST 32,07 TO 09,135.0,Model A,1984,57 years 02 months,610000.0,316 JURONG EAST ST 32,600316,1.346006527150871,103.732079814028,2026-07-07
226954,2026-07,HOUGANG,EXECUTIVE,132,LOR AH SOO,10 TO 12,157.0,Maisonette,1984,57 years 03 months,1058000.0,132 LOR AH SOO,530132,1.350852996790973,103.8863299131595,2026-07-07
225940,2026-07,CLEMENTI,5 ROOM,336,CLEMENTI AVE 2,16 TO 18,119.0,Improved,1978,51 years 05 months,808000.0,336 CLEMENTI AVE 2,120336,1.31667943214563,103.769231150532,2026-07-07
226454,2026-07,HOUGANG,3 ROOM,660,HOUGANG AVE 8,07 TO 09,74.0,Model A,1987,60 years,478000.0,660 HOUGANG AVE 8,530660,1.37365360054461,103.882866926786,2026-07-07
226453,2026-07,HOUGANG,3 ROOM,629,HOUGANG AVE 8,07 TO 09,64.0,Simplified,1986,59 years 01 month,400000.0,629 HOUGANG AVE 8,530629,1.369954124415937,103.8812179309604,2026-07-07
226404,2026-07,HOUGANG,3 ROOM,247,HOUGANG AVE 3,07 TO 09,67.0,New Generation,1984,57 years,452500.0,247 HOUGANG AVE 3,530247,1.35916575005657,103.891524293017,2026-07-07
226381,2026-07,HOUGANG,3 ROOM,404,HOUGANG AVE 10,01 TO 03,67.0,New Generation,1985,58 years 01 month,400000.0,404 HOUGANG AVE 10,530404,1.373841867848092,103.895829596218,2026-07-07
226333,2026-07,HOUGANG,2 ROOM,995B,BUANGKOK CRES,01 TO 03,38.0,Model A,2019,92 years 03 months,360000.0,995B BUANGKOK CRES,532995,1.386368520421,103.882829663803,2026-07-07
226253,2026-07,GEYLANG,4 ROOM,42,SIMS DR,04 TO 06,104.0,Model A,1990,62 years 10 months,658000.0,42 SIMS DR,380042,1.31700019582001,103.875994635636,2026-07-07
226245,2026-07,GEYLANG,4 ROOM,55,PIPIT RD,10 TO 12,101.0,Model A,1997,70 years 06 months,828000.0,55 PIPIT RD,370055,1.32373875593209,103.888378421591,2026-07-07
226912,2026-07,HOUGANG,EXECUTIVE,357,HOUGANG AVE 7,01 TO 03,148.0,Maisonette,1985,57 years 09 months,860888.0,357 HOUGANG AVE 7,530357,1.37285850893985,103.899648655594,2026-07-07
226149,2026-07,GEYLANG,3 ROOM,316,UBI AVE 1,10 TO 12,64.0,Simplified,1985,58 years 03 months,488888.0,316 UBI AVE 1,400316,1.329429594893541,103.9027867533945,2026-07-07
226136,2026-07,GEYLANG,3 ROOM,12,PINE CL,04 TO 06,68.0,New Generation,1981,54 years 01 month,523000.0,12 PINE CL,391012,1.308478544652234,103.8822877856451,2026-07-07
226105,2026-07,GEYLANG,3 ROOM,19,EUNOS CRES,07 TO 09,65.0,Improved,1977,49 years 11 months,368000.0,19 EUNOS CRES,400019,1.324275839566438,103.9032054592246,2026-07-07
226085,2026-07,GEYLANG,3 ROOM,82B,CIRCUIT RD,01 TO 03,68.0,Model A,2020,92 years 11 months,720000.0,82B CIRCUIT RD,372082,1.32372337837322,103.8894014567555,2026-07-07
226084,2026-07,GEYLANG,3 ROOM,67,CIRCUIT RD,01 TO 03,61.0,Standard,1969,41 years 07 months,355000.0,67 CIRCUIT RD,370067,1.325848576140091,103.8879265143318,2026-07-07
225998,2026-07,GEYLANG,3 ROOM,95,ALJUNIED CRES,07 TO 09,65.0,Improved,1975,48 years 02 months,398000.0,95 ALJUNIED CRES,380095,1.32170329030889,103.886195689242,2026-07-07
225901,2026-07,CLEMENTI,4 ROOM,311B,CLEMENTI AVE 4,28 TO 30,80.0,DBSS,2014,87 years 06 months,983000.0,311B CLEMENTI AVE 4,122311,1.319446690771787,103.7656494463672,2026-07-07
226513,2026-07,HOUGANG,4 ROOM,996A,BUANGKOK CRES,01 TO 03,92.0,Model A,2019,92 years 03 months,608000.0,996A BUANGKOK CRES,531996,1.386468444499823,103.8816104809477,2026-07-07
225876,2026-07,CLEMENTI,4 ROOM,428,CLEMENTI AVE 3,10 TO 12,91.0,New Generation,1978,50 years 11 months,650000.0,428 CLEMENTI AVE 3,120428,1.31251199063401,103.763268836507,2026-07-07
225842,2026-07,CLEMENTI,4 ROOM,359,CLEMENTI AVE 2,07 TO 09,92.0,New Generation,1978,50 years 07 months,598000.0,359 CLEMENTI AVE 2,120359,1.313492924255782,103.7698547810068,2026-07-07
225835,2026-07,CLEMENTI,4 ROOM,420,CLEMENTI AVE 1,10 TO 12,92.0,Model A,2013,86 years 03 months,927000.0,420 CLEMENTI AVE 1,120420,1.31004548976462,103.769123845594,2026-07-07
225823,2026-07,CLEMENTI,4 ROOM,411,C'WEALTH AVE WEST,10 TO 12,97.0,New Generation,1978,50 years 09 months,620000.0,411 C'WEALTH AVE WEST,120411,1.31087920188873,103.769572621889,2026-07-07
225795,2026-07,CLEMENTI,3 ROOM,607,CLEMENTI WEST ST 1,04 TO 06,67.0,New Generation,1979,52 years 05 months,340000.0,607 CLEMENTI WEST ST 1,120607,1.30423592481835,103.7678533961395,2026-07-07
225730,2026-07,CLEMENTI,3 ROOM,352,CLEMENTI AVE 2,04 TO 06,67.0,New Generation,1978,51 years 03 months,400888.0,352 CLEMENTI AVE 2,120352,1.31427860227337,103.771350557894,2026-07-07
225626,2026-07,CHOA CHU KANG,5 ROOM,627,CHOA CHU KANG ST 62,04 TO 06,121.0,Improved,1997,69 years 11 months,688888.0,627 CHOA CHU KANG ST 62,680627,1.39793012120062,103.746086127522,2026-07-07
225621,2026-07,CHOA CHU KANG,5 ROOM,769,CHOA CHU KANG ST 54,04 TO 06,121.0,Improved,1996,69 years 04 months,665000.0,769 CHOA CHU KANG ST 54,680769,1.39420918139982,103.750535413456,2026-07-07
225608,2026-07,CHOA CHU KANG,5 ROOM,515,CHOA CHU KANG ST 51,07 TO 09,133.0,Model A,1995,68 years 03 months,700000.0,515 CHOA CHU KANG ST 51,680515,1.390181171709218,103.7435705615899,2026-07-07
225607,2026-07,CHOA CHU KANG,5 ROOM,509,CHOA CHU KANG ST 51,13 TO 15,133.0,Model A,1995,67 years 08 months,700000.0,509 CHOA CHU KANG ST 51,680509,1.387999957682767,103.7418182242231,2026-07-07
225599,2026-07,CHOA CHU KANG,5 ROOM,751,CHOA CHU KANG NTH 5,10 TO 12,128.0,Improved,1995,68 years,700000.0,751 CHOA CHU KANG NTH 5,680751,1.392465817261184,103.7479068898637,2026-07-07
225593,2026-07,CHOA CHU KANG,5 ROOM,687D,CHOA CHU KANG DR,19 TO 21,110.0,Improved,2003,75 years 10 months,615088.0,687D CHOA CHU KANG DR,684687,1.40368580815325,103.751581291592,2026-07-07
225586,2026-07,CHOA CHU KANG,5 ROOM,213,CHOA CHU KANG CTRL,10 TO 12,122.0,Improved,1989,61 years 10 months,655000.0,213 CHOA CHU KANG CTRL,680213,1.38217295387287,103.747211973147,2026-07-07
225582,2026-07,CHOA CHU KANG,5 ROOM,691B,CHOA CHU KANG CRES,16 TO 18,110.0,Improved,2003,75 years 11 months,600000.0,691B CHOA CHU KANG CRES,682691,1.40162672032469,103.751577560463,2026-07-07
226455,2026-07,HOUGANG,3 ROOM,932A,HOUGANG AVE 9,13 TO 15,67.0,Model A,2017,90 years 05 months,600000.0,932A HOUGANG AVE 9,531932,1.375265581112027,103.8817509573439,2026-07-07
226230,2026-07,GEYLANG,4 ROOM,45,JLN TIGA,01 TO 03,93.0,Model A,2005,77 years 11 months,840000.0,45 JLN TIGA,390045,1.30863777720455,103.884644800061,2026-07-07
226514,2026-07,HOUGANG,4 ROOM,996B,BUANGKOK CRES,13 TO 15,92.0,Model A,2019,92 years 03 months,680000.0,996B BUANGKOK CRES,532996,1.38611330718324,103.882052260458,2026-07-07
226654,2026-07,HOUGANG,4 ROOM,443,HOUGANG AVE 8,04 TO 06,103.0,Model A,1990,63 years 03 months,638000.0,443 HOUGANG AVE 8,530443,1.3794804401214,103.893201685049,2026-07-07
226897,2026-07,HOUGANG,5 ROOM,476B,UPP SERANGOON VIEW,16 TO 18,115.0,Premium Apartment,2016,88 years 09 months,992000.0,476B UPP SERANGOON VIEW,532476,1.37732845210704,103.904212191193,2026-07-07
226851,2026-07,HOUGANG,5 ROOM,964,HOUGANG AVE 9,16 TO 18,121.0,Improved,1999,72 years 03 months,798000.0,964 HOUGANG AVE 9,530964,1.377158250148935,103.8775235574495,2026-07-07
226843,2026-07,HOUGANG,5 ROOM,468,HOUGANG AVE 8,01 TO 03,136.0,Model A,1992,65 years 04 months,778000.0,468 HOUGANG AVE 8,530468,1.37372775627824,103.897221529451,2026-07-07
226786,2026-07,HOUGANG,4 ROOM,476C,UPP SERANGOON VIEW,10 TO 12,95.0,Premium Apartment,2016,88 years 09 months,828000.0,476C UPP SERANGOON VIEW,533476,1.37794957092138,103.904346035596,2026-07-07
226772,2026-07,HOUGANG,4 ROOM,471A,UPP SERANGOON CRES,04 TO 06,92.0,Model A,2015,87 years 11 months,608000.0,471A UPP SERANGOON CRES,531471,1.37814544014756,103.901767342056,2026-07-07
226771,2026-07,HOUGANG,4 ROOM,471A,UPP SERANGOON CRES,04 TO 06,92.0,Model A,2015,87 years 11 months,650000.0,471A UPP SERANGOON CRES,531471,1.37814544014756,103.901767342056,2026-07-07
226554,2026-07,HOUGANG,4 ROOM,165,HOUGANG AVE 1,04 TO 06,101.0,Model A2,1997,70 years 05 months,625000.0,165 HOUGANG AVE 1,530165,1.3502542591897,103.887795306397,2026-07-07
226727,2026-07,HOUGANG,4 ROOM,950,HOUGANG ST 91,04 TO 06,101.0,Model A,1999,71 years 11 months,598000.0,950 HOUGANG ST 91,530950,1.37559305335225,103.878761073257,2026-07-07
226705,2026-07,HOUGANG,4 ROOM,699C,HOUGANG ST 52,10 TO 12,100.0,Model A,1998,71 years 05 months,600000.0,699C HOUGANG ST 52,533699,1.37644094969567,103.888527313943,2026-07-07
226700,2026-07,HOUGANG,4 ROOM,572,HOUGANG ST 51,07 TO 09,98.0,Model A,1997,69 years 08 months,605000.0,572 HOUGANG ST 51,530572,1.3782707248829,103.88748509864,2026-07-07
234915,2026-07,YISHUN,MULTI-GENERATION,605,YISHUN ST 61,07 TO 09,163.0,Multi Generation,1988,60 years 07 months,1190000.0,605 YISHUN ST 61,760605,1.42172608902193,103.836336375801,2026-07-07
226588,2026-07,HOUGANG,4 ROOM,15,HOUGANG AVE 3,01 TO 03,82.0,Improved,1975,48 years 05 months,430000.0,15 HOUGANG AVE 3,530015,1.362657704251107,103.8919215064662,2026-07-07
226555,2026-07,HOUGANG,4 ROOM,173,HOUGANG AVE 1,10 TO 12,100.0,Model A,1997,70 years 06 months,650000.0,173 HOUGANG AVE 1,530173,1.3501246547491,103.888838230371,2026-07-07
226611,2026-07,HOUGANG,4 ROOM,532,HOUGANG AVE 6,01 TO 03,89.0,Simplified,1987,60 years 05 months,530000.0,532 HOUGANG AVE 6,530532,1.376068364688196,103.8911253109849,2026-07-07
229856,2026-07,QUEENSTOWN,3 ROOM,167,STIRLING RD,10 TO 12,60.0,Improved,1971,43 years 07 months,353000.0,167 STIRLING RD,140167,1.29003092983174,103.80260432134,2026-07-06
229523,2026-07,PUNGGOL,5 ROOM,162A,PUNGGOL CTRL,07 TO 09,114.0,Premium Apartment,2004,76 years 11 months,715000.0,162A PUNGGOL CTRL,821162,1.396366160233236,103.9142501610582,2026-07-06
234660,2026-07,YISHUN,4 ROOM,468A,YISHUN ST 43,10 TO 12,93.0,Model A,2019,92 years 05 months,600000.0,468A YISHUN ST 43,761468,1.42532389372284,103.851843638346,2026-07-06
229524,2026-07,PUNGGOL,5 ROOM,166B,PUNGGOL CTRL,04 TO 06,114.0,Premium Apartment,2004,76 years 11 months,680000.0,166B PUNGGOL CTRL,822166,1.39457812551483,103.915235013308,2026-07-06
230571,2026-07,SENGKANG,3 ROOM,418A,FERNVALE LINK,07 TO 09,68.0,Model A,2018,91 years 01 month,550000.0,418A FERNVALE LINK,791418,1.39100745746343,103.879606736157,2026-07-06
224365,2026-07,BUKIT MERAH,4 ROOM,112A,DEPOT RD,16 TO 18,100.0,Model A,2006,78 years 08 months,770000.0,112A DEPOT RD,101112,1.281476361733231,103.808148105183,2026-07-06
227745,2026-07,JURONG WEST,5 ROOM,276C,JURONG WEST ST 25,04 TO 06,111.0,Improved,2002,74 years 09 months,550000.0,276C JURONG WEST ST 25,643276,1.35323553027461,103.704442590627,2026-07-06
230268,2026-07,SEMBAWANG,4 ROOM,126C,CANBERRA ST,07 TO 09,93.0,Model A,2020,93 years 04 months,700000.0,126C CANBERRA ST,753126,1.446140612391784,103.8349646498667,2026-07-06
233943,2026-07,WOODLANDS,5 ROOM,783B,WOODLANDS RISE,04 TO 06,113.0,Improved,2018,91 years 01 month,675000.0,783B WOODLANDS RISE,732783,1.44701000965699,103.8038041161782,2026-07-06
229758,2026-07,QUEENSTOWN,3 ROOM,94,DAWSON RD,19 TO 21,63.0,Premium Apartment,2021,94 years 04 months,870000.0,94 DAWSON RD,141094,1.29627483410181,103.811206437575,2026-07-06
231976,2026-07,TAMPINES,4 ROOM,243,TAMPINES ST 21,04 TO 06,104.0,Model A,1984,57 years,653000.0,243 TAMPINES ST 21,521243,1.35419527444806,103.947122094105,2026-07-06
234718,2026-07,YISHUN,4 ROOM,714,YISHUN ST 71,04 TO 06,83.0,Simplified,1988,60 years 09 months,455000.0,714 YISHUN ST 71,760714,1.42701651708938,103.827662646467,2026-07-06
222318,2026-07,ANG MO KIO,4 ROOM,417,ANG MO KIO AVE 10,01 TO 03,99.0,New Generation,1979,52 years 02 months,545000.0,417 ANG MO KIO AVE 10,560417,1.36495953274783,103.855197097728,2026-07-06
232481,2026-07,TAMPINES,5 ROOM,898A,TAMPINES ST 81,10 TO 12,127.0,Improved,1988,61 years 06 months,830000.0,898A TAMPINES ST 81,521898,1.34681318250334,103.934887284051,2026-07-06
225581,2026-07,CHOA CHU KANG,5 ROOM,677,CHOA CHU KANG CRES,04 TO 06,122.0,Premium Apartment,1999,72 years 04 months,570000.0,677 CHOA CHU KANG CRES,680677,1.40151021475963,103.745481871107,2026-07-06
222232,2026-07,ANG MO KIO,3 ROOM,170,ANG MO KIO AVE 4,07 TO 09,61.0,Improved,1986,58 years 07 months,400000.0,170 ANG MO KIO AVE 4,560170,1.37400071781295,103.83643153142,2026-07-06
225580,2026-07,CHOA CHU KANG,5 ROOM,685B,CHOA CHU KANG CRES,01 TO 03,110.0,Improved,2002,75 years 03 months,550000.0,685B CHOA CHU KANG CRES,682685,1.40363737705198,103.748176927162,2026-07-06
222205,2026-07,ANG MO KIO,3 ROOM,345,ANG MO KIO AVE 3,01 TO 03,73.0,New Generation,1978,50 years 10 months,438000.0,345 ANG MO KIO AVE 3,560345,1.367487025099663,103.8496517239135,2026-07-06
225554,2026-07,CHOA CHU KANG,5 ROOM,812B,CHOA CHU KANG AVE 7,10 TO 12,113.0,Improved,2017,90 years 05 months,710000.0,812B CHOA CHU KANG AVE 7,682812,1.37298072773967,103.746249268178,2026-07-06
222162,2026-07,ANG MO KIO,3 ROOM,440,ANG MO KIO AVE 10,10 TO 12,67.0,New Generation,1979,51 years 07 months,440000.0,440 ANG MO KIO AVE 10,560440,1.366427898312154,103.8543114911405,2026-07-06
228306,2026-07,KALLANG/WHAMPOA,4 ROOM,110,WHAMPOA RD,07 TO 09,103.0,Model A,1997,70 years 05 months,730000.0,110 WHAMPOA RD,321110,1.326821225811215,103.8558907147579,2026-07-06
228249,2026-07,KALLANG/WHAMPOA,4 ROOM,109,MCNAIR RD,10 TO 12,104.0,Model A,1987,60 years 03 months,758000.0,109 MCNAIR RD,320109,1.32142037879584,103.859100345051,2026-07-06
231489,2026-07,SERANGOON,4 ROOM,419,SERANGOON CTRL,04 TO 06,105.0,Model A,1989,61 years 11 months,822000.0,419 SERANGOON CTRL,550419,1.34920192004095,103.875859701938,2026-07-06
233547,2026-07,WOODLANDS,4 ROOM,694B,WOODLANDS DR 62,04 TO 06,92.0,Model A,2018,91 years 03 months,628000.0,694B WOODLANDS DR 62,732694,1.43913929900172,103.804976766892,2026-07-06
227930,2026-07,JURONG WEST,5 ROOM,156,YUNG LOH RD,13 TO 15,127.0,Improved,1996,68 years 08 months,648000.0,156 YUNG LOH RD,610156,1.3278904095167,103.72178882686,2026-07-06
229407,2026-07,PUNGGOL,4 ROOM,313A,SUMANG LINK,07 TO 09,92.0,Model A,2015,88 years,700000.0,313A SUMANG LINK,821313,1.409851840969415,103.9019952839955,2026-07-06
226106,2026-07,GEYLANG,3 ROOM,19,EUNOS CRES,10 TO 12,65.0,Improved,1977,49 years 11 months,365000.0,19 EUNOS CRES,400019,1.324275839566438,103.9032054592246,2026-07-06
230769,2026-07,SENGKANG,4 ROOM,269B,COMPASSVALE LINK,07 TO 09,90.0,Premium Apartment,2006,78 years 08 months,712000.0,269B COMPASSVALE LINK,542269,1.38360114748177,103.895942493349,2026-07-06
223676,2026-07,BUKIT BATOK,4 ROOM,297,BT BATOK ST 22,04 TO 06,100.0,Model A,1997,70 years 01 month,635000.0,297 BT BATOK ST 22,650297,1.34504066504232,103.747389472119,2026-07-06
229868,2026-07,QUEENSTOWN,4 ROOM,53,C'WEALTH DR,13 TO 15,96.0,Model A,2015,87 years 08 months,1020000.0,53 C'WEALTH DR,142053,1.30205878257013,103.796581739102,2026-07-06
230768,2026-07,SENGKANG,4 ROOM,273D,COMPASSVALE LINK,04 TO 06,90.0,Premium Apartment,2009,82 years 02 months,653000.0,273D COMPASSVALE LINK,544273,1.38414098951186,103.894443272414,2026-07-06
223687,2026-07,BUKIT BATOK,4 ROOM,288D,BT BATOK ST 25,10 TO 12,92.0,Model A2,1998,70 years 10 months,608888.0,288D BT BATOK ST 25,653288,1.345803048176824,103.7592600516382,2026-07-06
228099,2026-07,KALLANG/WHAMPOA,3 ROOM,685,RACE COURSE RD,10 TO 12,63.0,Simplified,1986,58 years 07 months,553888.0,685 RACE COURSE RD,210685,1.31400583508364,103.856831276139,2026-07-06
224996,2026-07,BUKIT PANJANG,5 ROOM,623,SENJA RD,01 TO 03,110.0,Improved,2001,74 years 06 months,612000.0,623 SENJA RD,670623,1.38625610118184,103.762201338577,2026-07-06
226556,2026-07,HOUGANG,4 ROOM,232,HOUGANG AVE 1,10 TO 12,104.0,Model A,1984,57 years 05 months,670000.0,232 HOUGANG AVE 1,530232,1.35854702755579,103.888523907469,2026-07-06
224388,2026-07,BUKIT MERAH,4 ROOM,106,HENDERSON CRES,01 TO 03,81.0,Improved,1975,47 years 07 months,508000.0,106 HENDERSON CRES,150106,1.28942607947152,103.822276781927,2026-07-06
228150,2026-07,KALLANG/WHAMPOA,3 ROOM,97,WHAMPOA DR,01 TO 03,66.0,Improved,1980,53 years 01 month,385000.0,97 WHAMPOA DR,320097,1.32128020862279,103.854938084831,2026-07-06
231671,2026-07,TAMPINES,3 ROOM,235,TAMPINES ST 21,10 TO 12,74.0,Model A,1993,66 years 01 month,550000.0,235 TAMPINES ST 21,521235,1.35549080919861,103.948259265817,2026-07-06
231473,2026-07,SERANGOON,4 ROOM,331,SERANGOON AVE 3,04 TO 06,84.0,Simplified,1986,59 years,680000.0,331 SERANGOON AVE 3,550331,1.349648539997726,103.8702121880049,2026-07-06
225766,2026-07,CLEMENTI,3 ROOM,320,CLEMENTI AVE 4,01 TO 03,67.0,New Generation,1979,51 years 11 months,450000.0,320 CLEMENTI AVE 4,120320,1.316901343761,103.765310715228,2026-07-06
231488,2026-07,SERANGOON,4 ROOM,206,SERANGOON CTRL,07 TO 09,84.0,Simplified,1985,58 years 06 months,700000.0,206 SERANGOON CTRL,550206,1.353475064106842,103.8733922819026,2026-07-06
230665,2026-07,SENGKANG,4 ROOM,351D,ANCHORVALE RD,13 TO 15,92.0,Model A,2019,91 years 11 months,700000.0,351D ANCHORVALE RD,544351,1.393685060507314,103.8864074777552,2026-07-06
229339,2026-07,PUNGGOL,4 ROOM,272D,PUNGGOL WALK,07 TO 09,92.0,Premium Apartment,2014,86 years 10 months,760000.0,272D PUNGGOL WALK,824272,1.402733475308353,103.9004634753398,2026-07-03
