_id,month,town,flat_type,block,street_name,storey_range,floor_area_sqm,flat_model,lease_commence_date,remaining_lease,resale_price,address,postal,latitude,longitude,_ts
231951,2026-10,KALLANG/WHAMPOA,5 ROOM,38,UPP BOON KENG RD,22 TO 24,114.0,Standard,1976,49 years,600000.0,38 UPP BOON KENG RD,380038,1.318040810856167,103.8742228240639,2026-10-09
236426,2026-10,SENGKANG,5 ROOM,227B,COMPASSVALE DR,10 TO 12,121.0,Improved,2000,72 years 05 months,695000.0,227B COMPASSVALE DR,542227,1.387209921608415,103.9007082212941,2026-10-09
236037,2026-10,SENGKANG,4 ROOM,406C,FERNVALE RD,13 TO 15,90.0,Premium Apartment,2004,77 years 03 months,580000.0,406C FERNVALE RD,793406,1.388679048038477,103.874702601249,2026-10-09
236051,2026-10,SENGKANG,4 ROOM,471A,FERNVALE ST,07 TO 09,93.0,Model A,2016,89 years,648000.0,471A FERNVALE ST,791471,1.396040947343947,103.8807354199832,2026-10-09
236125,2026-10,SENGKANG,4 ROOM,185C,RIVERVALE CRES,13 TO 15,85.0,Model A2,2000,73 years 03 months,545000.0,185C RIVERVALE CRES,543185,1.393173695026334,103.9064944051686,2026-10-09
236147,2026-10,SENGKANG,4 ROOM,119A,RIVERVALE DR,04 TO 06,102.0,Premium Apartment,2001,73 years 06 months,528888.0,119A RIVERVALE DR,541119,1.38417530549895,103.9033836028838,2026-10-09
236166,2026-10,SENGKANG,4 ROOM,130,RIVERVALE ST,10 TO 12,100.0,Model A,1999,71 years 06 months,575000.0,130 RIVERVALE ST,540130,1.389445038677362,103.902653243628,2026-10-09
236196,2026-10,SENGKANG,4 ROOM,272D,SENGKANG CTRL,04 TO 06,90.0,Premium Apartment,2009,82 years 03 months,788888.0,272D SENGKANG CTRL,544272,1.383931005267841,103.8935644268116,2026-10-09
236222,2026-10,SENGKANG,4 ROOM,121C,SENGKANG EAST WAY,07 TO 09,91.0,Model A,2000,73 years,525000.0,121C SENGKANG EAST WAY,543121,1.386294265598381,103.9053807003677,2026-10-09
236310,2026-10,SENGKANG,5 ROOM,356A,ANCHORVALE LANE,10 TO 12,113.0,Improved,2021,93 years 05 months,888000.0,356A ANCHORVALE LANE,541356,1.393435775225597,103.8848119679489,2026-10-09
236372,2026-10,SENGKANG,5 ROOM,330B,ANCHORVALE ST,01 TO 03,112.0,Improved,2015,87 years 11 months,720000.0,330B ANCHORVALE ST,542330,1.396557708842354,103.8902405361741,2026-10-09
236437,2026-10,SENGKANG,5 ROOM,206B,COMPASSVALE LANE,10 TO 12,122.0,Improved,1999,71 years 10 months,810000.0,206B COMPASSVALE LANE,542206,1.387438070678938,103.8969321127713,2026-10-09
236746,2026-10,SENGKANG,EXECUTIVE,314D,ANCHORVALE LINK,10 TO 12,125.0,Premium Apartment,2003,75 years 08 months,870000.0,314D ANCHORVALE LINK,544314,1.391426581892532,103.8892533702647,2026-10-09
236503,2026-10,SENGKANG,5 ROOM,229,COMPASSVALE WALK,07 TO 09,123.0,Improved,1999,72 years,690000.0,229 COMPASSVALE WALK,540229,1.388664287902211,103.9007536993404,2026-10-09
236558,2026-10,SENGKANG,5 ROOM,409A,FERNVALE RD,22 TO 24,115.0,Premium Apartment,2004,77 years 03 months,667888.0,409A FERNVALE RD,791409,1.389016419914392,103.8771553961661,2026-10-09
236646,2026-10,SENGKANG,5 ROOM,116A,RIVERVALE DR,07 TO 09,115.0,Improved,2000,72 years 10 months,591888.0,116A RIVERVALE DR,541116,1.38246038121425,103.902238675198,2026-10-09
236647,2026-10,SENGKANG,5 ROOM,196,RIVERVALE DR,13 TO 15,111.0,Improved,2001,73 years 07 months,632888.0,196 RIVERVALE DR,540196,1.392836795215082,103.9031462923032,2026-10-09
236656,2026-10,SENGKANG,5 ROOM,126,RIVERVALE ST,10 TO 12,120.0,Improved,1999,71 years 09 months,675000.0,126 RIVERVALE ST,540126,1.389060216973777,103.902400512728,2026-10-09
236668,2026-10,SENGKANG,5 ROOM,280A,SENGKANG EAST AVE,07 TO 09,112.0,Premium Apartment,2015,87 years 11 months,1050000.0,280A SENGKANG EAST AVE,541280,1.386161654790224,103.8922786012554,2026-10-09
236669,2026-10,SENGKANG,5 ROOM,280A,SENGKANG EAST AVE,07 TO 09,112.0,Premium Apartment,2015,87 years 11 months,1030000.0,280A SENGKANG EAST AVE,541280,1.386161654790224,103.8922786012554,2026-10-09
236701,2026-10,SENGKANG,5 ROOM,260B,SENGKANG EAST WAY,13 TO 15,110.0,Improved,2001,73 years 04 months,780000.0,260B SENGKANG EAST WAY,542260,1.393641335022001,103.8952752783118,2026-10-09
236702,2026-10,SENGKANG,5 ROOM,260D,SENGKANG EAST WAY,13 TO 15,110.0,Improved,2001,73 years 07 months,755000.0,260D SENGKANG EAST WAY,544260,1.394433762698833,103.895863980712,2026-10-09
236036,2026-10,SENGKANG,4 ROOM,408C,FERNVALE RD,01 TO 03,95.0,Premium Apartment,2005,77 years 05 months,565000.0,408C FERNVALE RD,793408,1.389244713422989,103.8765563175932,2026-10-09
236035,2026-10,SENGKANG,4 ROOM,441D,FERNVALE RD,22 TO 24,94.0,Model A,2012,84 years 05 months,666200.0,441D FERNVALE RD,794441,1.392092235396343,103.8752480158447,2026-10-09
235956,2026-10,SENGKANG,4 ROOM,416A,FERNVALE LINK,10 TO 12,93.0,Model A,2016,88 years 04 months,658000.0,416A FERNVALE LINK,791416,1.390611962765703,103.8799635604373,2026-10-09
235955,2026-10,SENGKANG,4 ROOM,470C,FERNVALE LINK,25 TO 27,93.0,Model A,2016,89 years,625000.0,470C FERNVALE LINK,793470,1.396194039363956,103.8799923721956,2026-10-09
235157,2026-10,SEMBAWANG,4 ROOM,479,SEMBAWANG DR,10 TO 12,86.0,Model A2,2000,72 years 10 months,475000.0,479 SEMBAWANG DR,750479,1.452442223274334,103.8158080547957,2026-10-09
235170,2026-10,SEMBAWANG,4 ROOM,501A,WELLINGTON CIRCLE,10 TO 12,91.0,Model A,2001,73 years 11 months,520888.0,501A WELLINGTON CIRCLE,751501,1.451769195657497,103.8207817140949,2026-10-09
235171,2026-10,SEMBAWANG,4 ROOM,509B,WELLINGTON CIRCLE,10 TO 12,90.0,Model A,2004,76 years 11 months,545000.0,509B WELLINGTON CIRCLE,752509,1.453285364214383,103.8212132271458,2026-10-09
235248,2026-10,SEMBAWANG,5 ROOM,300,CANBERRA RD,07 TO 09,120.0,Improved,1998,71 years 01 month,650000.0,300 CANBERRA RD,750300,1.445852169607681,103.8228962393454,2026-10-09
235273,2026-10,SEMBAWANG,5 ROOM,126C,CANBERRA ST,13 TO 15,113.0,Improved,2020,93 years 01 month,853888.0,126C CANBERRA ST,753126,1.446140612391784,103.8349646498667,2026-10-09
235274,2026-10,SEMBAWANG,5 ROOM,121B,CANBERRA ST,04 TO 06,113.0,Improved,2018,90 years 04 months,825000.0,121B CANBERRA ST,752121,1.447886267044823,103.8340337674778,2026-10-09
235278,2026-10,SEMBAWANG,5 ROOM,108C,CANBERRA WALK,10 TO 12,113.0,Improved,2018,90 years 08 months,820000.0,108C CANBERRA WALK,753108,1.447353301492007,103.8317961583177,2026-10-09
235287,2026-10,SEMBAWANG,5 ROOM,504D,MONTREAL DR,13 TO 15,110.0,Improved,2001,73 years 09 months,632000.0,504D MONTREAL DR,754504,1.450458438255094,103.8238809585712,2026-10-09
235373,2026-10,SEMBAWANG,EXECUTIVE,356B,ADMIRALTY DR,07 TO 09,131.0,Premium Apartment,2001,73 years 09 months,715000.0,356B ADMIRALTY DR,752356,1.449228692405939,103.8173757400298,2026-10-09
235397,2026-10,SEMBAWANG,EXECUTIVE,471,SEMBAWANG DR,07 TO 09,130.0,Apartment,2000,72 years 10 months,718000.0,471 SEMBAWANG DR,750471,1.45194275649276,103.8158790506734,2026-10-09
235401,2026-10,SEMBAWANG,EXECUTIVE,502A,WELLINGTON CIRCLE,10 TO 12,130.0,Apartment,2001,73 years 11 months,810000.0,502A WELLINGTON CIRCLE,751502,1.450930088405523,103.8214150369646,2026-10-09
235478,2026-10,SENGKANG,3 ROOM,329A,ANCHORVALE ST,13 TO 15,67.0,Model A,2015,88 years,538000.0,329A ANCHORVALE ST,541329,1.396193021950768,103.8897218106798,2026-10-09
235552,2026-10,SENGKANG,3 ROOM,180D,RIVERVALE CRES,07 TO 09,67.0,Model A,2015,87 years 06 months,495000.0,180D RIVERVALE CRES,544180,1.389358494561105,103.9103981234072,2026-10-09
235557,2026-10,SENGKANG,3 ROOM,279A,SENGKANG EAST AVE,13 TO 15,67.0,Premium Apartment,2015,87 years 11 months,676767.0,279A SENGKANG EAST AVE,541279,1.385774661013871,103.8930657391865,2026-10-09
235620,2026-10,SENGKANG,4 ROOM,355A,ANCHORVALE LANE,04 TO 06,93.0,Model A,2021,93 years 05 months,630000.0,355A ANCHORVALE LANE,541355,1.392968721929705,103.8851071930776,2026-10-09
235646,2026-10,SENGKANG,4 ROOM,332C,ANCHORVALE LINK,04 TO 06,92.0,Model A,2015,87 years 09 months,646000.0,332C ANCHORVALE LINK,543332,1.395002195673523,103.8919609844735,2026-10-09
235747,2026-10,SENGKANG,4 ROOM,286A,COMPASSVALE CRES,10 TO 12,93.0,Premium Apartment,2017,90 years 02 months,678000.0,286A COMPASSVALE CRES,541286,1.397355778033319,103.8961932609573,2026-10-09
235748,2026-10,SENGKANG,4 ROOM,289A,COMPASSVALE CRES,10 TO 12,93.0,Premium Apartment,2017,90 years 02 months,693800.0,289A COMPASSVALE CRES,541289,1.397711999679717,103.8977197739862,2026-10-09
235884,2026-10,SENGKANG,4 ROOM,223A,COMPASSVALE WALK,10 TO 12,102.0,Model A,1999,71 years 08 months,638000.0,223A COMPASSVALE WALK,541223,1.388132103250501,103.8972576463768,2026-10-09
236745,2026-10,SENGKANG,EXECUTIVE,302C,ANCHORVALE LINK,04 TO 06,130.0,Apartment,2001,74 years 02 months,800000.0,302C ANCHORVALE LINK,543302,1.388079615497254,103.8901531392838,2026-10-09
236756,2026-10,SENGKANG,EXECUTIVE,202A,COMPASSVALE DR,10 TO 12,130.0,Apartment,2001,73 years 09 months,850888.0,202A COMPASSVALE DR,541202,1.388359852286935,103.8931432438234,2026-10-09
235062,2026-10,SEMBAWANG,4 ROOM,109D,CANBERRA WALK,10 TO 12,94.0,Model A,2021,94 years 03 months,685000.0,109D CANBERRA WALK,754109,1.449043503267156,103.8295651615551,2026-10-09
237607,2026-10,TAMPINES,4 ROOM,868A,TAMPINES AVE 8,07 TO 09,92.0,Model A,2015,87 years 09 months,720000.0,868A TAMPINES AVE 8,521868,1.355446817709982,103.9325442780989,2026-10-09
237430,2026-10,TAMPINES,3 ROOM,818,TAMPINES ST 81,01 TO 03,73.0,Model A,1984,56 years 09 months,488000.0,818 TAMPINES ST 81,520818,1.347972294924926,103.93683820272,2026-10-09
237431,2026-10,TAMPINES,3 ROOM,899A,TAMPINES ST 81,10 TO 12,74.0,Model A,1988,60 years 11 months,520000.0,899A TAMPINES ST 81,521899,1.346324735794658,103.9350085159371,2026-10-09
237439,2026-10,TAMPINES,3 ROOM,846,TAMPINES ST 82,04 TO 06,74.0,Model A,1986,58 years 04 months,475000.0,846 TAMPINES ST 82,520846,1.352157369186627,103.9359234976533,2026-10-09
237448,2026-10,TAMPINES,3 ROOM,884,TAMPINES ST 83,01 TO 03,74.0,Model A,1988,60 years 09 months,495000.0,884 TAMPINES ST 83,520884,1.351532770570693,103.9328054665894,2026-10-09
237466,2026-10,TAMPINES,4 ROOM,168C,SIMEI LANE,07 TO 09,94.0,DBSS,2011,83 years 06 months,868000.0,168C SIMEI LANE,523168,1.342477098906682,103.9585390535623,2026-10-09
237535,2026-10,TAMPINES,4 ROOM,622A,TAMPINES AVE 12,07 TO 09,93.0,Model A,2022,94 years 04 months,780000.0,622A TAMPINES AVE 12,521622,1.361061853493206,103.9400170221557,2026-10-09
237549,2026-10,TAMPINES,4 ROOM,903,TAMPINES AVE 4,04 TO 06,103.0,Model A,1984,56 years 11 months,618000.0,903 TAMPINES AVE 4,520903,1.350976362968621,103.9397610518395,2026-10-09
237550,2026-10,TAMPINES,4 ROOM,812,TAMPINES AVE 4,07 TO 09,92.0,New Generation,1984,57 years,618888.0,812 TAMPINES AVE 4,520812,1.346954032316946,103.9373328772406,2026-10-09
237560,2026-10,TAMPINES,4 ROOM,395,TAMPINES AVE 7,01 TO 03,105.0,Model A,1994,67 years 02 months,653000.0,395 TAMPINES AVE 7,520395,1.355863792340938,103.9560491339907,2026-10-09
237608,2026-10,TAMPINES,4 ROOM,869B,TAMPINES AVE 8,10 TO 12,92.0,Model A,2015,87 years 09 months,749000.0,869B TAMPINES AVE 8,522869,1.354855629829782,103.9327091656916,2026-10-09
236757,2026-10,SENGKANG,EXECUTIVE,202A,COMPASSVALE DR,07 TO 09,130.0,Apartment,2001,73 years 09 months,850000.0,202A COMPASSVALE DR,541202,1.388359852286935,103.8931432438234,2026-10-09
237625,2026-10,TAMPINES,4 ROOM,496G,TAMPINES AVE 9,13 TO 15,106.0,Model A,1993,65 years 11 months,660000.0,496G TAMPINES AVE 9,523496,1.360810817967494,103.9505822204079,2026-10-09
237633,2026-10,TAMPINES,4 ROOM,505,TAMPINES CTRL 1,01 TO 03,111.0,Model A,1989,61 years 11 months,728888.0,505 TAMPINES CTRL 1,520505,1.355548482366227,103.9456160710226,2026-10-09
237651,2026-10,TAMPINES,4 ROOM,522A,TAMPINES CTRL 7,10 TO 12,93.0,Model A,2015,87 years 11 months,789000.0,522A TAMPINES CTRL 7,521522,1.357769137788415,103.9383919676913,2026-10-09
237652,2026-10,TAMPINES,4 ROOM,524A,TAMPINES CTRL 7,10 TO 12,93.0,Model A,2015,87 years 11 months,822000.0,524A TAMPINES CTRL 7,521524,1.358350902677742,103.9389088404019,2026-10-09
237653,2026-10,TAMPINES,4 ROOM,523A,TAMPINES CTRL 7,13 TO 15,93.0,Model A,2015,87 years 11 months,815000.0,523A TAMPINES CTRL 7,521523,1.359370987244621,103.9383786335604,2026-10-09
237780,2026-10,TAMPINES,4 ROOM,234,TAMPINES ST 21,04 TO 06,104.0,Model A,1984,57 years 03 months,620000.0,234 TAMPINES ST 21,521234,1.35590413566013,103.9480246167335,2026-10-09
237781,2026-10,TAMPINES,4 ROOM,266,TAMPINES ST 21,07 TO 09,103.0,Model A,1984,56 years 10 months,625000.0,266 TAMPINES ST 21,520266,1.351965748943839,103.9502377179688,2026-10-09
237782,2026-10,TAMPINES,4 ROOM,249,TAMPINES ST 21,07 TO 09,102.0,Model A,1984,57 years,570888.0,249 TAMPINES ST 21,520249,1.351868375158171,103.9484632653549,2026-10-09
237812,2026-10,TAMPINES,4 ROOM,272,TAMPINES ST 22,07 TO 09,105.0,Model A,1984,56 years 10 months,605000.0,272 TAMPINES ST 22,520272,1.349159418315558,103.9502814870983,2026-10-09
237429,2026-10,TAMPINES,3 ROOM,894A,TAMPINES ST 81,10 TO 12,74.0,Model A,1988,61 years,528888.0,894A TAMPINES ST 81,521894,1.348013891509201,103.9319166538862,2026-10-09
237408,2026-10,TAMPINES,3 ROOM,621B,TAMPINES ST 61,16 TO 18,69.0,Model A,2022,94 years 04 months,640000.0,621B TAMPINES ST 61,522621,1.360944654718365,103.9393998564484,2026-10-09
237407,2026-10,TAMPINES,3 ROOM,621A,TAMPINES ST 61,13 TO 15,69.0,Model A,2022,94 years 04 months,639888.0,621A TAMPINES ST 61,521621,1.360945334690903,103.9386918243611,2026-10-09
237330,2026-10,TAMPINES,3 ROOM,217,TAMPINES ST 23,04 TO 06,67.0,New Generation,1986,58 years 05 months,448588.0,217 TAMPINES ST 23,520217,1.354168163467772,103.9518617557923,2026-10-09
236823,2026-10,SENGKANG,EXECUTIVE,102,RIVERVALE WALK,04 TO 06,142.0,Maisonette,1999,71 years 06 months,980888.0,102 RIVERVALE WALK,540102,1.381807610260469,103.9008932297075,2026-10-09
236887,2026-10,SERANGOON,3 ROOM,206,SERANGOON CTRL,10 TO 12,64.0,Simplified,1985,58 years 03 months,559988.0,206 SERANGOON CTRL,550206,1.353475064106842,103.8733922819026,2026-10-09
236904,2026-10,SERANGOON,4 ROOM,7,LOR LEW LIAN,10 TO 12,98.0,New Generation,1978,50 years 08 months,653888.0,7 LOR LEW LIAN,531007,1.349157029582535,103.8770069436534,2026-10-09
236916,2026-10,SERANGOON,4 ROOM,401,SERANGOON AVE 1,13 TO 15,113.0,Model A,1989,61 years 05 months,932000.0,401 SERANGOON AVE 1,550401,1.346265986804676,103.8731998037015,2026-10-09
236931,2026-10,SERANGOON,4 ROOM,240,SERANGOON AVE 2,10 TO 12,105.0,Model A,1985,57 years 10 months,872888.0,240 SERANGOON AVE 2,550240,1.353237674698162,103.8694125358373,2026-10-09
236960,2026-10,SERANGOON,4 ROOM,234,SERANGOON AVE 3,04 TO 06,84.0,Simplified,1985,57 years 09 months,608000.0,234 SERANGOON AVE 3,550234,1.354799537849154,103.8695343324536,2026-10-09
236975,2026-10,SERANGOON,4 ROOM,220,SERANGOON AVE 4,10 TO 12,91.0,New Generation,1984,57 years 03 months,620000.0,220 SERANGOON AVE 4,550220,1.35874143844474,103.8722270977333,2026-10-09
236988,2026-10,SERANGOON,4 ROOM,419,SERANGOON CTRL,07 TO 09,103.0,Model A,1989,61 years 08 months,850000.0,419 SERANGOON CTRL,550419,1.349201920040949,103.8758597019381,2026-10-09
236989,2026-10,SERANGOON,4 ROOM,207,SERANGOON CTRL,04 TO 06,83.0,Simplified,1986,58 years 07 months,672888.0,207 SERANGOON CTRL,550207,1.353839543285328,103.8733193405879,2026-10-09
237008,2026-10,SERANGOON,4 ROOM,101,SERANGOON NTH AVE 1,07 TO 09,91.0,New Generation,1985,57 years 06 months,522880.0,101 SERANGOON NTH AVE 1,550101,1.371036319880899,103.8703609108414,2026-10-09
237038,2026-10,SERANGOON,4 ROOM,529,SERANGOON NTH AVE 4,04 TO 06,110.0,Model A,1992,65 years 02 months,666000.0,529 SERANGOON NTH AVE 4,550529,1.372800322084179,103.8721079661281,2026-10-09
237042,2026-10,SERANGOON,5 ROOM,425,SERANGOON AVE 1,01 TO 03,129.0,Improved,1989,61 years 09 months,1028000.0,425 SERANGOON AVE 1,550425,1.348126434987079,103.8766050977705,2026-10-09
237107,2026-10,SERANGOON,EXECUTIVE,234A,SERANGOON AVE 2,01 TO 03,141.0,Apartment,1998,70 years 09 months,1185000.0,234A SERANGOON AVE 2,551234,1.354295429012033,103.8691696449785,2026-10-09
237117,2026-10,SERANGOON,EXECUTIVE,123,SERANGOON NTH AVE 1,10 TO 12,150.0,Maisonette,1985,58 years,1110000.0,123 SERANGOON NTH AVE 1,550123,1.366958512980815,103.8725935511918,2026-10-09
237138,2026-10,SERANGOON,EXECUTIVE,539,SERANGOON NTH AVE 4,04 TO 06,147.0,Maisonette,1992,65 years 02 months,990000.0,539 SERANGOON NTH AVE 4,550539,1.374961922424032,103.8721885822916,2026-10-09
237139,2026-10,SERANGOON,EXECUTIVE,542,SERANGOON NTH AVE 4,07 TO 09,147.0,Maisonette,1992,65 years 02 months,1120000.0,542 SERANGOON NTH AVE 4,550542,1.37409116805565,103.8718896518131,2026-10-09
237237,2026-10,TAMPINES,3 ROOM,144,TAMPINES ST 12,04 TO 06,74.0,Model A,1985,57 years 06 months,495000.0,144 TAMPINES ST 12,521144,1.348418577506464,103.9437258465351,2026-10-09
237291,2026-10,TAMPINES,3 ROOM,259,TAMPINES ST 21,10 TO 12,74.0,Model A,1985,57 years 05 months,485000.0,259 TAMPINES ST 21,520259,1.355135680823735,103.9499859239551,2026-10-09
237314,2026-10,TAMPINES,3 ROOM,273,TAMPINES ST 22,07 TO 09,73.0,Model A,1984,56 years 10 months,450000.0,273 TAMPINES ST 22,520273,1.348687160597617,103.9504502983984,2026-10-09
235122,2026-10,SEMBAWANG,4 ROOM,365C,SEMBAWANG CRES,04 TO 06,93.0,Model A,2019,91 years 07 months,570000.0,365C SEMBAWANG CRES,753365,1.443395786953806,103.816986885504,2026-10-09
235041,2026-10,SEMBAWANG,4 ROOM,101A,CANBERRA ST,01 TO 03,93.0,Model A,2020,93 years 03 months,592000.0,101A CANBERRA ST,751101,1.451738928033243,103.8304541062801,2026-10-09
231968,2026-10,KALLANG/WHAMPOA,EXECUTIVE,46,BENDEMEER RD,07 TO 09,146.0,Apartment,1994,67 years 03 months,1320000.0,46 BENDEMEER RD,330046,1.322906233340547,103.8660289453933,2026-10-09
233022,2026-10,PUNGGOL,4 ROOM,138,EDGEDALE PLAINS,04 TO 06,91.0,Premium Apartment,2003,76 years 02 months,580000.0,138 EDGEDALE PLAINS,820138,1.392771158906437,103.9097962136968,2026-10-09
232712,2026-10,PASIR RIS,EXECUTIVE,714,PASIR RIS ST 72,01 TO 03,153.0,Maisonette,1996,68 years 09 months,1150000.0,714 PASIR RIS ST 72,510714,1.382647228645243,103.9375567039255,2026-10-09
232765,2026-10,PUNGGOL,2 ROOM,421A,NORTHSHORE DR,13 TO 15,47.0,2-room,2021,94 years 01 month,465000.0,421A NORTHSHORE DR,821421,1.419053920930851,103.9039392658765,2026-10-09
232766,2026-10,PUNGGOL,2 ROOM,421C,NORTHSHORE DR,16 TO 18,47.0,2-room,2021,94 years 01 month,433000.0,421C NORTHSHORE DR,823421,1.419213261405399,103.9052998556582,2026-10-09
232782,2026-10,PUNGGOL,2 ROOM,622C,PUNGGOL CTRL,01 TO 03,46.0,Model A,2014,86 years 07 months,370000.0,622C PUNGGOL CTRL,823622,1.400668946091758,103.9109493876691,2026-10-09
232807,2026-10,PUNGGOL,2 ROOM,222A,SUMANG LANE,01 TO 03,37.0,Model A,2018,91 years 03 months,345000.0,222A SUMANG LANE,821222,1.401125663980852,103.8934764254264,2026-10-09
232829,2026-10,PUNGGOL,3 ROOM,662B,EDGEDALE PLAINS,10 TO 12,67.0,Premium Apartment,2017,89 years 08 months,535000.0,662B EDGEDALE PLAINS,822662,1.401721536756562,103.9186909995089,2026-10-09
232845,2026-10,PUNGGOL,3 ROOM,670A,EDGEFIELD PLAINS,01 TO 03,68.0,Premium Apartment,2016,88 years 10 months,500000.0,670A EDGEFIELD PLAINS,821670,1.40538341177793,103.912960755392,2026-10-09
232900,2026-10,PUNGGOL,3 ROOM,663A,PUNGGOL DR,07 TO 09,65.0,Model A,2016,88 years 09 months,518888.0,663A PUNGGOL DR,821663,1.400243477180585,103.9170800399996,2026-10-09
233021,2026-10,PUNGGOL,4 ROOM,661A,EDGEDALE PLAINS,10 TO 12,92.0,Premium Apartment,2017,89 years 08 months,660000.0,661A EDGEDALE PLAINS,821661,1.403030566392578,103.9170807213248,2026-10-09
233173,2026-10,PUNGGOL,4 ROOM,420C,NORTHSHORE DR,04 TO 06,94.0,Model A,2022,94 years 04 months,815000.0,420C NORTHSHORE DR,823420,1.418926970469476,103.9023582464964,2026-10-09
233553,2026-10,PUNGGOL,4 ROOM,310B,PUNGGOL WALK,07 TO 09,92.0,Premium Apartment,2016,88 years 09 months,683000.0,310B PUNGGOL WALK,822310,1.409322674956259,103.9008018363726,2026-10-09
233174,2026-10,PUNGGOL,4 ROOM,415D,NORTHSHORE DR,16 TO 18,95.0,Model A,2022,94 years 04 months,700000.0,415D NORTHSHORE DR,824415,1.417630179134547,103.9005529307896,2026-10-09
233175,2026-10,PUNGGOL,4 ROOM,421B,NORTHSHORE DR,01 TO 03,93.0,Model A,2021,94 years 01 month,730000.0,421B NORTHSHORE DR,822421,1.419246373674442,103.9047047084346,2026-10-09
233176,2026-10,PUNGGOL,4 ROOM,420C,NORTHSHORE DR,04 TO 06,95.0,Model A,2022,94 years 04 months,698000.0,420C NORTHSHORE DR,823420,1.418926970469476,103.9023582464964,2026-10-09
233317,2026-10,PUNGGOL,4 ROOM,612B,PUNGGOL DR,07 TO 09,93.0,Model A,2012,85 years 03 months,650000.0,612B PUNGGOL DR,822612,1.404938583799425,103.9081571612658,2026-10-09
233318,2026-10,PUNGGOL,4 ROOM,677B,PUNGGOL DR,07 TO 09,93.0,Premium Apartment,2016,89 years,675000.0,677B PUNGGOL DR,822677,1.405364682782418,103.9095089869408,2026-10-09
233319,2026-10,PUNGGOL,4 ROOM,612D,PUNGGOL DR,04 TO 06,93.0,Model A,2012,85 years 03 months,590000.0,612D PUNGGOL DR,824612,1.404726526114356,103.9076235526591,2026-10-09
233320,2026-10,PUNGGOL,4 ROOM,665B,PUNGGOL DR,10 TO 12,93.0,Premium Apartment,2016,88 years 05 months,670000.0,665B PUNGGOL DR,822665,1.402040572352728,103.9141410954826,2026-10-09
233397,2026-10,PUNGGOL,4 ROOM,169A,PUNGGOL FIELD,07 TO 09,93.0,Model A,2014,86 years 07 months,620000.0,169A PUNGGOL FIELD,821169,1.393082746510596,103.914282199575,2026-10-09
233398,2026-10,PUNGGOL,4 ROOM,269B,PUNGGOL FIELD,07 TO 09,93.0,Premium Apartment,2013,85 years 04 months,715000.0,269B PUNGGOL FIELD,822269,1.403443932331643,103.8986664563753,2026-10-09
232657,2026-10,PASIR RIS,EXECUTIVE,250,PASIR RIS ST 21,04 TO 06,150.0,Apartment,1993,65 years 10 months,828000.0,250 PASIR RIS ST 21,510250,1.370238552430843,103.9628942463923,2026-10-09
232656,2026-10,PASIR RIS,EXECUTIVE,204,PASIR RIS ST 21,04 TO 06,147.0,Apartment,1993,66 years,895000.0,204 PASIR RIS ST 21,510204,1.367497501486519,103.962384353702,2026-10-09
232606,2026-10,PASIR RIS,EXECUTIVE,135,PASIR RIS ST 11,04 TO 06,147.0,Apartment,1994,67 years 01 month,780000.0,135 PASIR RIS ST 11,510135,1.364542328178507,103.957472438655,2026-10-09
232537,2026-10,PASIR RIS,5 ROOM,776,PASIR RIS ST 71,10 TO 12,125.0,Improved,1996,69 years 01 month,770000.0,776 PASIR RIS ST 71,510776,1.374611174970149,103.9371758215545,2026-10-09
232015,2026-10,MARINE PARADE,3 ROOM,66,MARINE DR,01 TO 03,65.0,Improved,1976,48 years 06 months,432000.0,66 MARINE DR,440066,1.303911930281048,103.9097404714991,2026-10-09
232026,2026-10,MARINE PARADE,3 ROOM,5,MARINE TER,07 TO 09,65.0,Improved,1975,47 years 04 months,460000.0,5 MARINE TER,440005,1.304563413391379,103.9172290385196,2026-10-09
232058,2026-10,MARINE PARADE,4 ROOM,20,MARINE TER,07 TO 09,88.0,Improved,1975,47 years 04 months,563000.0,20 MARINE TER,440020,1.303715887288522,103.9150670203215,2026-10-09
232059,2026-10,MARINE PARADE,4 ROOM,17,MARINE TER,07 TO 09,82.0,Improved,1975,47 years 06 months,550000.0,17 MARINE TER,440017,1.303767821978784,103.9141760468853,2026-10-09
232069,2026-10,MARINE PARADE,5 ROOM,29,MARINE CRES,22 TO 24,120.0,Standard,1975,47 years 06 months,1105000.0,29 MARINE CRES,440029,1.302849836278813,103.9131971658237,2026-10-09
232084,2026-10,MARINE PARADE,5 ROOM,3,MARINE TER,13 TO 15,117.0,Standard,1975,47 years 04 months,1150000.0,3 MARINE TER,440003,1.304106066571849,103.9177333675154,2026-10-09
232107,2026-10,PASIR RIS,3 ROOM,527C,PASIR RIS ST 51,04 TO 06,68.0,Model A,2015,87 years 10 months,558000.0,527C PASIR RIS ST 51,513527,1.369373299251103,103.9479702317123,2026-10-09
232167,2026-10,PASIR RIS,4 ROOM,458,PASIR RIS DR 4,01 TO 03,104.0,Model A,1992,65 years 03 months,615000.0,458 PASIR RIS DR 4,510458,1.371414882564648,103.9596374104265,2026-10-09
232217,2026-10,PASIR RIS,4 ROOM,453,PASIR RIS DR 6,01 TO 03,105.0,Model A,1989,61 years 10 months,630000.0,453 PASIR RIS DR 6,510453,1.371847278483878,103.9573732963152,2026-10-09
232218,2026-10,PASIR RIS,4 ROOM,450,PASIR RIS DR 6,04 TO 06,103.0,Model A,1989,62 years,635000.0,450 PASIR RIS DR 6,510450,1.371157707911656,103.9581280039752,2026-10-09
232298,2026-10,PASIR RIS,4 ROOM,528C,PASIR RIS ST 51,01 TO 03,93.0,Model A,2015,87 years 10 months,665000.0,528C PASIR RIS ST 51,513528,1.370985309088685,103.9482169084482,2026-10-09
232431,2026-10,PASIR RIS,5 ROOM,185,PASIR RIS ST 11,10 TO 12,124.0,Improved,1993,65 years 10 months,715000.0,185 PASIR RIS ST 11,510185,1.365613501049949,103.9600440814902,2026-10-09
232432,2026-10,PASIR RIS,5 ROOM,109,PASIR RIS ST 11,10 TO 12,123.0,Improved,1990,63 years,700000.0,109 PASIR RIS ST 11,510109,1.368463680066613,103.9560090701134,2026-10-09
232433,2026-10,PASIR RIS,5 ROOM,182,PASIR RIS ST 11,04 TO 06,124.0,Improved,1993,65 years 10 months,730000.0,182 PASIR RIS ST 11,510182,1.364631989956121,103.9610017950184,2026-10-09
232434,2026-10,PASIR RIS,5 ROOM,139,PASIR RIS ST 11,04 TO 06,126.0,Improved,1994,66 years 08 months,696000.0,139 PASIR RIS ST 11,510139,1.363517986363521,103.9595867214763,2026-10-09
232449,2026-10,PASIR RIS,5 ROOM,106,PASIR RIS ST 12,07 TO 09,128.0,Improved,1989,61 years 05 months,808000.0,106 PASIR RIS ST 12,510106,1.368012550483375,103.9576531331193,2026-10-09
232450,2026-10,PASIR RIS,5 ROOM,105,PASIR RIS ST 12,04 TO 06,122.0,Improved,1989,61 years 05 months,772000.0,105 PASIR RIS ST 12,510105,1.368437921486948,103.9575387908481,2026-10-09
232490,2026-10,PASIR RIS,5 ROOM,568,PASIR RIS ST 51,10 TO 12,122.0,Improved,1992,65 years 03 months,850000.0,568 PASIR RIS ST 51,510568,1.368749382808479,103.9489128048887,2026-10-09
232536,2026-10,PASIR RIS,5 ROOM,748,PASIR RIS ST 71,10 TO 12,127.0,Improved,1996,69 years 02 months,728888.0,748 PASIR RIS ST 71,510748,1.37850680268582,103.9347956952386,2026-10-09
233460,2026-10,PUNGGOL,4 ROOM,273C,PUNGGOL PL,13 TO 15,93.0,Premium Apartment,2013,85 years 10 months,770000.0,273C PUNGGOL PL,823273,1.402303013671673,103.9012623916979,2026-10-09
233554,2026-10,PUNGGOL,4 ROOM,271D,PUNGGOL WALK,13 TO 15,92.0,Premium Apartment,2014,86 years 07 months,795888.0,271D PUNGGOL WALK,824271,1.403514325881875,103.90089026171,2026-10-09
235040,2026-10,SEMBAWANG,4 ROOM,101A,CANBERRA ST,01 TO 03,93.0,Model A,2020,93 years 03 months,605000.0,101A CANBERRA ST,751101,1.451738928033243,103.8304541062801,2026-10-09
234626,2026-10,QUEENSTOWN,4 ROOM,50,STRATHMORE AVE,22 TO 24,85.0,Model A,2006,79 years,960000.0,50 STRATHMORE AVE,140050,1.293845338397872,103.8087278592077,2026-10-09
234407,2026-10,QUEENSTOWN,4 ROOM,53,C'WEALTH DR,40 TO 42,96.0,Model A,2015,87 years 05 months,1280000.0,53 C'WEALTH DR,142053,1.302058782570133,103.7965817391021,2026-10-09
234501,2026-10,QUEENSTOWN,4 ROOM,88,DAWSON RD,22 TO 24,83.0,Premium Apartment,2016,88 years 11 months,1100000.0,88 DAWSON RD,142088,1.295793950382486,103.8092647658091,2026-10-09
234502,2026-10,QUEENSTOWN,4 ROOM,93,DAWSON RD,31 TO 33,97.0,Premium Apartment Loft,2016,88 years 07 months,1300000.0,93 DAWSON RD,142093,1.294992269633498,103.8117965437001,2026-10-09
234503,2026-10,QUEENSTOWN,4 ROOM,88,DAWSON RD,19 TO 21,87.0,Premium Apartment,2016,88 years 11 months,1068000.0,88 DAWSON RD,142088,1.295793950382486,103.8092647658091,2026-10-09
234569,2026-10,QUEENSTOWN,4 ROOM,10,HOLLAND AVE,13 TO 15,88.0,Improved,1975,47 years 04 months,555000.0,10 HOLLAND AVE,271010,1.308149971047925,103.7942751849253,2026-10-09
234578,2026-10,QUEENSTOWN,4 ROOM,3A,HOLLAND CL,10 TO 12,106.0,Model A,1998,71 years 02 months,1100000.0,3A HOLLAND CL,272003,1.308722235761153,103.7967507803222,2026-10-09
234623,2026-10,QUEENSTOWN,4 ROOM,48,STRATHMORE AVE,07 TO 09,90.0,Model A,2006,79 years 03 months,920000.0,48 STRATHMORE AVE,140048,1.293802602903142,103.8077892281123,2026-10-09
234624,2026-10,QUEENSTOWN,4 ROOM,56,STRATHMORE AVE,13 TO 15,95.0,Model A,2002,74 years 09 months,740000.0,56 STRATHMORE AVE,140056,1.293360742695269,103.8098569669337,2026-10-09
234625,2026-10,QUEENSTOWN,4 ROOM,55,STRATHMORE AVE,13 TO 15,95.0,Model A,2002,74 years 08 months,890000.0,55 STRATHMORE AVE,140055,1.293382949257165,103.8093307194159,2026-10-09
234627,2026-10,QUEENSTOWN,4 ROOM,61C,STRATHMORE AVE,25 TO 27,93.0,Model A,2011,83 years 11 months,1030000.0,61C STRATHMORE AVE,144061,1.294236425913807,103.812035249623,2026-10-09
233588,2026-10,PUNGGOL,4 ROOM,260B,PUNGGOL WAY,07 TO 09,93.0,Model A,2016,88 years 09 months,693000.0,260B PUNGGOL WAY,822260,1.404884892573244,103.8963513330712,2026-10-09
234642,2026-10,QUEENSTOWN,4 ROOM,90,TANGLIN HALT RD,19 TO 21,90.0,Model A,2008,81 years,1000000.0,90 TANGLIN HALT RD,141090,1.300517009205199,103.7989762767592,2026-10-09
234679,2026-10,QUEENSTOWN,5 ROOM,3,HOLLAND CL,19 TO 21,124.0,Improved,1998,71 years 02 months,1530000.0,3 HOLLAND CL,271003,1.30820871253395,103.7966388815014,2026-10-09
234734,2026-10,SEMBAWANG,2 ROOM,131A,CANBERRA CRES,07 TO 09,38.0,Model A,2020,93 years,420800.0,131A CANBERRA CRES,751131,1.443725974695251,103.8310298017204,2026-10-09
234785,2026-10,SEMBAWANG,2 ROOM,463A,SEMBAWANG DR,16 TO 18,46.0,Model A,2015,87 years 08 months,381800.0,463A SEMBAWANG DR,751463,1.455598436822037,103.8140451505721,2026-10-09
234827,2026-10,SEMBAWANG,3 ROOM,103B,CANBERRA ST,10 TO 12,69.0,Model A,2020,93 years 03 months,536000.0,103B CANBERRA ST,752103,1.450565994654414,103.831238741555,2026-10-09
234945,2026-10,SEMBAWANG,4 ROOM,119A,CANBERRA CRES,04 TO 06,93.0,Model A,2018,90 years 05 months,680000.0,119A CANBERRA CRES,751119,1.446047551010149,103.8311252560056,2026-10-09
234946,2026-10,SEMBAWANG,4 ROOM,120D,CANBERRA CRES,04 TO 06,93.0,Model A,2018,90 years 05 months,672000.0,120D CANBERRA CRES,754120,1.446767072368303,103.8322942014698,2026-10-09
234948,2026-10,SEMBAWANG,4 ROOM,504C,CANBERRA LINK,07 TO 09,91.0,Model A,2001,73 years 11 months,585000.0,504C CANBERRA LINK,753504,1.450119488946255,103.8235916714348,2026-10-09
235039,2026-10,SEMBAWANG,4 ROOM,129A,CANBERRA ST,07 TO 09,93.0,Model A,2018,91 years 01 month,698000.0,129A CANBERRA ST,751129,1.445257820104928,103.8325596935958,2026-10-09
234339,2026-10,QUEENSTOWN,3 ROOM,30,MARGARET DR,22 TO 24,62.0,Premium Apartment,2022,94 years 04 months,830000.0,30 MARGARET DR,141030,1.298726243658565,103.8039618328686,2026-10-09
234338,2026-10,QUEENSTOWN,3 ROOM,33,MARGARET DR,10 TO 12,62.0,Premium Apartment,2022,94 years 04 months,818000.0,33 MARGARET DR,140033,1.298322138856667,103.8047010570057,2026-10-09
234337,2026-10,QUEENSTOWN,3 ROOM,30,MARGARET DR,28 TO 30,62.0,Premium Apartment,2022,94 years 04 months,812000.0,30 MARGARET DR,141030,1.298726243658565,103.8039618328686,2026-10-09
234307,2026-10,QUEENSTOWN,3 ROOM,32,HOLLAND CL,07 TO 09,67.0,Improved,1974,46 years 08 months,435000.0,32 HOLLAND CL,270032,1.306184892549054,103.796881195019,2026-10-09
233633,2026-10,PUNGGOL,4 ROOM,221A,SUMANG LANE,04 TO 06,93.0,Model A,2018,91 years 04 months,628000.0,221A SUMANG LANE,821221,1.400985549507759,103.8956745446599,2026-10-09
233674,2026-10,PUNGGOL,4 ROOM,217A,SUMANG WALK,07 TO 09,92.0,Model A,2017,89 years 11 months,635000.0,217A SUMANG WALK,821217,1.402985917720603,103.8950208048828,2026-10-09
233724,2026-10,PUNGGOL,5 ROOM,134,EDGEDALE PLAINS,13 TO 15,111.0,Premium Apartment,2003,76 years 02 months,620000.0,134 EDGEDALE PLAINS,820134,1.39233540545798,103.9101807830494,2026-10-09
233817,2026-10,PUNGGOL,5 ROOM,422B,NORTHSHORE DR,07 TO 09,116.0,Improved,2021,94 years 01 month,1050000.0,422B NORTHSHORE DR,822422,1.419803495457704,103.9051953224618,2026-10-09
233818,2026-10,PUNGGOL,5 ROOM,422A,NORTHSHORE DR,10 TO 12,113.0,Improved,2021,94 years 01 month,1009000.0,422A NORTHSHORE DR,821422,1.419657102132827,103.9040066588465,2026-10-09
233819,2026-10,PUNGGOL,5 ROOM,422A,NORTHSHORE DR,16 TO 18,113.0,Improved,2021,94 years 01 month,990000.0,422A NORTHSHORE DR,821422,1.419657102132827,103.9040066588465,2026-10-09
233891,2026-10,PUNGGOL,5 ROOM,617C,PUNGGOL DR,07 TO 09,113.0,Premium Apartment,2013,86 years 01 month,903888.0,617C PUNGGOL DR,823617,1.401945620154737,103.9124567479469,2026-10-09
233892,2026-10,PUNGGOL,5 ROOM,642B,PUNGGOL DR,10 TO 12,111.0,Premium Apartment,2005,77 years 04 months,670000.0,642B PUNGGOL DR,822642,1.398284533353648,103.9162553284654,2026-10-09
233956,2026-10,PUNGGOL,5 ROOM,201D,PUNGGOL FIELD,07 TO 09,110.0,Improved,2004,76 years 10 months,685000.0,201D PUNGGOL FIELD,824201,1.399684320722095,103.9033780570724,2026-10-09
233957,2026-10,PUNGGOL,5 ROOM,101B,PUNGGOL FIELD,10 TO 12,109.0,Improved,2002,75 years,665000.0,101B PUNGGOL FIELD,822101,1.397847151043975,103.9064360712447,2026-10-09
233958,2026-10,PUNGGOL,5 ROOM,201C,PUNGGOL FIELD,13 TO 15,110.0,Improved,2004,76 years 10 months,688000.0,201C PUNGGOL FIELD,823201,1.399331481986486,103.9037119603474,2026-10-09
233959,2026-10,PUNGGOL,5 ROOM,228B,PUNGGOL FIELD,10 TO 12,116.0,Improved,2021,94 years 01 month,880000.0,228B PUNGGOL FIELD,822228,1.403762443386553,103.891553728412,2026-10-09
233965,2026-10,PUNGGOL,5 ROOM,128C,PUNGGOL FIELD WALK,04 TO 06,110.0,Improved,2003,75 years 09 months,620000.0,128C PUNGGOL FIELD WALK,823128,1.392549136736278,103.9125609054407,2026-10-09
233966,2026-10,PUNGGOL,5 ROOM,128B,PUNGGOL FIELD WALK,13 TO 15,110.0,Improved,2003,75 years 09 months,680000.0,128B PUNGGOL FIELD WALK,822128,1.392987926433476,103.9128830710316,2026-10-09
234015,2026-10,PUNGGOL,5 ROOM,310A,PUNGGOL WALK,04 TO 06,112.0,Premium Apartment,2016,88 years 09 months,825000.0,310A PUNGGOL WALK,821310,1.408700888704668,103.9013266047132,2026-10-09
234116,2026-10,QUEENSTOWN,3 ROOM,81,C'WEALTH CL,10 TO 12,60.0,Standard,1967,39 years 04 months,292000.0,81 C'WEALTH CL,140081,1.303787443936998,103.8003852659738,2026-10-09
234151,2026-10,QUEENSTOWN,3 ROOM,50,C'WEALTH DR,10 TO 12,63.0,Model A,2015,87 years 05 months,730000.0,50 C'WEALTH DR,142050,1.301129091583942,103.7971230324633,2026-10-09
234227,2026-10,QUEENSTOWN,3 ROOM,94,DAWSON RD,25 TO 27,63.0,Premium Apartment,2021,94 years 01 month,862888.0,94 DAWSON RD,141094,1.296274834101812,103.8112064375748,2026-10-09
234299,2026-10,QUEENSTOWN,3 ROOM,2,HOLLAND AVE,13 TO 15,65.0,Improved,1974,46 years 08 months,420000.0,2 HOLLAND AVE,271002,1.309344983357347,103.7955593537523,2026-10-09
237813,2026-10,TAMPINES,4 ROOM,281,TAMPINES ST 22,10 TO 12,103.0,Model A,1984,57 years 03 months,608000.0,281 TAMPINES ST 22,520281,1.347177014197888,103.9525872391759,2026-10-09
237849,2026-10,TAMPINES,4 ROOM,343,TAMPINES ST 33,04 TO 06,107.0,Model A,1995,68 years 04 months,630000.0,343 TAMPINES ST 33,520343,1.351918325110008,103.9612758607341,2026-10-09
237934,2026-10,TAMPINES,4 ROOM,494J,TAMPINES ST 45,07 TO 09,92.0,Model A,2018,91 years 02 months,698888.0,494J TAMPINES ST 45,529494,1.363945787805579,103.9546214645419,2026-10-09
240601,2026-10,WOODLANDS,5 ROOM,572A,WOODLANDS AVE 1,07 TO 09,112.0,Improved,2013,86 years 02 months,733000.0,572A WOODLANDS AVE 1,731572,1.430866874916464,103.7895546502599,2026-10-09
240419,2026-10,WOODLANDS,4 ROOM,649,WOODLANDS RING RD,01 TO 03,100.0,Model A,1998,70 years 09 months,557000.0,649 WOODLANDS RING RD,730649,1.43893593743694,103.8009624579477,2026-10-09
240420,2026-10,WOODLANDS,4 ROOM,609,WOODLANDS RING RD,07 TO 09,101.0,Model A,1998,70 years 10 months,533888.0,609 WOODLANDS RING RD,730609,1.435976248696684,103.7962135614679,2026-10-09
240431,2026-10,WOODLANDS,4 ROOM,783A,WOODLANDS RISE,13 TO 15,93.0,Model A,2018,90 years 10 months,600000.0,783A WOODLANDS RISE,731783,1.447416840104769,103.8037415351604,2026-10-09
240490,2026-10,WOODLANDS,4 ROOM,183A,WOODLANDS ST 13,04 TO 06,93.0,Model A,2019,92 years 01 month,650000.0,183A WOODLANDS ST 13,731183,1.435415505661165,103.7774070595078,2026-10-09
240496,2026-10,WOODLANDS,4 ROOM,315,WOODLANDS ST 31,01 TO 03,84.0,Simplified,1989,62 years 02 months,490000.0,315 WOODLANDS ST 31,730315,1.431476406086513,103.7758462192097,2026-10-09
240508,2026-10,WOODLANDS,4 ROOM,334,WOODLANDS ST 32,07 TO 09,104.0,Model A,1985,58 years 04 months,520000.0,334 WOODLANDS ST 32,730334,1.430044167359793,103.7804546378028,2026-10-09
240509,2026-10,WOODLANDS,4 ROOM,335,WOODLANDS ST 32,01 TO 03,83.0,Simplified,1985,58 years 02 months,490000.0,335 WOODLANDS ST 32,730335,1.42972520117129,103.7805793579878,2026-10-09
240556,2026-10,WOODLANDS,4 ROOM,845,WOODLANDS ST 82,10 TO 12,84.0,Simplified,1994,66 years 09 months,480000.0,845 WOODLANDS ST 82,730845,1.442754559464337,103.7925320865107,2026-10-09
240562,2026-10,WOODLANDS,4 ROOM,853,WOODLANDS ST 83,10 TO 12,84.0,Simplified,1993,65 years 11 months,470000.0,853 WOODLANDS ST 83,730853,1.439424024607652,103.7931011088109,2026-10-09
240602,2026-10,WOODLANDS,5 ROOM,571A,WOODLANDS AVE 1,01 TO 03,112.0,Improved,2013,86 years 02 months,688000.0,571A WOODLANDS AVE 1,731571,1.430170307502387,103.7910916120565,2026-10-09
240766,2026-10,WOODLANDS,5 ROOM,551,WOODLANDS DR 44,01 TO 03,120.0,Improved,2000,72 years 05 months,640000.0,551 WOODLANDS DR 44,730551,1.433148912141393,103.7952095875471,2026-10-09
240609,2026-10,WOODLANDS,5 ROOM,350,WOODLANDS AVE 3,10 TO 12,122.0,Improved,1988,60 years 08 months,678888.0,350 WOODLANDS AVE 3,730350,1.433842288247625,103.782295006611,2026-10-09
240644,2026-10,WOODLANDS,5 ROOM,790,WOODLANDS AVE 6,07 TO 09,121.0,Improved,1997,70 years,695888.0,790 WOODLANDS AVE 6,730790,1.442796646820701,103.8028572641874,2026-10-09
240645,2026-10,WOODLANDS,5 ROOM,762,WOODLANDS AVE 6,04 TO 06,122.0,Improved,1998,70 years 05 months,638000.0,762 WOODLANDS AVE 6,730762,1.446027316637933,103.7960719813672,2026-10-09
240670,2026-10,WOODLANDS,5 ROOM,764,WOODLANDS CIRCLE,10 TO 12,111.0,Improved,2003,75 years 09 months,636000.0,764 WOODLANDS CIRCLE,730764,1.445250125501089,103.7968111698753,2026-10-09
240686,2026-10,WOODLANDS,5 ROOM,777,WOODLANDS CRES,13 TO 15,120.0,Improved,1998,70 years 04 months,605000.0,777 WOODLANDS CRES,730777,1.447860593096247,103.7993279539607,2026-10-09
240723,2026-10,WOODLANDS,5 ROOM,525,WOODLANDS DR 14,10 TO 12,125.0,Premium Apartment,2000,72 years 06 months,711000.0,525 WOODLANDS DR 14,730525,1.432322781077584,103.7932500494352,2026-10-09
240752,2026-10,WOODLANDS,5 ROOM,582,WOODLANDS DR 16,10 TO 12,110.0,Improved,2001,73 years 07 months,668800.0,582 WOODLANDS DR 16,730582,1.430140406292077,103.7958352401774,2026-10-09
240753,2026-10,WOODLANDS,5 ROOM,586,WOODLANDS DR 16,04 TO 06,111.0,Improved,2001,73 years 09 months,618888.0,586 WOODLANDS DR 16,730586,1.428614390084978,103.7947179606955,2026-10-09
240754,2026-10,WOODLANDS,5 ROOM,578,WOODLANDS DR 16,04 TO 06,110.0,Improved,2000,73 years 02 months,600000.0,578 WOODLANDS DR 16,730578,1.431544558343412,103.7961524471076,2026-10-09
240418,2026-10,WOODLANDS,4 ROOM,653,WOODLANDS RING RD,07 TO 09,100.0,Model A,1998,70 years 06 months,570000.0,653 WOODLANDS RING RD,730653,1.438081423379379,103.7990323340258,2026-10-09
240417,2026-10,WOODLANDS,4 ROOM,665,WOODLANDS RING RD,01 TO 03,86.0,Model A2,2000,73 years 01 month,515000.0,665 WOODLANDS RING RD,730665,1.438012808290291,103.7976719008856,2026-10-09
240299,2026-10,WOODLANDS,4 ROOM,799A,WOODLANDS DR 60,10 TO 12,93.0,Model A,2022,94 years 04 months,665000.0,799A WOODLANDS DR 60,731799,1.446649480143798,103.7997285550925,2026-10-09
240191,2026-10,WOODLANDS,4 ROOM,604,WOODLANDS DR 42,07 TO 09,99.0,Model A2,1997,69 years 08 months,570000.0,604 WOODLANDS DR 42,730604,1.4371352956954,103.7963721434624,2026-10-09
239594,2026-10,TOA PAYOH,5 ROOM,138A,LOR 1A TOA PAYOH,31 TO 33,117.0,DBSS,2012,84 years 08 months,1588000.0,138A LOR 1A TOA PAYOH,311138,1.33671098513785,103.8454729455107,2026-10-09
239626,2026-10,TOA PAYOH,5 ROOM,44,LOR 5 TOA PAYOH,04 TO 06,123.0,Improved,1993,65 years 07 months,898000.0,44 LOR 5 TOA PAYOH,310044,1.336231496065028,103.8540431228389,2026-10-09
239647,2026-10,TOA PAYOH,5 ROOM,79C,TOA PAYOH CTRL,04 TO 06,110.0,Improved,2009,81 years 07 months,1285000.0,79C TOA PAYOH CTRL,313079,1.33466057880013,103.8485777649952,2026-10-09
239656,2026-10,TOA PAYOH,EXECUTIVE,240,LOR 1 TOA PAYOH,01 TO 03,146.0,Maisonette,1986,59 years 01 month,970000.0,240 LOR 1 TOA PAYOH,310240,1.340876445676621,103.8508299606361,2026-10-09
239721,2026-10,WOODLANDS,3 ROOM,202,MARSILING DR,04 TO 06,68.0,New Generation,1981,53 years 09 months,360000.0,202 MARSILING DR,730202,1.443151211426942,103.7751647770486,2026-10-09
239722,2026-10,WOODLANDS,3 ROOM,23,MARSILING DR,04 TO 06,67.0,New Generation,1977,50 years 02 months,353000.0,23 MARSILING DR,730023,1.441539757941108,103.7732998911957,2026-10-09
239723,2026-10,WOODLANDS,3 ROOM,2,MARSILING DR,13 TO 15,65.0,Improved,1974,46 years 10 months,310000.0,2 MARSILING DR,730002,1.439938287586006,103.7766947503977,2026-10-09
239763,2026-10,WOODLANDS,3 ROOM,125,MARSILING RISE,01 TO 03,60.0,Improved,1985,57 years 04 months,358000.0,125 MARSILING RISE,730125,1.438482922514372,103.7795248074086,2026-10-09
239849,2026-10,WOODLANDS,3 ROOM,314,WOODLANDS ST 31,07 TO 09,73.0,Model A,1993,66 years,428000.0,314 WOODLANDS ST 31,730314,1.431190723727366,103.7760741144744,2026-10-09
239891,2026-10,WOODLANDS,4 ROOM,34,MARSILING DR,10 TO 12,98.0,New Generation,1978,51 years 03 months,450000.0,34 MARSILING DR,730034,1.44398788887817,103.7720095139311,2026-10-09
239892,2026-10,WOODLANDS,4 ROOM,205,MARSILING DR,04 TO 06,94.0,New Generation,1980,53 years 01 month,422000.0,205 MARSILING DR,730205,1.444946146044309,103.7734841265667,2026-10-09
239932,2026-10,WOODLANDS,4 ROOM,307,WOODLANDS AVE 1,01 TO 03,107.0,Model A,1994,66 years 04 months,525888.0,307 WOODLANDS AVE 1,730307,1.429409278319565,103.7764370889438,2026-10-09
239985,2026-10,WOODLANDS,4 ROOM,877,WOODLANDS AVE 9,01 TO 03,105.0,Model A,1996,68 years 06 months,475000.0,877 WOODLANDS AVE 9,730877,1.445128760969919,103.7913203130371,2026-10-09
240081,2026-10,WOODLANDS,4 ROOM,774,WOODLANDS CRES,07 TO 09,93.0,Model A2,1997,70 years 01 month,495000.0,774 WOODLANDS CRES,730774,1.448147598104975,103.7991427298227,2026-10-09
240118,2026-10,WOODLANDS,4 ROOM,525,WOODLANDS DR 14,07 TO 09,104.0,Premium Apartment,2000,72 years 06 months,540000.0,525 WOODLANDS DR 14,730525,1.432322781077584,103.7932500494352,2026-10-09
240162,2026-10,WOODLANDS,4 ROOM,573B,WOODLANDS DR 16,07 TO 09,93.0,Model A,2018,90 years 09 months,670000.0,573B WOODLANDS DR 16,732573,1.430840724756702,103.797770248134,2026-10-09
240163,2026-10,WOODLANDS,4 ROOM,584,WOODLANDS DR 16,10 TO 12,91.0,Model A,2001,73 years 10 months,528000.0,584 WOODLANDS DR 16,730584,1.429557313753859,103.7948077944182,2026-10-09
240164,2026-10,WOODLANDS,4 ROOM,575,WOODLANDS DR 16,10 TO 12,86.0,Model A2,2000,73 years 03 months,543888.0,575 WOODLANDS DR 16,730575,1.431187204422852,103.7972377290005,2026-10-09
240175,2026-10,WOODLANDS,4 ROOM,706,WOODLANDS DR 40,04 TO 06,102.0,Model A,1996,69 years 01 month,530888.0,706 WOODLANDS DR 40,730706,1.439778457204711,103.7966868267981,2026-10-09
240755,2026-10,WOODLANDS,5 ROOM,580,WOODLANDS DR 16,04 TO 06,110.0,Improved,2001,73 years 07 months,618000.0,580 WOODLANDS DR 16,730580,1.430584404820828,103.7962760916639,2026-10-09
240924,2026-10,WOODLANDS,5 ROOM,633,WOODLANDS RING RD,01 TO 03,121.0,Improved,1999,72 years,596000.0,633 WOODLANDS RING RD,730633,1.435588179819746,103.8023675828442,2026-10-09
238032,2026-10,TAMPINES,4 ROOM,627A,TAMPINES ST 61,13 TO 15,93.0,Model A,2022,94 years 04 months,842000.0,627A TAMPINES ST 61,521627,1.363241561253232,103.940161575823,2026-10-09
242072,2026-10,YISHUN,4 ROOM,505A,YISHUN ST 51,04 TO 06,92.0,Model A,2016,88 years 06 months,581000.0,505A YISHUN ST 51,761505,1.418844595660071,103.8448245318497,2026-10-09
241761,2026-10,YISHUN,4 ROOM,316B,YISHUN AVE 9,04 TO 06,92.0,Model A,2015,88 years 01 month,610000.0,316B YISHUN AVE 9,762316,1.432869321016078,103.8426975907903,2026-10-09
241762,2026-10,YISHUN,4 ROOM,250,YISHUN AVE 9,07 TO 09,84.0,Simplified,1985,57 years 08 months,470000.0,250 YISHUN AVE 9,760250,1.435530625568749,103.8416735591198,2026-10-09
241763,2026-10,YISHUN,4 ROOM,318C,YISHUN AVE 9,07 TO 09,92.0,Model A,2015,88 years 02 months,608000.0,318C YISHUN AVE 9,763318,1.433382790187017,103.8435179089322,2026-10-09
241876,2026-10,YISHUN,4 ROOM,621,YISHUN RING RD,01 TO 03,105.0,Model A,1988,60 years 05 months,515000.0,621 YISHUN RING RD,760621,1.418667011058247,103.8351869755114,2026-10-09
241877,2026-10,YISHUN,4 ROOM,449,YISHUN RING RD,04 TO 06,92.0,Model A,2012,85 years,580000.0,449 YISHUN RING RD,760449,1.422602296292347,103.8442477011048,2026-10-09
241900,2026-10,YISHUN,4 ROOM,132,YISHUN ST 11,04 TO 06,104.0,Model A,1985,57 years 05 months,488000.0,132 YISHUN ST 11,760132,1.432778464150776,103.8312239541356,2026-10-09
241944,2026-10,YISHUN,4 ROOM,276,YISHUN ST 22,07 TO 09,104.0,Model A,1985,58 years,542000.0,276 YISHUN ST 22,760276,1.43782287576482,103.8378380216427,2026-10-09
241945,2026-10,YISHUN,4 ROOM,278,YISHUN ST 22,07 TO 09,104.0,Model A,1985,58 years 01 month,505888.0,278 YISHUN ST 22,760278,1.438314150379971,103.8382268699727,2026-10-09
242023,2026-10,YISHUN,4 ROOM,478B,YISHUN ST 44,04 TO 06,93.0,Model A,2021,93 years 04 months,580000.0,478B YISHUN ST 44,762478,1.429344960267708,103.8516522965436,2026-10-09
242103,2026-10,YISHUN,4 ROOM,646,YISHUN ST 61,04 TO 06,104.0,Model A,1987,59 years 11 months,500000.0,646 YISHUN ST 61,760646,1.422112029540856,103.8374913924661,2026-10-09
240934,2026-10,WOODLANDS,5 ROOM,785D,WOODLANDS RISE,13 TO 15,113.0,Improved,2018,90 years 10 months,700000.0,785D WOODLANDS RISE,734785,1.445582897506628,103.8055924891696,2026-10-09
242182,2026-10,YISHUN,4 ROOM,851,YISHUN ST 81,04 TO 06,104.0,Model A,1988,60 years 06 months,563000.0,851 YISHUN ST 81,760851,1.415587725979972,103.8368106564171,2026-10-09
242238,2026-10,YISHUN,5 ROOM,733,YISHUN AVE 5,07 TO 09,121.0,Improved,1984,57 years,680000.0,733 YISHUN AVE 5,760733,1.429654210820472,103.8308899344904,2026-10-09
242259,2026-10,YISHUN,5 ROOM,317A,YISHUN AVE 9,01 TO 03,112.0,Improved,2015,88 years 01 month,670000.0,317A YISHUN AVE 9,761317,1.434505928966891,103.8432920042813,2026-10-09
242263,2026-10,YISHUN,5 ROOM,302,YISHUN CTRL,07 TO 09,122.0,Improved,1988,60 years 06 months,680000.0,302 YISHUN CTRL,760302,1.430034554346075,103.8396747979581,2026-10-09
242306,2026-10,YISHUN,5 ROOM,787,YISHUN RING RD,04 TO 06,121.0,Improved,1988,60 years 06 months,625000.0,787 YISHUN RING RD,760787,1.421036138842076,103.8320625590859,2026-10-09
242307,2026-10,YISHUN,5 ROOM,309,YISHUN RING RD,07 TO 09,123.0,Improved,1995,67 years 05 months,818000.0,309 YISHUN RING RD,760309,1.43237650422142,103.8405877276374,2026-10-09
242308,2026-10,YISHUN,5 ROOM,775,YISHUN RING RD,01 TO 03,126.0,Improved,1986,58 years 09 months,635000.0,775 YISHUN RING RD,760775,1.422531712352521,103.8321855325628,2026-10-09
242371,2026-10,YISHUN,5 ROOM,512C,YISHUN ST 51,13 TO 15,113.0,Improved,2017,89 years 11 months,778888.0,512C YISHUN ST 51,763512,1.414957758774434,103.8426549828858,2026-10-09
242395,2026-10,YISHUN,5 ROOM,866,YISHUN ST 81,04 TO 06,127.0,Improved,1988,60 years 05 months,735000.0,866 YISHUN ST 81,760866,1.41473228652975,103.8373389718166,2026-10-09
241723,2026-10,YISHUN,4 ROOM,393,YISHUN AVE 6,01 TO 03,104.0,Model A,1988,61 years,510000.0,393 YISHUN AVE 6,760393,1.428515350233915,103.848503721066,2026-10-09
241722,2026-10,YISHUN,4 ROOM,394,YISHUN AVE 6,10 TO 12,105.0,Model A,1989,61 years 11 months,480000.0,394 YISHUN AVE 6,760394,1.428872859409364,103.8481626141703,2026-10-09
241679,2026-10,YISHUN,4 ROOM,673C,YISHUN AVE 4,07 TO 09,93.0,Model A,2018,91 years 02 months,635000.0,673C YISHUN AVE 4,763673,1.421048941769388,103.8422065251849,2026-10-09
241623,2026-10,YISHUN,4 ROOM,768,YISHUN AVE 3,04 TO 06,84.0,Simplified,1985,57 years 11 months,475000.0,768 YISHUN AVE 3,760768,1.424361513348685,103.8339402609825,2026-10-09
241033,2026-10,WOODLANDS,EXECUTIVE,307,WOODLANDS AVE 1,01 TO 03,192.0,Apartment,1994,66 years 04 months,1100000.0,307 WOODLANDS AVE 1,730307,1.429409278319565,103.7764370889438,2026-10-09
241053,2026-10,WOODLANDS,EXECUTIVE,788,WOODLANDS AVE 6,07 TO 09,141.0,Maisonette,1997,70 years,888000.0,788 WOODLANDS AVE 6,730788,1.443250874241263,103.8017716936515,2026-10-09
241112,2026-10,WOODLANDS,EXECUTIVE,646,WOODLANDS RING RD,07 TO 09,143.0,Maisonette,1998,70 years 11 months,898000.0,646 WOODLANDS RING RD,730646,1.437606816758292,103.8004023405614,2026-10-09
241113,2026-10,WOODLANDS,EXECUTIVE,646,WOODLANDS RING RD,10 TO 12,141.0,Apartment,1998,70 years 11 months,910000.0,646 WOODLANDS RING RD,730646,1.437606816758292,103.8004023405614,2026-10-09
241287,2026-10,YISHUN,3 ROOM,704,YISHUN AVE 5,07 TO 09,68.0,New Generation,1984,56 years 04 months,383000.0,704 YISHUN AVE 5,760704,1.429234208213896,103.8288806031946,2026-10-09
241288,2026-10,YISHUN,3 ROOM,703,YISHUN AVE 5,04 TO 06,82.0,New Generation,1984,56 years 05 months,420000.0,703 YISHUN AVE 5,760703,1.42958489778702,103.8288511127075,2026-10-09
241289,2026-10,YISHUN,3 ROOM,701,YISHUN AVE 5,07 TO 09,68.0,New Generation,1984,56 years 04 months,400000.0,701 YISHUN AVE 5,760701,1.429954557061192,103.8288352353483,2026-10-09
241297,2026-10,YISHUN,3 ROOM,284,YISHUN AVE 6,10 TO 12,74.0,Model A,1987,59 years 11 months,395000.0,284 YISHUN AVE 6,760284,1.439698597426969,103.8388284694629,2026-10-09
241385,2026-10,YISHUN,3 ROOM,141,YISHUN RING RD,07 TO 09,71.0,New Generation,1984,57 years 03 months,418000.0,141 YISHUN RING RD,760141,1.430897002382556,103.8300008163709,2026-10-09
241386,2026-10,YISHUN,3 ROOM,117,YISHUN RING RD,07 TO 09,74.0,Model A,1983,55 years 09 months,420000.0,117 YISHUN RING RD,760117,1.43555874650872,103.8276990513048,2026-10-09
241459,2026-10,YISHUN,3 ROOM,208,YISHUN ST 21,10 TO 12,67.0,New Generation,1985,58 years 02 months,440000.0,208 YISHUN ST 21,760208,1.431022337780433,103.8376232330936,2026-10-09
241460,2026-10,YISHUN,3 ROOM,206,YISHUN ST 21,04 TO 06,67.0,New Generation,1985,57 years 04 months,395888.0,206 YISHUN ST 21,760206,1.431240090002231,103.8367841220426,2026-10-09
241461,2026-10,YISHUN,3 ROOM,202,YISHUN ST 21,01 TO 03,71.0,New Generation,1985,58 years,470000.0,202 YISHUN ST 21,760202,1.430661919124347,103.8373343219448,2026-10-09
241470,2026-10,YISHUN,3 ROOM,263,YISHUN ST 22,10 TO 12,64.0,Simplified,1986,58 years 09 months,411000.0,263 YISHUN ST 22,760263,1.436162980652364,103.8391111268154,2026-10-09
241501,2026-10,YISHUN,3 ROOM,511C,YISHUN ST 51,13 TO 15,68.0,Model A,2017,89 years 11 months,505888.0,511C YISHUN ST 51,763511,1.415303052586667,103.8425967785276,2026-10-09
241521,2026-10,YISHUN,3 ROOM,719,YISHUN ST 71,10 TO 12,64.0,Simplified,1987,60 years,375000.0,719 YISHUN ST 71,760719,1.426880849884187,103.8293031366878,2026-10-09
241551,2026-10,YISHUN,4 ROOM,432B,YISHUN AVE 1,04 TO 06,92.0,Model A,2015,88 years,552000.0,432B YISHUN AVE 1,762432,1.419099933528428,103.846461812401,2026-10-09
241605,2026-10,YISHUN,4 ROOM,430B,YISHUN AVE 11,04 TO 06,92.0,Model A,2015,88 years 03 months,558000.0,430B YISHUN AVE 11,762430,1.420987097308351,103.848612654306,2026-10-09
241606,2026-10,YISHUN,4 ROOM,348D,YISHUN AVE 11,13 TO 15,92.0,DBSS,2013,85 years 11 months,765000.0,348D YISHUN AVE 11,764348,1.426926620975583,103.8428969567047,2026-10-09
239543,2026-10,TOA PAYOH,5 ROOM,108B,BIDADARI PK DR,10 TO 12,113.0,Improved,2021,94 years 03 months,1480000.0,108B BIDADARI PK DR,342108,1.333672084213644,103.872010744965,2026-10-09
239504,2026-10,TOA PAYOH,4 ROOM,79B,TOA PAYOH CTRL,25 TO 27,91.0,Model A,2009,81 years 07 months,1065000.0,79B TOA PAYOH CTRL,312079,1.334640783019093,103.8479902668812,2026-10-09
239503,2026-10,TOA PAYOH,4 ROOM,79E,TOA PAYOH CTRL,22 TO 24,91.0,Model A,2009,81 years 07 months,1049000.0,79E TOA PAYOH CTRL,315079,1.334727136262367,103.8498229843371,2026-10-09
238656,2026-10,TAMPINES,5 ROOM,862A,TAMPINES ST 83,10 TO 12,122.0,Improved,1988,60 years 07 months,808000.0,862A TAMPINES ST 83,521862,1.355063761557436,103.9365072164228,2026-10-09
238409,2026-10,TAMPINES,5 ROOM,608C,TAMPINES NTH DR 1,10 TO 12,113.0,Improved,2020,93 years 01 month,880000.0,608C TAMPINES NTH DR 1,523608,1.363115171412653,103.9364026464167,2026-10-09
238422,2026-10,TAMPINES,5 ROOM,162,TAMPINES ST 12,07 TO 09,133.0,Model A,1984,56 years 10 months,820000.0,162 TAMPINES ST 12,521162,1.349904964111985,103.9471397966483,2026-10-09
238473,2026-10,TAMPINES,5 ROOM,385,TAMPINES ST 32,04 TO 06,127.0,Improved,1993,66 years,770000.0,385 TAMPINES ST 32,520385,1.354960043758455,103.9585209501301,2026-10-09
238499,2026-10,TAMPINES,5 ROOM,373,TAMPINES ST 34,04 TO 06,124.0,Improved,1995,68 years,740000.0,373 TAMPINES ST 34,520373,1.356021847331106,103.9587806273064,2026-10-09
238589,2026-10,TAMPINES,5 ROOM,618B,TAMPINES ST 61,07 TO 09,113.0,Improved,2021,94 years 01 month,930000.0,618B TAMPINES ST 61,522618,1.362323279315013,103.9391417714057,2026-10-09
238611,2026-10,TAMPINES,5 ROOM,730,TAMPINES ST 71,01 TO 03,123.0,Improved,1997,70 years 03 months,765000.0,730 TAMPINES ST 71,520730,1.356706064564382,103.9334991800085,2026-10-09
238612,2026-10,TAMPINES,5 ROOM,729,TAMPINES ST 71,01 TO 03,123.0,Improved,1997,70 years,795000.0,729 TAMPINES ST 71,520729,1.356440990367118,103.9341390237756,2026-10-09
238624,2026-10,TAMPINES,5 ROOM,722,TAMPINES ST 72,13 TO 15,119.0,Improved,1997,69 years 07 months,850000.0,722 TAMPINES ST 72,520722,1.359892544962358,103.935859341782,2026-10-09
238643,2026-10,TAMPINES,5 ROOM,842H,TAMPINES ST 82,04 TO 06,128.0,Improved,1995,67 years 11 months,830000.0,842H TAMPINES ST 82,528842,1.351616678615783,103.937070511177,2026-10-09
238660,2026-10,TAMPINES,5 ROOM,872,TAMPINES ST 84,10 TO 12,121.0,Improved,1988,61 years 03 months,750000.0,872 TAMPINES ST 84,520872,1.354221726616332,103.9323541476379,2026-10-09
239459,2026-10,TOA PAYOH,4 ROOM,219,LOR 8 TOA PAYOH,16 TO 18,82.0,Improved,1978,50 years 04 months,463888.0,219 LOR 8 TOA PAYOH,310219,1.342764331901408,103.8558725593071,2026-10-09
238678,2026-10,TAMPINES,5 ROOM,874C,TAMPINES ST 85,01 TO 03,113.0,Improved,2021,94 years 01 month,870000.0,874C TAMPINES ST 85,523874,1.354000404258416,103.9309408381578,2026-10-09
238689,2026-10,TAMPINES,5 ROOM,870A,TAMPINES ST 86,04 TO 06,114.0,Improved,2017,89 years 05 months,880888.0,870A TAMPINES ST 86,521870,1.356087002058969,103.9317522484002,2026-10-09
238725,2026-10,TAMPINES,EXECUTIVE,941,TAMPINES AVE 5,10 TO 12,146.0,Maisonette,1988,61 years 01 month,1170000.0,941 TAMPINES AVE 5,520941,1.349435712320652,103.9407347603396,2026-10-09
238726,2026-10,TAMPINES,EXECUTIVE,148,TAMPINES AVE 5,07 TO 09,150.0,Maisonette,1985,57 years 05 months,995000.0,148 TAMPINES AVE 5,521148,1.350613171435027,103.9422499742785,2026-10-09
238741,2026-10,TAMPINES,EXECUTIVE,125,TAMPINES ST 11,04 TO 06,146.0,Maisonette,1985,58 years 02 months,900000.0,125 TAMPINES ST 11,521125,1.346314203474794,103.9501252750005,2026-10-09
238777,2026-10,TAMPINES,EXECUTIVE,324,TAMPINES ST 32,04 TO 06,149.0,Apartment,1995,68 years 03 months,980000.0,324 TAMPINES ST 32,520324,1.352388342317341,103.9594433606883,2026-10-09
238778,2026-10,TAMPINES,EXECUTIVE,329,TAMPINES ST 32,07 TO 09,149.0,Apartment,1995,68 years 03 months,1000000.0,329 TAMPINES ST 32,520329,1.353355521209622,103.958728583436,2026-10-09
238782,2026-10,TAMPINES,EXECUTIVE,313,TAMPINES ST 33,07 TO 09,144.0,Apartment,1993,65 years 10 months,945000.0,313 TAMPINES ST 33,520313,1.352217047755365,103.9568040599815,2026-10-09
238794,2026-10,TAMPINES,EXECUTIVE,426,TAMPINES ST 41,01 TO 03,148.0,Maisonette,1986,58 years 04 months,855000.0,426 TAMPINES ST 41,520426,1.359574781528089,103.9479300458372,2026-10-09
238364,2026-10,TAMPINES,5 ROOM,518C,TAMPINES CTRL 7,07 TO 09,113.0,DBSS,2008,81 years 04 months,1020000.0,518C TAMPINES CTRL 7,523518,1.356369670925228,103.9389879917587,2026-10-09
238363,2026-10,TAMPINES,5 ROOM,518B,TAMPINES CTRL 7,04 TO 06,109.0,DBSS,2008,81 years 03 months,978888.0,518B TAMPINES CTRL 7,522518,1.356369680532023,103.9386691390669,2026-10-09
238362,2026-10,TAMPINES,5 ROOM,518C,TAMPINES CTRL 7,04 TO 06,107.0,DBSS,2008,81 years 04 months,935000.0,518C TAMPINES CTRL 7,523518,1.356369670925228,103.9389879917587,2026-10-09
238361,2026-10,TAMPINES,5 ROOM,515B,TAMPINES CTRL 7,10 TO 12,108.0,DBSS,2008,81 years 04 months,1052000.0,515B TAMPINES CTRL 7,522515,1.356967819831796,103.9386677046897,2026-10-09
238033,2026-10,TAMPINES,4 ROOM,621A,TAMPINES ST 61,07 TO 09,93.0,Model A,2022,94 years 04 months,778000.0,621A TAMPINES ST 61,521621,1.360945334690903,103.9386918243611,2026-10-09
238034,2026-10,TAMPINES,4 ROOM,627B,TAMPINES ST 61,04 TO 06,93.0,Model A,2022,94 years 04 months,778000.0,627B TAMPINES ST 61,522627,1.363609326915282,103.9399423538667,2026-10-09
238035,2026-10,TAMPINES,4 ROOM,619B,TAMPINES ST 61,07 TO 09,93.0,Model A,2021,94 years 01 month,790000.0,619B TAMPINES ST 61,522619,1.36188469560748,103.9394040171763,2026-10-09
238036,2026-10,TAMPINES,4 ROOM,619B,TAMPINES ST 61,01 TO 03,93.0,Model A,2021,94 years 01 month,740000.0,619B TAMPINES ST 61,522619,1.36188469560748,103.9394040171763,2026-10-09
238105,2026-10,TAMPINES,4 ROOM,836,TAMPINES ST 82,04 TO 06,105.0,Model A,1985,57 years 08 months,623000.0,836 TAMPINES ST 82,520836,1.35057689370413,103.9352048075845,2026-10-09
238191,2026-10,TAMPINES,4 ROOM,875B,TAMPINES ST 86,04 TO 06,93.0,Model A,2021,94 years 01 month,725000.0,875B TAMPINES ST 86,522875,1.352919992136705,103.9295011314968,2026-10-09
238192,2026-10,TAMPINES,4 ROOM,870A,TAMPINES ST 86,04 TO 06,94.0,Model A,2017,89 years 05 months,725000.0,870A TAMPINES ST 86,521870,1.356087002058969,103.9317522484002,2026-10-09
238214,2026-10,TAMPINES,4 ROOM,934,TAMPINES ST 91,04 TO 06,104.0,Model A,1985,57 years 05 months,650000.0,934 TAMPINES ST 91,520934,1.345334108148129,103.9401221483354,2026-10-09
238215,2026-10,TAMPINES,4 ROOM,916,TAMPINES ST 91,04 TO 06,104.0,Model A,1984,57 years,640000.0,916 TAMPINES ST 91,520916,1.348631073725226,103.9402904093747,2026-10-09
238216,2026-10,TAMPINES,4 ROOM,921,TAMPINES ST 91,07 TO 09,104.0,Model A,1984,57 years 01 month,685000.0,921 TAMPINES ST 91,520921,1.34829167331944,103.9407447382178,2026-10-09
238217,2026-10,TAMPINES,4 ROOM,921,TAMPINES ST 91,01 TO 03,103.0,Model A,1984,57 years 02 months,615000.0,921 TAMPINES ST 91,520921,1.34829167331944,103.9407447382178,2026-10-09
238234,2026-10,TAMPINES,5 ROOM,164,SIMEI RD,04 TO 06,122.0,Improved,1989,61 years 06 months,718888.0,164 SIMEI RD,520164,1.346073024892793,103.9584322811472,2026-10-09
238263,2026-10,TAMPINES,5 ROOM,142,SIMEI ST 2,04 TO 06,122.0,Improved,1988,60 years 06 months,725000.0,142 SIMEI ST 2,520142,1.345349830548421,103.9551272620367,2026-10-09
238268,2026-10,TAMPINES,5 ROOM,622A,TAMPINES AVE 12,13 TO 15,113.0,Improved,2022,94 years 04 months,952000.0,622A TAMPINES AVE 12,521622,1.361061853493206,103.9400170221557,2026-10-09
238269,2026-10,TAMPINES,5 ROOM,622A,TAMPINES AVE 12,01 TO 03,113.0,Improved,2022,94 years 04 months,900000.0,622A TAMPINES AVE 12,521622,1.361061853493206,103.9400170221557,2026-10-09
238270,2026-10,TAMPINES,5 ROOM,622A,TAMPINES AVE 12,04 TO 06,113.0,Improved,2022,94 years 04 months,960000.0,622A TAMPINES AVE 12,521622,1.361061853493206,103.9400170221557,2026-10-09
238288,2026-10,TAMPINES,5 ROOM,394,TAMPINES AVE 7,01 TO 03,127.0,Improved,1994,67 years 02 months,778000.0,394 TAMPINES AVE 7,520394,1.355192449167026,103.956061489556,2026-10-09
238309,2026-10,TAMPINES,5 ROOM,876C,TAMPINES AVE 8,04 TO 06,113.0,Improved,2021,94 years 01 month,912000.0,876C TAMPINES AVE 8,523876,1.353396484065477,103.9302585994037,2026-10-09
238336,2026-10,TAMPINES,5 ROOM,488A,TAMPINES AVE 9,07 TO 09,121.0,Improved,1989,61 years 07 months,700000.0,488A TAMPINES AVE 9,520488,1.360222063387951,103.9563359981512,2026-10-09
238808,2026-10,TAMPINES,EXECUTIVE,498M,TAMPINES ST 45,07 TO 09,143.0,Premium Apartment,1997,69 years 10 months,980000.0,498M TAMPINES ST 45,529498,1.361890482304403,103.957741457309,2026-10-09
238827,2026-10,TAMPINES,EXECUTIVE,894,TAMPINES ST 81,10 TO 12,146.0,Maisonette,1989,61 years 04 months,1080000.0,894 TAMPINES ST 81,520894,1.348604200572579,103.9319221383735,2026-10-09
238836,2026-10,TAMPINES,EXECUTIVE,856D,TAMPINES ST 82,10 TO 12,146.0,Maisonette,1995,68 years 02 months,1208888.0,856D TAMPINES ST 82,524856,1.352097285344679,103.9387393960409,2026-10-09
239248,2026-10,TOA PAYOH,4 ROOM,113A,ALKAFF CRES,01 TO 03,93.0,Model A,2021,94 years 03 months,923000.0,113A ALKAFF CRES,341113,1.335959427687006,103.8731510428391,2026-10-09
239250,2026-10,TOA PAYOH,4 ROOM,111B,ALKAFF CRES,07 TO 09,93.0,Model A,2021,94 years 03 months,1040888.0,111B ALKAFF CRES,342111,1.335005345068894,103.8733305547711,2026-10-09
239333,2026-10,TOA PAYOH,4 ROOM,104A,BIDADARI PK DR,04 TO 06,93.0,Model A,2021,93 years 09 months,1000888.0,104A BIDADARI PK DR,341104,1.335321977889235,103.8709339933374,2026-10-09
239334,2026-10,TOA PAYOH,4 ROOM,103B,BIDADARI PK DR,04 TO 06,93.0,Model A,2021,93 years 09 months,1000000.0,103B BIDADARI PK DR,342103,1.335089454203733,103.8713372798048,2026-10-09
239335,2026-10,TOA PAYOH,4 ROOM,104A,BIDADARI PK DR,10 TO 12,93.0,Model A,2021,93 years 09 months,1058000.0,104A BIDADARI PK DR,341104,1.335321977889235,103.8709339933374,2026-10-09
239336,2026-10,TOA PAYOH,4 ROOM,102B,BIDADARI PK DR,07 TO 09,93.0,Model A,2021,93 years 09 months,1058888.0,102B BIDADARI PK DR,342102,1.33622045424377,103.8718470665178,2026-10-09
239337,2026-10,TOA PAYOH,4 ROOM,110B,BIDADARI PK DR,13 TO 15,93.0,Model A,2021,94 years 03 months,1046000.0,110B BIDADARI PK DR,342110,1.334068254294078,103.8732659365756,2026-10-09
239338,2026-10,TOA PAYOH,4 ROOM,103B,BIDADARI PK DR,07 TO 09,93.0,Model A,2021,93 years 09 months,1088000.0,103B BIDADARI PK DR,342103,1.335089454203733,103.8713372798048,2026-10-09
239339,2026-10,TOA PAYOH,4 ROOM,107A,BIDADARI PK DR,07 TO 09,93.0,Model A,2021,94 years 03 months,1050000.0,107A BIDADARI PK DR,341107,1.334779767862864,103.872399131107,2026-10-09
239340,2026-10,TOA PAYOH,4 ROOM,110B,BIDADARI PK DR,13 TO 15,93.0,Model A,2021,94 years 03 months,1195000.0,110B BIDADARI PK DR,342110,1.334068254294078,103.8732659365756,2026-10-09
239341,2026-10,TOA PAYOH,4 ROOM,110A,BIDADARI PK DR,01 TO 03,93.0,Model A,2021,94 years 03 months,995000.0,110A BIDADARI PK DR,341110,1.333484161789856,103.8731471766112,2026-10-09
239342,2026-10,TOA PAYOH,4 ROOM,102B,BIDADARI PK DR,07 TO 09,93.0,Model A,2021,93 years 10 months,1011000.0,102B BIDADARI PK DR,342102,1.33622045424377,103.8718470665178,2026-10-09
239343,2026-10,TOA PAYOH,4 ROOM,110B,BIDADARI PK DR,10 TO 12,93.0,Model A,2021,94 years 03 months,1060000.0,110B BIDADARI PK DR,342110,1.334068254294078,103.8732659365756,2026-10-09
239353,2026-10,TOA PAYOH,4 ROOM,17,JOO SENG RD,13 TO 15,102.0,Model A,1983,56 years 03 months,628000.0,17 JOO SENG RD,360017,1.336162309526256,103.8813759738429,2026-10-09
239354,2026-10,TOA PAYOH,4 ROOM,18,JOO SENG RD,04 TO 06,103.0,Model A,1984,56 years 06 months,560000.0,18 JOO SENG RD,360018,1.336849221991864,103.8811415120643,2026-10-09
239363,2026-10,TOA PAYOH,4 ROOM,242,KIM KEAT LINK,01 TO 03,104.0,Model A,1989,61 years 07 months,600000.0,242 KIM KEAT LINK,310242,1.329858459760553,103.8558213901191,2026-10-09
239364,2026-10,TOA PAYOH,4 ROOM,246,KIM KEAT LINK,07 TO 09,104.0,Model A,1989,61 years 06 months,668000.0,246 KIM KEAT LINK,310246,1.330780826656709,103.8558442682844,2026-10-09
239387,2026-10,TOA PAYOH,4 ROOM,156,LOR 1 TOA PAYOH,16 TO 18,101.0,Model A,1999,71 years 05 months,790000.0,156 LOR 1 TOA PAYOH,310156,1.332564732176291,103.8452068933974,2026-10-09
239438,2026-10,TOA PAYOH,4 ROOM,80B,LOR 4 TOA PAYOH,10 TO 12,104.0,Model A,1997,69 years 06 months,950000.0,80B LOR 4 TOA PAYOH,312080,1.335294011205424,103.8498882088725,2026-10-09
239458,2026-10,TOA PAYOH,4 ROOM,219,LOR 8 TOA PAYOH,07 TO 09,82.0,Improved,1978,50 years 04 months,420000.0,219 LOR 8 TOA PAYOH,310219,1.342764331901408,103.8558725593071,2026-10-09
239249,2026-10,TOA PAYOH,4 ROOM,112B,ALKAFF CRES,07 TO 09,93.0,Model A,2021,94 years 03 months,940000.0,112B ALKAFF CRES,342112,1.335862313536717,103.8735040037253,2026-10-09
239247,2026-10,TOA PAYOH,4 ROOM,112B,ALKAFF CRES,13 TO 15,93.0,Model A,2021,94 years 03 months,1135000.0,112B ALKAFF CRES,342112,1.335862313536717,103.8735040037253,2026-10-09
238837,2026-10,TAMPINES,EXECUTIVE,856C,TAMPINES ST 82,04 TO 06,142.0,Apartment,1995,68 years 02 months,1138000.0,856C TAMPINES ST 82,523856,1.352505101715657,103.9375875073159,2026-10-09
239246,2026-10,TOA PAYOH,4 ROOM,113A,ALKAFF CRES,07 TO 09,93.0,Model A,2021,94 years 03 months,1088888.0,113A ALKAFF CRES,341113,1.335959427687006,103.8731510428391,2026-10-09
238842,2026-10,TAMPINES,EXECUTIVE,867A,TAMPINES ST 83,04 TO 06,146.0,Maisonette,1989,61 years 05 months,1000000.0,867A TAMPINES ST 83,521867,1.3557064402835,103.9337534764193,2026-10-09
238890,2026-10,TOA PAYOH,3 ROOM,112B,ALKAFF CRES,07 TO 09,68.0,Model A,2021,94 years 03 months,788888.0,112B ALKAFF CRES,342112,1.335862313536717,103.8735040037253,2026-10-09
238891,2026-10,TOA PAYOH,3 ROOM,114B,ALKAFF CRES,04 TO 06,68.0,Model A,2021,94 years 03 months,800000.0,114B ALKAFF CRES,342114,1.335207164882379,103.8725960500825,2026-10-09
238892,2026-10,TOA PAYOH,3 ROOM,114A,ALKAFF CRES,13 TO 15,68.0,Model A,2021,94 years 03 months,800000.0,114A ALKAFF CRES,341114,1.335621460472767,103.8727086739953,2026-10-09
238893,2026-10,TOA PAYOH,3 ROOM,114B,ALKAFF CRES,01 TO 03,68.0,Model A,2021,94 years 03 months,700000.0,114B ALKAFF CRES,342114,1.335207164882379,103.8725960500825,2026-10-09
238894,2026-10,TOA PAYOH,3 ROOM,114A,ALKAFF CRES,13 TO 15,68.0,Model A,2021,94 years 03 months,818888.0,114A ALKAFF CRES,341114,1.335621460472767,103.8727086739953,2026-10-09
238925,2026-10,TOA PAYOH,3 ROOM,107A,BIDADARI PK DR,01 TO 03,68.0,Model A,2021,94 years 03 months,710000.0,107A BIDADARI PK DR,341107,1.334779767862864,103.872399131107,2026-10-09
238926,2026-10,TOA PAYOH,3 ROOM,107A,BIDADARI PK DR,01 TO 03,68.0,Model A,2021,94 years 03 months,790000.0,107A BIDADARI PK DR,341107,1.334779767862864,103.872399131107,2026-10-09
238927,2026-10,TOA PAYOH,3 ROOM,101A,BIDADARI PK DR,07 TO 09,68.0,Model A,2021,93 years 09 months,835000.0,101A BIDADARI PK DR,341101,1.336854621676229,103.8709963136923,2026-10-09
239014,2026-10,TOA PAYOH,3 ROOM,173,LOR 1 TOA PAYOH,10 TO 12,66.0,Improved,1972,44 years 10 months,362000.0,173 LOR 1 TOA PAYOH,310173,1.330008198666725,103.8425329360502,2026-10-09
239015,2026-10,TOA PAYOH,3 ROOM,157,LOR 1 TOA PAYOH,04 TO 06,77.0,Improved,1971,43 years 10 months,415888.0,157 LOR 1 TOA PAYOH,310157,1.332206263212489,103.8454528617383,2026-10-09
239016,2026-10,TOA PAYOH,3 ROOM,158,LOR 1 TOA PAYOH,10 TO 12,76.0,Improved,1972,44 years 04 months,428000.0,158 LOR 1 TOA PAYOH,310158,1.331466010049369,103.8450546363397,2026-10-09
239017,2026-10,TOA PAYOH,3 ROOM,100,LOR 1 TOA PAYOH,01 TO 03,68.0,Improved,1970,42 years 04 months,288000.0,100 LOR 1 TOA PAYOH,310100,1.339564005178829,103.8485857138171,2026-10-09
239045,2026-10,TOA PAYOH,3 ROOM,66,LOR 4 TOA PAYOH,07 TO 09,64.0,Standard,1969,41 years 04 months,353000.0,66 LOR 4 TOA PAYOH,310066,1.335013325636516,103.8517784022934,2026-10-09
239065,2026-10,TOA PAYOH,3 ROOM,38,LOR 5 TOA PAYOH,10 TO 12,67.0,Improved,1970,42 years 04 months,360000.0,38 LOR 5 TOA PAYOH,310038,1.335341002234005,103.8548594097284,2026-10-09
239066,2026-10,TOA PAYOH,3 ROOM,59,LOR 5 TOA PAYOH,07 TO 09,61.0,Standard,1973,45 years 04 months,343000.0,59 LOR 5 TOA PAYOH,310059,1.336750357018817,103.851794384284,2026-10-09
239118,2026-10,TOA PAYOH,3 ROOM,234,LOR 8 TOA PAYOH,07 TO 09,65.0,Improved,1976,49 years,375000.0,234 LOR 8 TOA PAYOH,310234,1.338601486269281,103.8579140698371,2026-10-09
239143,2026-10,TOA PAYOH,3 ROOM,117,POTONG PASIR AVE 1,01 TO 03,67.0,New Generation,1984,57 years 01 month,425000.0,117 POTONG PASIR AVE 1,350117,1.336008252523587,103.8630208498185,2026-10-09
239178,2026-10,TOA PAYOH,3 ROOM,262,TOA PAYOH EAST,34 TO 36,68.0,Model A,2019,92 years 03 months,855000.0,262 TOA PAYOH EAST,310262,1.333204403976461,103.8556182627034,2026-10-09
231997,2026-10,MARINE PARADE,3 ROOM,31,MARINE CRES,01 TO 03,76.0,Improved,1975,47 years 08 months,480000.0,31 MARINE CRES,440031,1.303705566385137,103.9114447875902,2026-10-09
242454,2026-10,YISHUN,MULTI-GENERATION,633,YISHUN ST 61,10 TO 12,171.0,Multi Generation,1987,60 years 03 months,1178000.0,633 YISHUN ST 61,760633,1.418657574143827,103.8398421209682,2026-10-09
226898,2026-10,CENTRAL AREA,4 ROOM,1C,CANTONMENT RD,04 TO 06,94.0,Type S1,2011,83 years 04 months,1188888.0,1C CANTONMENT RD,85301,1.277449093870789,103.8416666796505,2026-10-09
225329,2026-10,BUKIT BATOK,EXECUTIVE,221,BT BATOK EAST AVE 3,04 TO 06,146.0,Apartment,1985,57 years 09 months,750000.0,221 BT BATOK EAST AVE 3,650221,1.347475623719476,103.7536909536705,2026-10-09
225115,2026-10,BUKIT BATOK,5 ROOM,289D,BT BATOK ST 25,10 TO 12,120.0,Improved,1997,70 years 03 months,743000.0,289D BT BATOK ST 25,653289,1.343401611518558,103.7591885342409,2026-10-09
225117,2026-10,BUKIT BATOK,5 ROOM,374,BT BATOK ST 31,04 TO 06,128.0,Improved,1988,60 years 06 months,608000.0,374 BT BATOK ST 31,650374,1.357982911067424,103.7507364257311,2026-10-09
225138,2026-10,BUKIT BATOK,5 ROOM,463A,BT BATOK ST 41,13 TO 15,113.0,Improved,2021,93 years 10 months,820000.0,463A BT BATOK ST 41,651463,1.356331624193062,103.7421945896279,2026-10-09
225162,2026-10,BUKIT BATOK,5 ROOM,387,BT BATOK WEST AVE 5,04 TO 06,118.0,Improved,2004,77 years 02 months,660000.0,387 BT BATOK WEST AVE 5,650387,1.364865217222206,103.7524524572329,2026-10-09
225202,2026-10,BUKIT BATOK,5 ROOM,453A,BT BATOK WEST AVE 6,04 TO 06,115.0,Improved,2019,91 years 06 months,725000.0,453A BT BATOK WEST AVE 6,651453,1.352274883054454,103.7422532605123,2026-10-09
225203,2026-10,BUKIT BATOK,5 ROOM,453B,BT BATOK WEST AVE 6,16 TO 18,115.0,Improved,2019,91 years 06 months,865000.0,453B BT BATOK WEST AVE 6,652453,1.35202191803833,103.7426886354308,2026-10-09
225292,2026-10,BUKIT BATOK,5 ROOM,464A,BT BATOK WEST AVE 8,01 TO 03,113.0,Improved,2021,93 years 10 months,710000.0,464A BT BATOK WEST AVE 8,651464,1.357370214143069,103.7417496817024,2026-10-09
225293,2026-10,BUKIT BATOK,5 ROOM,464A,BT BATOK WEST AVE 8,04 TO 06,113.0,Improved,2021,93 years 10 months,810000.0,464A BT BATOK WEST AVE 8,651464,1.357370214143069,103.7417496817024,2026-10-09
225323,2026-10,BUKIT BATOK,EXECUTIVE,125,BT BATOK CTRL,13 TO 15,144.0,Apartment,1985,57 years 10 months,925000.0,125 BT BATOK CTRL,650125,1.35153484935942,103.7471584962905,2026-10-09
225341,2026-10,BUKIT BATOK,EXECUTIVE,288G,BT BATOK ST 25,13 TO 15,165.0,Maisonette,1997,70 years 02 months,1180000.0,288G BT BATOK ST 25,656288,1.345013480957637,103.7595967718385,2026-10-09
226902,2026-10,CENTRAL AREA,4 ROOM,26,JLN BERSEH,10 TO 12,87.0,Improved,1979,51 years 09 months,630000.0,26 JLN BERSEH,200026,1.306163608956271,103.857776695846,2026-10-09
225366,2026-10,BUKIT BATOK,EXECUTIVE,406,BT BATOK WEST AVE 7,10 TO 12,152.0,Apartment,1993,65 years 07 months,885888.0,406 BT BATOK WEST AVE 7,650406,1.365178267184322,103.7458131502036,2026-10-09
225375,2026-10,BUKIT MERAH,1 ROOM,7,TELOK BLANGAH CRES,04 TO 06,31.0,Improved,1975,47 years 06 months,265000.0,7 TELOK BLANGAH CRES,90007,1.27836137310784,103.8193840104968,2026-10-09
225432,2026-10,BUKIT MERAH,3 ROOM,104,BT PURMEI RD,01 TO 03,73.0,Model A,1984,56 years 07 months,418000.0,104 BT PURMEI RD,90104,1.272398535878593,103.8256255041818,2026-10-09
225433,2026-10,BUKIT MERAH,3 ROOM,104,BT PURMEI RD,04 TO 06,77.0,Model A,1984,56 years 07 months,460000.0,104 BT PURMEI RD,90104,1.272398535878593,103.8256255041818,2026-10-09
225448,2026-10,BUKIT MERAH,3 ROOM,5,EVERTON PK,07 TO 09,72.0,New Generation,1980,53 years 02 months,600000.0,5 EVERTON PK,80005,1.27668433818668,103.8394591087532,2026-10-09
225477,2026-10,BUKIT MERAH,3 ROOM,28,HOY FATT RD,01 TO 03,60.0,Standard,1967,39 years 09 months,310000.0,28 HOY FATT RD,151028,1.28675654367639,103.8101217130447,2026-10-09
225484,2026-10,BUKIT MERAH,3 ROOM,77,INDUS RD,01 TO 03,63.0,Improved,1973,45 years 04 months,363000.0,77 INDUS RD,160077,1.291134836469015,103.8267644535911,2026-10-09
225636,2026-10,BUKIT MERAH,3 ROOM,93B,TELOK BLANGAH ST 31,13 TO 15,68.0,Model A,2018,91 years 03 months,743888.0,93B TELOK BLANGAH ST 31,102093,1.275357220081603,103.8079772579684,2026-10-09
225663,2026-10,BUKIT MERAH,4 ROOM,6B,BOON TIONG RD,19 TO 21,100.0,Model A,2005,78 years 01 month,1210000.0,6B BOON TIONG RD,165006,1.286545996088573,103.83082447985,2026-10-09
225106,2026-10,BUKIT BATOK,5 ROOM,290G,BT BATOK ST 24,01 TO 03,121.0,Improved,1998,70 years 04 months,670000.0,290G BT BATOK ST 24,656290,1.343377777701233,103.7571747369646,2026-10-09
225083,2026-10,BUKIT BATOK,5 ROOM,202,BT BATOK ST 21,04 TO 06,133.0,Model A,1985,57 years 10 months,660000.0,202 BT BATOK ST 21,650202,1.346597858357508,103.7484484372939,2026-10-09
225046,2026-10,BUKIT BATOK,4 ROOM,468A,BT BATOK WEST AVE 9,13 TO 15,93.0,Model A,2021,93 years 10 months,646000.0,468A BT BATOK WEST AVE 9,651468,1.356495225229154,103.7427126570017,2026-10-09
224978,2026-10,BUKIT BATOK,4 ROOM,439A,BT BATOK WEST AVE 8,13 TO 15,93.0,Model A,2020,92 years 05 months,695000.0,439A BT BATOK WEST AVE 8,651439,1.356821604362712,103.7403305434673,2026-10-09
224210,2026-10,BISHAN,EXECUTIVE,231,BISHAN ST 23,13 TO 15,148.0,Maisonette,1992,64 years 08 months,1362888.0,231 BISHAN ST 23,570231,1.357291228549776,103.8458456905549,2026-10-09
224291,2026-10,BUKIT BATOK,2 ROOM,468A,BT BATOK WEST AVE 9,16 TO 18,47.0,2-room,2021,93 years 10 months,425000.0,468A BT BATOK WEST AVE 9,651468,1.356495225229154,103.7427126570017,2026-10-09
224339,2026-10,BUKIT BATOK,3 ROOM,250,BT BATOK EAST AVE 5,10 TO 12,73.0,Model A,1985,57 years 08 months,433000.0,250 BT BATOK EAST AVE 5,650250,1.351055492778645,103.757080302123,2026-10-09
224347,2026-10,BUKIT BATOK,3 ROOM,164,BT BATOK ST 11,04 TO 06,73.0,Model A,1984,57 years 03 months,400000.0,164 BT BATOK ST 11,650164,1.347716974772196,103.7428317110537,2026-10-09
224459,2026-10,BUKIT BATOK,3 ROOM,416,BT BATOK WEST AVE 4,04 TO 06,73.0,Model A,1987,60 years 02 months,405000.0,416 BT BATOK WEST AVE 4,650416,1.363233345136143,103.7459885326491,2026-10-09
224515,2026-10,BUKIT BATOK,3 ROOM,441C,BT BATOK WEST AVE 8,07 TO 09,67.0,Model A,2019,91 years 06 months,521000.0,441C BT BATOK WEST AVE 8,653441,1.355568167738437,103.7387044847214,2026-10-09
224594,2026-10,BUKIT BATOK,4 ROOM,292B,BT BATOK EAST AVE 6,13 TO 15,93.0,Model A,2019,91 years 04 months,690000.0,292B BT BATOK EAST AVE 6,652292,1.344779531863127,103.7539616758287,2026-10-09
224598,2026-10,BUKIT BATOK,4 ROOM,163,BT BATOK ST 11,04 TO 06,105.0,Model A,1985,57 years 04 months,500000.0,163 BT BATOK ST 11,650163,1.348149495526127,103.7426581301052,2026-10-09
224639,2026-10,BUKIT BATOK,4 ROOM,209,BT BATOK ST 21,01 TO 03,104.0,Model A,1985,57 years 06 months,528000.0,209 BT BATOK ST 21,650209,1.345488430301382,103.7487379632222,2026-10-09
224674,2026-10,BUKIT BATOK,4 ROOM,289E,BT BATOK ST 25,13 TO 15,101.0,Model A,1998,70 years 04 months,620000.0,289E BT BATOK ST 25,654289,1.344170293367957,103.7594313878395,2026-10-09
224707,2026-10,BUKIT BATOK,4 ROOM,317,BT BATOK ST 32,01 TO 03,89.0,Simplified,1987,60 years 01 month,490000.0,317 BT BATOK ST 32,650317,1.360639765107078,103.7476383641276,2026-10-09
224768,2026-10,BUKIT BATOK,4 ROOM,411,BT BATOK WEST AVE 4,07 TO 09,103.0,Model A,1986,58 years 06 months,525000.0,411 BT BATOK WEST AVE 4,650411,1.364118089785202,103.7460199952849,2026-10-09
224810,2026-10,BUKIT BATOK,4 ROOM,395,BT BATOK WEST AVE 5,01 TO 03,92.0,Model A,2004,77 years 01 month,490000.0,395 BT BATOK WEST AVE 5,650395,1.366316898669488,103.7522876291972,2026-10-09
224811,2026-10,BUKIT BATOK,4 ROOM,385,BT BATOK WEST AVE 5,22 TO 24,90.0,Model A,2005,77 years 04 months,613000.0,385 BT BATOK WEST AVE 5,650385,1.363483533231212,103.7521714207576,2026-10-09
224874,2026-10,BUKIT BATOK,4 ROOM,452A,BT BATOK WEST AVE 6,16 TO 18,93.0,Model A,2019,91 years 07 months,683888.0,452A BT BATOK WEST AVE 6,651452,1.35265343215969,103.7425730960856,2026-10-09
224875,2026-10,BUKIT BATOK,4 ROOM,135,BT BATOK WEST AVE 6,07 TO 09,93.0,New Generation,1984,57 years 03 months,501888.0,135 BT BATOK WEST AVE 6,650135,1.351252319182177,103.7447950178342,2026-10-09
224975,2026-10,BUKIT BATOK,4 ROOM,461A,BT BATOK WEST AVE 8,16 TO 18,93.0,Model A,2019,92 years,720000.0,461A BT BATOK WEST AVE 8,651461,1.35492017502697,103.7399731600669,2026-10-09
224976,2026-10,BUKIT BATOK,4 ROOM,445B,BT BATOK WEST AVE 8,01 TO 03,92.0,Model A,2019,91 years 04 months,650000.0,445B BT BATOK WEST AVE 8,652445,1.351074377507121,103.7387554499818,2026-10-09
224977,2026-10,BUKIT BATOK,4 ROOM,441C,BT BATOK WEST AVE 8,01 TO 03,92.0,Model A,2019,91 years 07 months,620000.0,441C BT BATOK WEST AVE 8,653441,1.355568167738437,103.7387044847214,2026-10-09
225694,2026-10,BUKIT MERAH,4 ROOM,11,CANTONMENT CL,16 TO 18,75.0,Model A,2002,75 years 03 months,948000.0,11 CANTONMENT CL,80011,1.274426047460705,103.8396715142684,2026-10-09
225717,2026-10,BUKIT MERAH,4 ROOM,104A,DEPOT RD,07 TO 09,100.0,Model A,2000,72 years 10 months,750000.0,104A DEPOT RD,101104,1.280455613305801,103.8123177407851,2026-10-09
225718,2026-10,BUKIT MERAH,4 ROOM,109A,DEPOT RD,22 TO 24,90.0,Model A,2006,78 years 05 months,770000.0,109A DEPOT RD,101109,1.280957713097776,103.8094401536954,2026-10-09
226360,2026-10,BUKIT PANJANG,4 ROOM,218,PETIR RD,04 TO 06,84.0,Simplified,1987,59 years 09 months,425000.0,218 PETIR RD,670218,1.374465979545104,103.773606267573,2026-10-09
226502,2026-10,BUKIT PANJANG,4 ROOM,635B,SENJA RD,13 TO 15,93.0,Model A,2015,88 years 01 month,668000.0,635B SENJA RD,672635,1.386602752375775,103.7577104678676,2026-10-09
226503,2026-10,BUKIT PANJANG,4 ROOM,636B,SENJA RD,07 TO 09,92.0,Model A,2015,88 years 02 months,650000.0,636B SENJA RD,672636,1.387624707599772,103.7583314450942,2026-10-09
226504,2026-10,BUKIT PANJANG,4 ROOM,636B,SENJA RD,25 TO 27,92.0,Model A,2015,88 years 02 months,685000.0,636B SENJA RD,672636,1.387624707599772,103.7583314450942,2026-10-09
226551,2026-10,BUKIT PANJANG,5 ROOM,425,FAJAR RD,10 TO 12,132.0,Improved,1989,61 years 06 months,810000.0,425 FAJAR RD,670425,1.385857993820582,103.7694959842891,2026-10-09
226565,2026-10,BUKIT PANJANG,5 ROOM,165,GANGSA RD,16 TO 18,122.0,Improved,1998,70 years 08 months,927888.0,165 GANGSA RD,670165,1.376850969705459,103.765123697174,2026-10-09
226594,2026-10,BUKIT PANJANG,5 ROOM,177,LOMPANG RD,07 TO 09,110.0,Improved,2001,74 years 03 months,830000.0,177 LOMPANG RD,670177,1.380387124966117,103.7653546006898,2026-10-09
226609,2026-10,BUKIT PANJANG,5 ROOM,204,PETIR RD,07 TO 09,122.0,Improved,1988,61 years 01 month,638888.0,204 PETIR RD,670204,1.373175165326062,103.7748106144556,2026-10-09
226612,2026-10,BUKIT PANJANG,5 ROOM,415,SAUJANA RD,10 TO 12,128.0,Improved,1989,61 years 04 months,690000.0,415 SAUJANA RD,670415,1.383359053867508,103.7689319679458,2026-10-09
226649,2026-10,BUKIT PANJANG,5 ROOM,484,SEGAR RD,01 TO 03,110.0,Premium Apartment,2002,75 years 02 months,500000.0,484 SEGAR RD,670484,1.388400590349579,103.7718821739389,2026-10-09
226650,2026-10,BUKIT PANJANG,5 ROOM,550B,SEGAR RD,01 TO 03,113.0,Improved,2015,88 years 03 months,665000.0,550B SEGAR RD,672550,1.389591191410671,103.767447013104,2026-10-09
226690,2026-10,BUKIT PANJANG,5 ROOM,635A,SENJA RD,22 TO 24,112.0,Improved,2015,88 years 01 month,830000.0,635A SENJA RD,671635,1.386562258245283,103.7572080724941,2026-10-09
226745,2026-10,BUKIT PANJANG,EXECUTIVE,470,SEGAR RD,07 TO 09,132.0,Premium Apartment,2002,74 years 07 months,711888.0,470 SEGAR RD,670470,1.388416407034403,103.7732636011014,2026-10-09
226749,2026-10,BUKIT PANJANG,EXECUTIVE,653,SENJA LINK,10 TO 12,130.0,Premium Apartment,2001,74 years,838000.0,653 SENJA LINK,670653,1.386925907410266,103.7639462183503,2026-10-09
226756,2026-10,BUKIT PANJANG,EXECUTIVE,607,SENJA RD,07 TO 09,129.0,Apartment,2001,74 years 03 months,928000.0,607 SENJA RD,670607,1.382519651386973,103.7615162800106,2026-10-09
226819,2026-10,CENTRAL AREA,3 ROOM,271,QUEEN ST,16 TO 18,60.0,Improved,1979,51 years 06 months,575000.0,271 QUEEN ST,180271,1.30093267323152,103.8539910047731,2026-10-09
226836,2026-10,CENTRAL AREA,3 ROOM,2,TG PAGAR PLAZA,10 TO 12,70.0,Improved,1977,49 years 05 months,625000.0,2 TG PAGAR PLAZA,82002,1.275236830857089,103.8426053354174,2026-10-09
226849,2026-10,CENTRAL AREA,3 ROOM,533,UPP CROSS ST,04 TO 06,68.0,Improved,1980,52 years 11 months,615000.0,533 UPP CROSS ST,50533,1.284565754507511,103.8453798809249,2026-10-09
226856,2026-10,CENTRAL AREA,3 ROOM,633,VEERASAMY RD,01 TO 03,73.0,Model A,1985,57 years 09 months,523000.0,633 VEERASAMY RD,200633,1.305706695664787,103.8549432439339,2026-10-09
231950,2026-10,KALLANG/WHAMPOA,5 ROOM,3C,UPP BOON KENG RD,10 TO 12,110.0,Improved,2006,79 years 01 month,1100000.0,3C UPP BOON KENG RD,383003,1.313793187614441,103.8730938705596,2026-10-09
226427,2026-10,BUKIT PANJANG,4 ROOM,457,SEGAR RD,10 TO 12,93.0,Premium Apartment,2012,85 years 02 months,620000.0,457 SEGAR RD,670457,1.388176495880769,103.7706913419615,2026-10-09
226248,2026-10,BUKIT PANJANG,4 ROOM,541,BT PANJANG RING RD,04 TO 06,101.0,Model A,1999,71 years 09 months,601888.0,541 BT PANJANG RING RD,670541,1.382451537757543,103.7634791579996,2026-10-09
225736,2026-10,BUKIT MERAH,4 ROOM,57,HAVELOCK RD,19 TO 21,91.0,Model A,2013,85 years 08 months,1150000.0,57 HAVELOCK RD,161057,1.290138585171476,103.8284532933704,2026-10-09
226164,2026-10,BUKIT PANJANG,3 ROOM,125,PENDING RD,01 TO 03,73.0,Model A,1987,60 years,400000.0,125 PENDING RD,670125,1.377206233038331,103.7705069865158,2026-10-09
225803,2026-10,BUKIT MERAH,4 ROOM,21,JLN MEMBINA,13 TO 15,90.0,Model A,2003,76 years,980000.0,21 JLN MEMBINA,163021,1.285086562890532,103.8257828150475,2026-10-09
225804,2026-10,BUKIT MERAH,4 ROOM,118D,JLN MEMBINA,16 TO 18,90.0,Model A,2003,75 years 04 months,912000.0,118D JLN MEMBINA,164118,1.282681050517303,103.8265834421792,2026-10-09
225839,2026-10,BUKIT MERAH,4 ROOM,125,KIM TIAN RD,04 TO 06,111.0,Model A,1995,67 years 11 months,1000000.0,125 KIM TIAN RD,160125,1.283634676232616,103.828128050891,2026-10-09
225850,2026-10,BUKIT MERAH,4 ROOM,48,LENGKOK BAHRU,10 TO 12,103.0,Model A,1986,58 years 10 months,728000.0,48 LENGKOK BAHRU,151048,1.287277396433897,103.8109635650719,2026-10-09
225913,2026-10,BUKIT MERAH,4 ROOM,86,TELOK BLANGAH HTS,01 TO 03,91.0,Model A,2003,75 years 07 months,700000.0,86 TELOK BLANGAH HTS,100086,1.276756463781576,103.8085252459624,2026-10-09
225958,2026-10,BUKIT MERAH,4 ROOM,90B,TELOK BLANGAH ST 31,19 TO 21,93.0,Model A,2018,91 years 04 months,988000.0,90B TELOK BLANGAH ST 31,102090,1.277283677413249,103.8069161767143,2026-10-09
225959,2026-10,BUKIT MERAH,4 ROOM,91A,TELOK BLANGAH ST 31,07 TO 09,93.0,Model A,2018,91 years 03 months,940000.0,91A TELOK BLANGAH ST 31,101091,1.27666192078908,103.8071279595756,2026-10-09
225960,2026-10,BUKIT MERAH,4 ROOM,90A,TELOK BLANGAH ST 31,13 TO 15,93.0,Model A,2018,91 years 03 months,998000.0,90A TELOK BLANGAH ST 31,101090,1.277734578002899,103.8070932631357,2026-10-09
225961,2026-10,BUKIT MERAH,4 ROOM,90A,TELOK BLANGAH ST 31,07 TO 09,93.0,Model A,2018,91 years 03 months,890000.0,90A TELOK BLANGAH ST 31,101090,1.277734578002899,103.8070932631357,2026-10-09
225977,2026-10,BUKIT MERAH,5 ROOM,6B,BOON TIONG RD,07 TO 09,115.0,Improved,2005,78 years 01 month,1390000.0,6B BOON TIONG RD,165006,1.286545996088573,103.83082447985,2026-10-09
225984,2026-10,BUKIT MERAH,5 ROOM,124B,BT MERAH VIEW,01 TO 03,132.0,Model A,1996,69 years,1250000.0,124B BT MERAH VIEW,152124,1.285282205789816,103.8230949866444,2026-10-09
226037,2026-10,BUKIT MERAH,5 ROOM,27B,JLN MEMBINA,01 TO 03,110.0,Improved,2008,81 years 01 month,1070000.0,27B JLN MEMBINA,164027,1.282908655491232,103.8248680376862,2026-10-09
226070,2026-10,BUKIT MERAH,5 ROOM,87,REDHILL CL,10 TO 12,126.0,Improved,1995,67 years 04 months,1180000.0,87 REDHILL CL,150087,1.286030890237133,103.8190236737828,2026-10-09
226084,2026-10,BUKIT MERAH,5 ROOM,75A,REDHILL RD,19 TO 21,115.0,Improved,2005,78 years 03 months,1180000.0,75A REDHILL RD,151075,1.288053157054244,103.8152770704609,2026-10-09
226091,2026-10,BUKIT MERAH,5 ROOM,106,SPOTTISWOODE PK RD,04 TO 06,124.0,Standard,1979,52 years 01 month,888888.0,106 SPOTTISWOODE PK RD,80106,1.273566738463435,103.8340581560302,2026-10-09
226116,2026-10,BUKIT MERAH,5 ROOM,87,ZION RD,07 TO 09,117.0,Improved,1974,46 years 09 months,950000.0,87 ZION RD,160087,1.290659805626496,103.8326083319923,2026-10-09
226124,2026-10,BUKIT PANJANG,2 ROOM,636A,SENJA RD,10 TO 12,46.0,Model A,2015,88 years 02 months,380000.0,636A SENJA RD,671636,1.3869156647316,103.7585380705916,2026-10-09
226145,2026-10,BUKIT PANJANG,3 ROOM,443A,FAJAR RD,16 TO 18,68.0,Model A,2016,89 years 03 months,528888.0,443A FAJAR RD,671443,1.381466363697313,103.7697667364784,2026-10-09
226163,2026-10,BUKIT PANJANG,3 ROOM,112,PENDING RD,04 TO 06,64.0,Simplified,1988,61 years 02 months,415000.0,112 PENDING RD,670112,1.37855560391307,103.768748798796,2026-10-09
224179,2026-10,BISHAN,5 ROOM,449,SIN MING AVE,01 TO 03,123.0,Improved,1990,62 years 06 months,850000.0,449 SIN MING AVE,570449,1.358081062846551,103.8307905960194,2026-10-09
224160,2026-10,BISHAN,5 ROOM,291,BISHAN ST 24,07 TO 09,123.0,Premium Apartment,1998,70 years 09 months,1140000.0,291 BISHAN ST 24,570291,1.35591015038815,103.8451584347786,2026-10-09
224159,2026-10,BISHAN,5 ROOM,273A,BISHAN ST 24,37 TO 39,120.0,DBSS,2011,84 years,1711000.0,273A BISHAN ST 24,571273,1.35636621091925,103.8439339646668,2026-10-09
222829,2026-10,BEDOK,3 ROOM,423,BEDOK NTH AVE 1,04 TO 06,82.0,New Generation,1979,51 years 04 months,460000.0,423 BEDOK NTH AVE 1,460423,1.327976141185119,103.9275651107631,2026-10-09
222906,2026-10,BEDOK,3 ROOM,430A,BEDOK NTH RD,10 TO 12,69.0,Model A,2021,93 years 08 months,708000.0,430A BEDOK NTH RD,461430,1.329700004988613,103.9329909952738,2026-10-09
223000,2026-10,BEDOK,3 ROOM,530,BEDOK NTH ST 3,10 TO 12,82.0,New Generation,1979,51 years 11 months,468000.0,530 BEDOK NTH ST 3,460530,1.333713320188344,103.927020293564,2026-10-09
223001,2026-10,BEDOK,3 ROOM,525,BEDOK NTH ST 3,04 TO 06,67.0,New Generation,1979,51 years 10 months,380000.0,525 BEDOK NTH ST 3,460525,1.334601139417599,103.9294452716374,2026-10-09
223073,2026-10,BEDOK,3 ROOM,632,BEDOK RESERVOIR RD,01 TO 03,67.0,New Generation,1982,55 years 01 month,410000.0,632 BEDOK RESERVOIR RD,470632,1.332050946188182,103.9141450757928,2026-10-09
223074,2026-10,BEDOK,3 ROOM,616,BEDOK RESERVOIR RD,10 TO 12,68.0,New Generation,1982,54 years 08 months,428500.0,616 BEDOK RESERVOIR RD,470616,1.331903960955805,103.9151377591255,2026-10-09
223123,2026-10,BEDOK,3 ROOM,36,CHAI CHEE AVE,10 TO 12,65.0,Improved,1974,46 years 04 months,383888.0,36 CHAI CHEE AVE,461036,1.325341024996281,103.9254353838694,2026-10-09
223151,2026-10,BEDOK,3 ROOM,808C,CHAI CHEE RD,13 TO 15,68.0,Model A,2016,89 years 02 months,623000.0,808C CHAI CHEE RD,463808,1.327893029684687,103.9238749410063,2026-10-09
223170,2026-10,BEDOK,3 ROOM,50,CHAI CHEE ST,04 TO 06,68.0,New Generation,1981,53 years 10 months,360000.0,50 CHAI CHEE ST,461050,1.329304314165374,103.9224158073286,2026-10-09
223195,2026-10,BEDOK,4 ROOM,220B,BEDOK CTRL,10 TO 12,87.0,Model A,2010,82 years 08 months,950000.0,220B BEDOK CTRL,462220,1.325477105257183,103.9343482269867,2026-10-09
223204,2026-10,BEDOK,4 ROOM,512,BEDOK NTH AVE 2,07 TO 09,92.0,New Generation,1979,51 years 10 months,500000.0,512 BEDOK NTH AVE 2,460512,1.333367155189273,103.9291776759985,2026-10-09
223224,2026-10,BEDOK,4 ROOM,95,BEDOK NTH AVE 4,04 TO 06,92.0,New Generation,1979,51 years 09 months,488000.0,95 BEDOK NTH AVE 4,460095,1.333869994499857,103.94205674836,2026-10-09
223226,2026-10,BEDOK,4 ROOM,222A,BEDOK NTH DR,07 TO 09,92.0,Model A,2022,94 years 10 months,1118888.0,222A BEDOK NTH DR,461222,1.325004604599697,103.9277703143595,2026-10-09
223227,2026-10,BEDOK,4 ROOM,222A,BEDOK NTH DR,16 TO 18,92.0,Model A,2022,94 years 10 months,1280000.0,222A BEDOK NTH DR,461222,1.325004604599697,103.9277703143595,2026-10-09
223228,2026-10,BEDOK,4 ROOM,222B,BEDOK NTH DR,04 TO 06,92.0,Model A,2022,94 years 10 months,1088888.0,222B BEDOK NTH DR,462222,1.324580052601438,103.9279320165912,2026-10-09
223229,2026-10,BEDOK,4 ROOM,222A,BEDOK NTH DR,10 TO 12,92.0,Model A,2022,94 years 10 months,1180000.0,222A BEDOK NTH DR,461222,1.325004604599697,103.9277703143595,2026-10-09
223297,2026-10,BEDOK,4 ROOM,116,BEDOK NTH RD,10 TO 12,98.0,New Generation,1978,50 years 08 months,520000.0,116 BEDOK NTH RD,460116,1.331008235265911,103.9380668389974,2026-10-09
223298,2026-10,BEDOK,4 ROOM,81,BEDOK NTH RD,07 TO 09,91.0,New Generation,1978,50 years 09 months,518000.0,81 BEDOK NTH RD,460081,1.328915582251726,103.9405287287736,2026-10-09
223299,2026-10,BEDOK,4 ROOM,428,BEDOK NTH RD,04 TO 06,92.0,New Generation,1979,51 years 04 months,500000.0,428 BEDOK NTH RD,460428,1.329539941626284,103.9276500841998,2026-10-09
223311,2026-10,BEDOK,4 ROOM,130,BEDOK NTH ST 2,13 TO 15,92.0,New Generation,1978,50 years 07 months,538000.0,130 BEDOK NTH ST 2,460130,1.327161507719504,103.9368248335872,2026-10-09
222859,2026-10,BEDOK,3 ROOM,105,BEDOK NTH AVE 4,04 TO 06,82.0,New Generation,1977,49 years 10 months,440000.0,105 BEDOK NTH AVE 4,460105,1.333722809290007,103.9365177190474,2026-10-09
222762,2026-10,ANG MO KIO,5 ROOM,588C,ANG MO KIO ST 52,10 TO 12,120.0,DBSS,2011,83 years 11 months,1285000.0,588C ANG MO KIO ST 52,563588,1.371831570100841,103.853670978083,2026-10-09
223438,2026-10,BEDOK,4 ROOM,141,BEDOK RESERVOIR RD,01 TO 03,84.0,Simplified,1986,59 years 02 months,525000.0,141 BEDOK RESERVOIR RD,470141,1.335306472378255,103.9134621512621,2026-10-09
222761,2026-10,ANG MO KIO,5 ROOM,588C,ANG MO KIO ST 52,19 TO 21,112.0,DBSS,2011,83 years 11 months,1290000.0,588C ANG MO KIO ST 52,563588,1.371831570100841,103.853670978083,2026-10-09
222284,2026-10,ANG MO KIO,3 ROOM,230,ANG MO KIO AVE 3,07 TO 09,67.0,New Generation,1978,50 years 04 months,400000.0,230 ANG MO KIO AVE 3,560230,1.368854452280862,103.8378963978231,2026-10-09
222285,2026-10,ANG MO KIO,3 ROOM,119,ANG MO KIO AVE 3,10 TO 12,82.0,New Generation,1978,51 years 01 month,450000.0,119 ANG MO KIO AVE 3,560119,1.369563443019119,103.8446989108163,2026-10-09
222286,2026-10,ANG MO KIO,3 ROOM,301,ANG MO KIO AVE 3,07 TO 09,73.0,New Generation,1978,50 years 06 months,458000.0,301 ANG MO KIO AVE 3,560301,1.367421125264287,103.8459035872759,2026-10-09
222327,2026-10,ANG MO KIO,3 ROOM,106,ANG MO KIO AVE 4,01 TO 03,74.0,New Generation,1978,50 years 07 months,398888.0,106 ANG MO KIO AVE 4,560106,1.371933703234903,103.8374860618511,2026-10-09
222374,2026-10,ANG MO KIO,3 ROOM,608,ANG MO KIO AVE 5,07 TO 09,82.0,New Generation,1980,52 years 09 months,426000.0,608 ANG MO KIO AVE 5,560608,1.378582099804871,103.8367603115256,2026-10-09
222375,2026-10,ANG MO KIO,3 ROOM,182,ANG MO KIO AVE 5,10 TO 12,68.0,New Generation,1981,53 years 07 months,368000.0,182 ANG MO KIO AVE 5,560182,1.377339085234788,103.8364724450509,2026-10-09
222376,2026-10,ANG MO KIO,3 ROOM,502,ANG MO KIO AVE 5,04 TO 06,82.0,New Generation,1981,53 years 04 months,505000.0,502 ANG MO KIO AVE 5,560502,1.375724747655154,103.8499343055158,2026-10-09
222377,2026-10,ANG MO KIO,3 ROOM,180,ANG MO KIO AVE 5,07 TO 09,68.0,New Generation,1981,53 years 07 months,398000.0,180 ANG MO KIO AVE 5,560180,1.376677064633826,103.8383610375545,2026-10-09
222437,2026-10,ANG MO KIO,4 ROOM,307C,ANG MO KIO AVE 1,04 TO 06,88.0,Model A,2012,85 years,868000.0,307C ANG MO KIO AVE 1,563307,1.365561004351599,103.8451694971822,2026-10-09
222468,2026-10,ANG MO KIO,4 ROOM,415,ANG MO KIO AVE 10,07 TO 09,92.0,New Generation,1979,51 years 11 months,515000.0,415 ANG MO KIO AVE 10,560415,1.364453365629832,103.8536552312241,2026-10-09
222496,2026-10,ANG MO KIO,4 ROOM,130,ANG MO KIO AVE 3,10 TO 12,98.0,New Generation,1979,51 years 04 months,600000.0,130 ANG MO KIO AVE 3,560130,1.370397916752368,103.8418788400322,2026-10-09
222497,2026-10,ANG MO KIO,4 ROOM,120,ANG MO KIO AVE 3,07 TO 09,83.0,New Generation,1978,51 years 01 month,488888.0,120 ANG MO KIO AVE 3,560120,1.37004739686133,103.8445947548732,2026-10-09
222535,2026-10,ANG MO KIO,4 ROOM,648,ANG MO KIO AVE 5,07 TO 09,100.0,New Generation,1980,53 years 02 months,590888.0,648 ANG MO KIO AVE 5,560648,1.378238593538409,103.8437197288863,2026-10-09
222622,2026-10,ANG MO KIO,4 ROOM,351,ANG MO KIO ST 32,07 TO 09,95.0,Model A,2001,74 years,770000.0,351 ANG MO KIO ST 32,560351,1.364323666739553,103.8503076325789,2026-10-09
222654,2026-10,ANG MO KIO,5 ROOM,305,ANG MO KIO AVE 1,01 TO 03,123.0,Standard,1977,49 years 10 months,709000.0,305 ANG MO KIO AVE 1,560305,1.366084590989438,103.8460138954324,2026-10-09
222674,2026-10,ANG MO KIO,5 ROOM,460,ANG MO KIO AVE 10,19 TO 21,120.0,Improved,1980,52 years 04 months,788000.0,460 ANG MO KIO AVE 10,560460,1.366339477098315,103.8591223195125,2026-10-09
222696,2026-10,ANG MO KIO,5 ROOM,716,ANG MO KIO AVE 6,19 TO 21,119.0,Improved,1980,52 years 09 months,908000.0,716 ANG MO KIO AVE 6,560716,1.371477830651542,103.8458687509977,2026-10-09
222731,2026-10,ANG MO KIO,5 ROOM,228B,ANG MO KIO ST 23,07 TO 09,113.0,Improved,2021,94 years,1238000.0,228B ANG MO KIO ST 23,562228,1.368377792634095,103.8392232993448,2026-10-09
222738,2026-10,ANG MO KIO,5 ROOM,309A,ANG MO KIO ST 31,04 TO 06,110.0,Improved,2006,78 years 07 months,975000.0,309A ANG MO KIO ST 31,562309,1.365029332677582,103.8453006491831,2026-10-09
223363,2026-10,BEDOK,4 ROOM,747B,BEDOK RESERVOIR CRES,10 TO 12,85.0,DBSS,2014,87 years,941000.0,747B BEDOK RESERVOIR CRES,472747,1.336660094540772,103.9216247337089,2026-10-09
223439,2026-10,BEDOK,4 ROOM,609,BEDOK RESERVOIR RD,01 TO 03,97.0,New Generation,1982,54 years 10 months,515000.0,609 BEDOK RESERVOIR RD,470609,1.331839214592192,103.9123648550766,2026-10-09
224138,2026-10,BISHAN,5 ROOM,156,BISHAN ST 13,13 TO 15,121.0,Improved,1988,61 years,946000.0,156 BISHAN ST 13,570156,1.345323326002734,103.8565811402325,2026-10-09
223844,2026-10,BEDOK,EXECUTIVE,634,BEDOK RESERVOIR RD,04 TO 06,145.0,Apartment,1993,65 years 08 months,960000.0,634 BEDOK RESERVOIR RD,410634,1.330167401055756,103.9048492919491,2026-10-09
223846,2026-10,BEDOK,EXECUTIVE,644,BEDOK RESERVOIR RD,13 TO 15,146.0,Apartment,1993,65 years 08 months,1030000.0,644 BEDOK RESERVOIR RD,410644,1.330695328322572,103.9056216006893,2026-10-09
223847,2026-10,BEDOK,EXECUTIVE,716,BEDOK RESERVOIR RD,10 TO 12,147.0,Maisonette,1984,56 years 04 months,1260000.0,716 BEDOK RESERVOIR RD,470716,1.337837951768341,103.9249736712455,2026-10-09
223848,2026-10,BEDOK,EXECUTIVE,642,BEDOK RESERVOIR RD,07 TO 09,147.0,Apartment,1993,66 years 03 months,995000.0,642 BEDOK RESERVOIR RD,410642,1.331273597727629,103.9055925782524,2026-10-09
223849,2026-10,BEDOK,EXECUTIVE,644,BEDOK RESERVOIR RD,13 TO 15,144.0,Apartment,1993,65 years 08 months,1050000.0,644 BEDOK RESERVOIR RD,410644,1.330695328322572,103.9056216006893,2026-10-09
223867,2026-10,BEDOK,EXECUTIVE,108,LENGKONG TIGA,01 TO 03,146.0,Maisonette,1989,61 years 05 months,1200000.0,108 LENGKONG TIGA,410108,1.324563709664951,103.9101309684699,2026-10-09
223902,2026-10,BISHAN,3 ROOM,406,SIN MING AVE,04 TO 06,64.0,Simplified,1987,59 years 07 months,555000.0,406 SIN MING AVE,570406,1.3629445537469,103.8340935001691,2026-10-09
223925,2026-10,BISHAN,4 ROOM,145,BISHAN ST 11,10 TO 12,84.0,Simplified,1987,60 years 01 month,620000.0,145 BISHAN ST 11,570145,1.344886009124616,103.8542844956701,2026-10-09
223963,2026-10,BISHAN,4 ROOM,113,BISHAN ST 12,10 TO 12,104.0,Model A,1986,58 years 04 months,860000.0,113 BISHAN ST 12,570113,1.347231850957299,103.8488089888749,2026-10-09
224018,2026-10,BISHAN,4 ROOM,254,BISHAN ST 22,13 TO 15,116.0,Model A,1992,64 years 11 months,950000.0,254 BISHAN ST 22,570254,1.361923240925359,103.8429991648808,2026-10-09
224019,2026-10,BISHAN,4 ROOM,253,BISHAN ST 22,01 TO 03,108.0,Model A,1992,64 years 11 months,680670.0,253 BISHAN ST 22,570253,1.362243147159911,103.843102386534,2026-10-09
224020,2026-10,BISHAN,4 ROOM,233,BISHAN ST 22,01 TO 03,105.0,Model A,1992,64 years 08 months,740000.0,233 BISHAN ST 22,570233,1.358576004594132,103.8455927066188,2026-10-09
224062,2026-10,BISHAN,4 ROOM,288,BISHAN ST 24,16 TO 18,102.0,Premium Apartment,1998,70 years 09 months,960000.0,288 BISHAN ST 24,570288,1.356923853253534,103.8451565257923,2026-10-09
224063,2026-10,BISHAN,4 ROOM,269,BISHAN ST 24,10 TO 12,103.0,Model A,1992,64 years 11 months,820000.0,269 BISHAN ST 24,570269,1.356888656387221,103.8426738764237,2026-10-09
224064,2026-10,BISHAN,4 ROOM,273B,BISHAN ST 24,22 TO 24,95.0,DBSS,2011,84 years,1210000.0,273B BISHAN ST 24,572273,1.356072993288117,103.843470177697,2026-10-09
224082,2026-10,BISHAN,4 ROOM,25,SIN MING RD,10 TO 12,88.0,Improved,1974,46 years 10 months,450000.0,25 SIN MING RD,570025,1.3553398428091,103.8374586148168,2026-10-09
224103,2026-10,BISHAN,5 ROOM,135,BISHAN ST 12,13 TO 15,121.0,Improved,1987,59 years 09 months,930000.0,135 BISHAN ST 12,570135,1.344562168294237,103.8512875981087,2026-10-09
224135,2026-10,BISHAN,5 ROOM,179,BISHAN ST 13,07 TO 09,121.0,Improved,1987,59 years 11 months,1020000.0,179 BISHAN ST 13,570179,1.348608312099929,103.8518433349463,2026-10-09
224136,2026-10,BISHAN,5 ROOM,161,BISHAN ST 13,13 TO 15,131.0,Improved,1988,60 years 10 months,1113148.0,161 BISHAN ST 13,570161,1.347591834821716,103.8564118405008,2026-10-09
224137,2026-10,BISHAN,5 ROOM,191,BISHAN ST 13,01 TO 03,121.0,Improved,1987,59 years 08 months,900000.0,191 BISHAN ST 13,570191,1.350541612077152,103.8513710610312,2026-10-09
223845,2026-10,BEDOK,EXECUTIVE,721,BEDOK RESERVOIR RD,01 TO 03,148.0,Maisonette,1984,56 years 04 months,865000.0,721 BEDOK RESERVOIR RD,470721,1.336292447718022,103.9261016543553,2026-10-09
223795,2026-10,BEDOK,5 ROOM,646,JLN TENAGA,04 TO 06,122.0,Improved,1993,65 years 08 months,855000.0,646 JLN TENAGA,410646,1.331273947936189,103.9061714974674,2026-10-09
223440,2026-10,BEDOK,4 ROOM,141,BEDOK RESERVOIR RD,04 TO 06,84.0,Simplified,1986,59 years 02 months,510000.0,141 BEDOK RESERVOIR RD,470141,1.335306472378255,103.9134621512621,2026-10-09
223794,2026-10,BEDOK,5 ROOM,653,JLN TENAGA,04 TO 06,127.0,Improved,1996,69 years 02 months,890000.0,653 JLN TENAGA,410653,1.332890234379052,103.9074668738544,2026-10-09
223441,2026-10,BEDOK,4 ROOM,622,BEDOK RESERVOIR RD,01 TO 03,91.0,New Generation,1981,53 years 06 months,520000.0,622 BEDOK RESERVOIR RD,470622,1.334060750355098,103.9168987410884,2026-10-09
223472,2026-10,BEDOK,4 ROOM,772,BEDOK RESERVOIR VIEW,01 TO 03,105.0,Premium Apartment,2000,73 years 03 months,650000.0,772 BEDOK RESERVOIR VIEW,470772,1.3364625679398,103.9378954514715,2026-10-09
223554,2026-10,BEDOK,4 ROOM,165,BEDOK STH RD,10 TO 12,83.0,Simplified,1985,57 years 06 months,555000.0,165 BEDOK STH RD,460165,1.320308923247637,103.9460899736636,2026-10-09
223555,2026-10,BEDOK,4 ROOM,152A,BEDOK STH RD,10 TO 12,93.0,Model A,2022,94 years 07 months,1130000.0,152A BEDOK STH RD,461152,1.317678176847591,103.9473974562766,2026-10-09
223583,2026-10,BEDOK,4 ROOM,59,CHAI CHEE RD,04 TO 06,104.0,Model A,1984,56 years 05 months,525000.0,59 CHAI CHEE RD,460059,1.324889162883509,103.9202467288283,2026-10-09
223584,2026-10,BEDOK,4 ROOM,1,CHAI CHEE RD,10 TO 12,103.0,Model A,1983,55 years 11 months,539899.0,1 CHAI CHEE RD,461001,1.327968791763013,103.9227160181387,2026-10-09
223585,2026-10,BEDOK,4 ROOM,61,CHAI CHEE RD,07 TO 09,91.0,New Generation,1982,55 years,518888.0,61 CHAI CHEE RD,460061,1.325108719282373,103.9207381888836,2026-10-09
223601,2026-10,BEDOK,4 ROOM,658,JLN TENAGA,07 TO 09,106.0,Model A,1996,69 years 01 month,735000.0,658 JLN TENAGA,410658,1.333552404288793,103.9065169439185,2026-10-09
223608,2026-10,BEDOK,4 ROOM,114,LENGKONG TIGA,04 TO 06,104.0,Model A,1989,61 years 05 months,790000.0,114 LENGKONG TIGA,410114,1.323134861253352,103.9120457113098,2026-10-09
223630,2026-10,BEDOK,4 ROOM,53,NEW UPP CHANGI RD,13 TO 15,84.0,Improved,1977,50 years,445000.0,53 NEW UPP CHANGI RD,461053,1.324326840675351,103.9424299941787,2026-10-09
223631,2026-10,BEDOK,4 ROOM,51,NEW UPP CHANGI RD,13 TO 15,84.0,Improved,1977,50 years,515000.0,51 NEW UPP CHANGI RD,461051,1.323429858052061,103.9422694071153,2026-10-09
223633,2026-10,BEDOK,5 ROOM,219C,BEDOK CTRL,04 TO 06,112.0,Improved,2010,82 years 08 months,1150000.0,219C BEDOK CTRL,463219,1.32485598421255,103.9335195743188,2026-10-09
223704,2026-10,BEDOK,5 ROOM,140,BEDOK RESERVOIR RD,13 TO 15,122.0,Improved,1986,59 years,732500.0,140 BEDOK RESERVOIR RD,470140,1.334889914004044,103.9133861865883,2026-10-09
223705,2026-10,BEDOK,5 ROOM,607,BEDOK RESERVOIR RD,04 TO 06,121.0,Improved,1983,55 years 04 months,650000.0,607 BEDOK RESERVOIR RD,470607,1.331084839077247,103.912899551537,2026-10-09
223728,2026-10,BEDOK,5 ROOM,769,BEDOK RESERVOIR VIEW,10 TO 12,115.0,Premium Apartment,2000,73 years 03 months,790000.0,769 BEDOK RESERVOIR VIEW,470769,1.335779190348664,103.9379115558563,2026-10-09
223755,2026-10,BEDOK,5 ROOM,19,BEDOK STH RD,07 TO 09,114.0,Standard,1976,48 years 04 months,758000.0,19 BEDOK STH RD,460019,1.31975664729808,103.9342743399194,2026-10-09
223756,2026-10,BEDOK,5 ROOM,153B,BEDOK STH RD,04 TO 06,113.0,Improved,2022,94 years 07 months,1300000.0,153B BEDOK STH RD,462153,1.319061197587472,103.946370356432,2026-10-09
223757,2026-10,BEDOK,5 ROOM,152B,BEDOK STH RD,13 TO 15,113.0,Improved,2022,94 years 07 months,1480000.0,152B BEDOK STH RD,462152,1.31817123395167,103.9473047490122,2026-10-09
223758,2026-10,BEDOK,5 ROOM,152B,BEDOK STH RD,13 TO 15,113.0,Improved,2022,94 years 07 months,1540000.0,152B BEDOK STH RD,462152,1.31817123395167,103.9473047490122,2026-10-09
226899,2026-10,CENTRAL AREA,4 ROOM,1A,CANTONMENT RD,28 TO 30,95.0,Type S1,2011,83 years 04 months,1588000.0,1A CANTONMENT RD,85101,1.277842710482195,103.8409659236906,2026-10-09
226980,2026-10,CHOA CHU KANG,3 ROOM,571,CHOA CHU KANG ST 52,07 TO 09,67.0,Model A,2015,87 years 04 months,508888.0,571 CHOA CHU KANG ST 52,680571,1.393950951921015,103.7449276265175,2026-10-09
222215,2026-10,ANG MO KIO,3 ROOM,405,ANG MO KIO AVE 10,01 TO 03,67.0,New Generation,1979,51 years 08 months,380000.0,405 ANG MO KIO AVE 10,560405,1.361579127171399,103.853805386957,2026-10-09
230722,2026-10,JURONG WEST,4 ROOM,748,JURONG WEST ST 73,04 TO 06,104.0,Model A,1990,62 years 11 months,508000.0,748 JURONG WEST ST 73,640748,1.347753371007199,103.6979687131425,2026-10-09
230294,2026-10,JURONG WEST,3 ROOM,698C,JURONG WEST CTRL 3,07 TO 09,68.0,Model A,2017,90 years 01 month,610000.0,698C JURONG WEST CTRL 3,643698,1.340280167300544,103.7075990093229,2026-10-09
230365,2026-10,JURONG WEST,3 ROOM,508,JURONG WEST ST 52,04 TO 06,74.0,Model A,1986,58 years 07 months,400000.0,508 JURONG WEST ST 52,640508,1.348727180633649,103.7187153914337,2026-10-09
230451,2026-10,JURONG WEST,4 ROOM,197A,BOON LAY DR,07 TO 09,93.0,Model A,2015,87 years 07 months,675000.0,197A BOON LAY DR,641197,1.344106102263211,103.7137192088268,2026-10-09
230490,2026-10,JURONG WEST,4 ROOM,438,JURONG WEST AVE 1,01 TO 03,105.0,Model A,1984,56 years 10 months,480000.0,438 JURONG WEST AVE 1,640438,1.351409992981965,103.7236007684859,2026-10-09
230491,2026-10,JURONG WEST,4 ROOM,488,JURONG WEST AVE 1,07 TO 09,91.0,New Generation,1985,57 years 05 months,433888.0,488 JURONG WEST AVE 1,640488,1.349081948430281,103.7261954918793,2026-10-09
230508,2026-10,JURONG WEST,4 ROOM,686B,JURONG WEST CTRL 1,01 TO 03,94.0,Premium Apartment,2000,73 years 01 month,530000.0,686B JURONG WEST CTRL 1,642686,1.341961792944651,103.704542156963,2026-10-09
230511,2026-10,JURONG WEST,4 ROOM,697A,JURONG WEST CTRL 3,07 TO 09,93.0,Model A,2017,90 years 01 month,755000.0,697A JURONG WEST CTRL 3,641697,1.341034437496366,103.7083409952449,2026-10-09
230705,2026-10,JURONG WEST,4 ROOM,716,JURONG WEST ST 71,13 TO 15,104.0,Model A,1991,63 years 05 months,510000.0,716 JURONG WEST ST 71,640716,1.344052388537732,103.6967098703522,2026-10-09
230708,2026-10,JURONG WEST,4 ROOM,730,JURONG WEST ST 72,01 TO 03,111.0,Model A,1990,63 years 02 months,490000.0,730 JURONG WEST ST 72,640730,1.346108863810813,103.698426985603,2026-10-09
230769,2026-10,JURONG WEST,4 ROOM,838,JURONG WEST ST 81,01 TO 03,104.0,Model A,1989,62 years 03 months,484888.0,838 JURONG WEST ST 81,640838,1.343849016785865,103.6935080902993,2026-10-09
227025,2026-10,CHOA CHU KANG,3 ROOM,26,TECK WHYE LANE,04 TO 06,74.0,New Generation,1979,51 years 06 months,390000.0,26 TECK WHYE LANE,680026,1.377621123722232,103.7557400012614,2026-10-09
230800,2026-10,JURONG WEST,4 ROOM,913,JURONG WEST ST 91,10 TO 12,103.0,Model A,1988,60 years 07 months,460000.0,913 JURONG WEST ST 91,640913,1.341891520446155,103.6875768567453,2026-10-09
230881,2026-10,JURONG WEST,4 ROOM,175C,YUNG KUANG RD,07 TO 09,93.0,Premium Apartment,2015,87 years 08 months,650888.0,175C YUNG KUANG RD,613175,1.332787861655744,103.7216400895391,2026-10-09
230916,2026-10,JURONG WEST,5 ROOM,205,BOON LAY DR,04 TO 06,128.0,Standard,1976,48 years 09 months,500000.0,205 BOON LAY DR,640205,1.344854155893586,103.71571623191,2026-10-09
230967,2026-10,JURONG WEST,5 ROOM,271C,JURONG WEST ST 24,07 TO 09,112.0,Premium Apartment,2003,76 years 01 month,555000.0,271C JURONG WEST ST 24,643271,1.350153144934014,103.7042931392915,2026-10-09
230968,2026-10,JURONG WEST,5 ROOM,272B,JURONG WEST ST 24,04 TO 06,112.0,Premium Apartment,2003,76 years 01 month,565000.0,272B JURONG WEST ST 24,642272,1.350520817025307,103.7048622406009,2026-10-09
230999,2026-10,JURONG WEST,5 ROOM,552,JURONG WEST ST 42,07 TO 09,134.0,Model A,1984,57 years 01 month,665000.0,552 JURONG WEST ST 42,640552,1.352752905320961,103.7177634346142,2026-10-09
231045,2026-10,JURONG WEST,5 ROOM,625,JURONG WEST ST 61,16 TO 18,110.0,Improved,2001,73 years 05 months,621000.0,625 JURONG WEST ST 61,640625,1.341520117148054,103.6987969528552,2026-10-09
231046,2026-10,JURONG WEST,5 ROOM,653B,JURONG WEST ST 61,13 TO 15,111.0,Improved,2002,75 years 01 month,675000.0,653B JURONG WEST ST 61,642653,1.336073093441345,103.6967154239559,2026-10-09
231080,2026-10,JURONG WEST,5 ROOM,675B,JURONG WEST ST 64,10 TO 12,110.0,Premium Apartment,2008,80 years 09 months,616000.0,675B JURONG WEST ST 64,642675,1.345753081242125,103.7036417755073,2026-10-09
230162,2026-10,JURONG WEST,2 ROOM,181B,BOON LAY DR,10 TO 12,47.0,Model A,2014,86 years 08 months,350000.0,181B BOON LAY DR,642181,1.348793505166256,103.7084177345694,2026-10-09
230121,2026-10,JURONG EAST,5 ROOM,265,TOH GUAN RD,04 TO 06,121.0,Improved,1998,71 years 01 month,730000.0,265 TOH GUAN RD,600265,1.34070811731139,103.7447023294379,2026-10-09
230120,2026-10,JURONG EAST,5 ROOM,278,TOH GUAN RD,04 TO 06,121.0,Improved,1998,71 years 02 months,702888.0,278 TOH GUAN RD,600278,1.340901577705347,103.7464370820188,2026-10-09
230083,2026-10,JURONG EAST,5 ROOM,403,PANDAN GDNS,07 TO 09,104.0,Standard,1979,51 years 07 months,584000.0,403 PANDAN GDNS,600403,1.320329640759361,103.7493901315697,2026-10-09
229605,2026-10,HOUGANG,5 ROOM,931,HOUGANG ST 91,10 TO 12,120.0,Improved,1998,70 years 10 months,810000.0,931 HOUGANG ST 91,530931,1.375544585786628,103.8806047024241,2026-10-09
229606,2026-10,HOUGANG,5 ROOM,912,HOUGANG ST 91,13 TO 15,120.0,Improved,1997,70 years 02 months,800000.0,912 HOUGANG ST 91,530912,1.378492810153296,103.884016382567,2026-10-09
229635,2026-10,HOUGANG,5 ROOM,470C,UPP SERANGOON CRES,10 TO 12,112.0,Improved,2015,87 years 08 months,858000.0,470C UPP SERANGOON CRES,533470,1.378466901343558,103.9008041893011,2026-10-09
229636,2026-10,HOUGANG,5 ROOM,473C,UPP SERANGOON CRES,13 TO 15,113.0,Improved,2017,89 years 09 months,850000.0,473C UPP SERANGOON CRES,533473,1.376280064819007,103.9013875589993,2026-10-09
229658,2026-10,HOUGANG,EXECUTIVE,508,HOUGANG AVE 10,04 TO 06,146.0,Maisonette,1987,59 years 10 months,988000.0,508 HOUGANG AVE 10,530508,1.3716936156266,103.8877285646674,2026-10-09
229679,2026-10,HOUGANG,EXECUTIVE,533,HOUGANG AVE 6,04 TO 06,145.0,Maisonette,1988,60 years 07 months,970000.0,533 HOUGANG AVE 6,530533,1.375833410320495,103.8918850761827,2026-10-09
229717,2026-10,HOUGANG,EXECUTIVE,222,HOUGANG ST 21,07 TO 09,148.0,Maisonette,1992,64 years 11 months,1275888.0,222 HOUGANG ST 21,530222,1.35633467879657,103.8837226947872,2026-10-09
229727,2026-10,HOUGANG,EXECUTIVE,559,HOUGANG ST 51,04 TO 06,143.0,Apartment,1992,64 years 11 months,925000.0,559 HOUGANG ST 51,530559,1.38002721050135,103.8894963260823,2026-10-09
229756,2026-10,HOUGANG,EXECUTIVE,128,LOR AH SOO,07 TO 09,142.0,Apartment,1984,56 years 10 months,910000.0,128 LOR AH SOO,530128,1.35172355247142,103.8864871649141,2026-10-09
229770,2026-10,JURONG EAST,3 ROOM,339,JURONG EAST AVE 1,13 TO 15,74.0,Model A,1983,55 years 09 months,440000.0,339 JURONG EAST AVE 1,600339,1.349532517056873,103.7315321784925,2026-10-09
229849,2026-10,JURONG EAST,3 ROOM,241,JURONG EAST ST 24,04 TO 06,68.0,New Generation,1983,55 years 05 months,455000.0,241 JURONG EAST ST 24,600241,1.341481293444696,103.7429733595908,2026-10-09
229879,2026-10,JURONG EAST,3 ROOM,308,JURONG EAST ST 32,07 TO 09,74.0,Model A,1984,56 years 06 months,400000.0,308 JURONG EAST ST 32,600308,1.347307907603826,103.734583963199,2026-10-09
229914,2026-10,JURONG EAST,3 ROOM,57,TEBAN GDNS RD,31 TO 33,67.0,Model A,2016,89 years 02 months,542000.0,57 TEBAN GDNS RD,600057,1.322542265442541,103.7375606991757,2026-10-09
229915,2026-10,JURONG EAST,3 ROOM,57,TEBAN GDNS RD,37 TO 39,67.0,Model A,2016,89 years 02 months,552000.0,57 TEBAN GDNS RD,600057,1.322542265442541,103.7375606991757,2026-10-09
229999,2026-10,JURONG EAST,4 ROOM,57,TEBAN GDNS RD,22 TO 24,92.0,Model A,2016,89 years 02 months,698000.0,57 TEBAN GDNS RD,600057,1.322542265442541,103.7375606991757,2026-10-09
230000,2026-10,JURONG EAST,4 ROOM,55,TEBAN GDNS RD,31 TO 33,92.0,Model A,2016,89 years 02 months,638000.0,55 TEBAN GDNS RD,600055,1.321891969600344,103.7375515866054,2026-10-09
230027,2026-10,JURONG EAST,4 ROOM,273,TOH GUAN RD,04 TO 06,102.0,Model A,1999,71 years 05 months,638000.0,273 TOH GUAN RD,600273,1.342661948356153,103.7453109324728,2026-10-09
230030,2026-10,JURONG EAST,5 ROOM,332,JURONG EAST AVE 1,04 TO 06,134.0,Model A,1985,58 years 01 month,605000.0,332 JURONG EAST AVE 1,600332,1.35159123927229,103.7301960510501,2026-10-09
230075,2026-10,JURONG EAST,5 ROOM,305,JURONG EAST ST 32,07 TO 09,132.0,Improved,1983,55 years 04 months,578888.0,305 JURONG EAST ST 32,600305,1.345436567635461,103.7352405717003,2026-10-09
231081,2026-10,JURONG WEST,5 ROOM,678D,JURONG WEST ST 64,07 TO 09,111.0,Premium Apartment,2008,80 years 09 months,615000.0,678D JURONG WEST ST 64,644678,1.344864895526624,103.703395356177,2026-10-09
231082,2026-10,JURONG WEST,5 ROOM,661C,JURONG WEST ST 64,07 TO 09,110.0,Improved,2001,73 years 11 months,668000.0,661C JURONG WEST ST 64,643661,1.336077039516739,103.7050501616815,2026-10-09
231129,2026-10,JURONG WEST,5 ROOM,658A,JURONG WEST ST 65,01 TO 03,111.0,Improved,2001,73 years 08 months,575000.0,658A JURONG WEST ST 65,641658,1.336852997112799,103.7010381818976,2026-10-09
231686,2026-10,KALLANG/WHAMPOA,4 ROOM,59A,GEYLANG BAHRU,04 TO 06,100.0,Model A,1998,71 years 03 months,810000.0,59A GEYLANG BAHRU,330059,1.322653854339498,103.8682269251878,2026-10-09
231716,2026-10,KALLANG/WHAMPOA,4 ROOM,52,KENT RD,07 TO 09,93.0,New Generation,1982,54 years 08 months,638000.0,52 KENT RD,210052,1.316062564091819,103.851611305628,2026-10-09
231728,2026-10,KALLANG/WHAMPOA,4 ROOM,78,LOR LIMAU,16 TO 18,93.0,Model A,2018,90 years 09 months,948000.0,78 LOR LIMAU,320078,1.324876177894785,103.8555410444987,2026-10-09
231767,2026-10,KALLANG/WHAMPOA,4 ROOM,108,MCNAIR RD,04 TO 06,104.0,Model A,1987,59 years 10 months,738000.0,108 MCNAIR RD,321108,1.321619038316907,103.8593827195056,2026-10-09
231768,2026-10,KALLANG/WHAMPOA,4 ROOM,111,MCNAIR RD,07 TO 09,84.0,Simplified,1987,59 years 07 months,676000.0,111 MCNAIR RD,320111,1.321303988394461,103.8582727280635,2026-10-09
231769,2026-10,KALLANG/WHAMPOA,4 ROOM,108,MCNAIR RD,13 TO 15,104.0,Model A,1987,59 years 10 months,790000.0,108 MCNAIR RD,321108,1.321619038316907,103.8593827195056,2026-10-09
231770,2026-10,KALLANG/WHAMPOA,4 ROOM,120,MCNAIR RD,04 TO 06,83.0,Simplified,1987,59 years 07 months,665000.0,120 MCNAIR RD,320120,1.319470223763914,103.8570358019037,2026-10-09
231804,2026-10,KALLANG/WHAMPOA,4 ROOM,26B,ST. GEORGE'S LANE,07 TO 09,92.0,Model A,2020,92 years 08 months,1010000.0,26B ST. GEORGE'S LANE,322026,1.321668621249042,103.8627179098152,2026-10-09
231816,2026-10,KALLANG/WHAMPOA,4 ROOM,20,ST. GEORGE'S RD,07 TO 09,93.0,New Generation,1984,57 years 01 month,680000.0,20 ST. GEORGE'S RD,321020,1.324739675532212,103.8628602313754,2026-10-09
231817,2026-10,KALLANG/WHAMPOA,4 ROOM,16,ST. GEORGE'S RD,01 TO 03,94.0,New Generation,1984,57 years,555000.0,16 ST. GEORGE'S RD,320016,1.324351254214615,103.8623602976732,2026-10-09
231850,2026-10,KALLANG/WHAMPOA,4 ROOM,2B,UPP BOON KENG RD,22 TO 24,90.0,Model A,2006,79 years 01 month,860000.0,2B UPP BOON KENG RD,382002,1.313614227478959,103.8716043738261,2026-10-09
231851,2026-10,KALLANG/WHAMPOA,4 ROOM,2A,UPP BOON KENG RD,25 TO 27,85.0,Model A,2006,79 years 03 months,950000.0,2A UPP BOON KENG RD,381002,1.313738440653741,103.8719032934873,2026-10-09
231863,2026-10,KALLANG/WHAMPOA,4 ROOM,96,WHAMPOA DR,01 TO 03,91.0,Improved,1974,46 years 04 months,438000.0,96 WHAMPOA DR,320096,1.321556727417004,103.8556661492912,2026-10-09
231870,2026-10,KALLANG/WHAMPOA,5 ROOM,103,AH HOOD RD,13 TO 15,118.0,Improved,1981,53 years 11 months,825000.0,103 AH HOOD RD,320103,1.327962674837856,103.844826964123,2026-10-09
231884,2026-10,KALLANG/WHAMPOA,5 ROOM,461,CRAWFORD LANE,16 TO 18,122.0,Standard,1981,54 years 02 months,928000.0,461 CRAWFORD LANE,190461,1.305104174150729,103.8608693518577,2026-10-09
231898,2026-10,KALLANG/WHAMPOA,5 ROOM,55,GEYLANG BAHRU,04 TO 06,117.0,Standard,1974,46 years 10 months,640000.0,55 GEYLANG BAHRU,330055,1.324084641118238,103.86859054805,2026-10-09
231907,2026-10,KALLANG/WHAMPOA,5 ROOM,10,JLN BATU,01 TO 03,132.0,Improved,1986,58 years 04 months,890000.0,10 JLN BATU,431010,1.302044882524626,103.8828871483249,2026-10-09
231912,2026-10,KALLANG/WHAMPOA,5 ROOM,102,JLN DUSUN,19 TO 21,118.0,Improved,1981,54 years 03 months,822000.0,102 JLN DUSUN,320102,1.327868743184702,103.8442096028628,2026-10-09
231913,2026-10,KALLANG/WHAMPOA,5 ROOM,102,JLN DUSUN,04 TO 06,118.0,Improved,1981,54 years 03 months,738000.0,102 JLN DUSUN,320102,1.327868743184702,103.8442096028628,2026-10-09
231930,2026-10,KALLANG/WHAMPOA,5 ROOM,121,MCNAIR RD,01 TO 03,130.0,Improved,1987,59 years 09 months,1030000.0,121 MCNAIR RD,320121,1.318967939978253,103.8563419949788,2026-10-09
231688,2026-10,KALLANG/WHAMPOA,4 ROOM,9,GLOUCESTER RD,04 TO 06,91.0,New Generation,1976,49 years 02 months,635000.0,9 GLOUCESTER RD,210009,1.313586166361111,103.8516999238592,2026-10-09
231672,2026-10,KALLANG/WHAMPOA,4 ROOM,466,CRAWFORD LANE,10 TO 12,82.0,Improved,1982,55 years 01 month,623000.0,466 CRAWFORD LANE,190466,1.305084429848,103.8625990066124,2026-10-09
231202,2026-10,JURONG WEST,5 ROOM,987D,JURONG WEST ST 93,07 TO 09,114.0,Premium Apartment,2006,78 years 08 months,635888.0,987D JURONG WEST ST 93,644987,1.336596609474898,103.6953781789297,2026-10-09
231643,2026-10,KALLANG/WHAMPOA,4 ROOM,38D,BENDEMEER RD,13 TO 15,92.0,Model A,2012,84 years 08 months,1030000.0,38D BENDEMEER RD,334038,1.321636470153679,103.8667673282569,2026-10-09
231212,2026-10,JURONG WEST,5 ROOM,348,KANG CHING RD,10 TO 12,121.0,Improved,1997,69 years 09 months,680000.0,348 KANG CHING RD,610348,1.340609942234812,103.7197822601059,2026-10-09
231213,2026-10,JURONG WEST,5 ROOM,347,KANG CHING RD,04 TO 06,121.0,Improved,1997,69 years 08 months,665888.0,347 KANG CHING RD,610347,1.340500410442772,103.720200006739,2026-10-09
231225,2026-10,JURONG WEST,5 ROOM,138A,YUAN CHING RD,01 TO 03,108.0,DBSS,2014,87 years,830000.0,138A YUAN CHING RD,611138,1.327936964865545,103.7241782482999,2026-10-09
231262,2026-10,JURONG WEST,EXECUTIVE,681A,JURONG WEST CTRL 1,07 TO 09,134.0,Premium Apartment,2000,72 years 09 months,800888.0,681A JURONG WEST CTRL 1,641681,1.344408626863824,103.7051952144492,2026-10-09
231288,2026-10,JURONG WEST,EXECUTIVE,549,JURONG WEST ST 42,07 TO 09,157.0,Maisonette,1986,58 years 07 months,770000.0,549 JURONG WEST ST 42,640549,1.352913939244536,103.7160727248165,2026-10-09
231297,2026-10,JURONG WEST,EXECUTIVE,656C,JURONG WEST ST 61,10 TO 12,132.0,Apartment,2001,73 years 10 months,750000.0,656C JURONG WEST ST 61,643656,1.335989550717853,103.6999742062396,2026-10-09
231303,2026-10,JURONG WEST,EXECUTIVE,669B,JURONG WEST ST 64,07 TO 09,130.0,Apartment,2000,72 years 10 months,720000.0,669B JURONG WEST ST 64,642669,1.342849657062749,103.7028042781509,2026-10-09
231317,2026-10,JURONG WEST,EXECUTIVE,671B,JURONG WEST ST 65,10 TO 12,126.0,Apartment,2002,74 years 10 months,715000.0,671B JURONG WEST ST 65,642671,1.343959798955347,103.7018955016784,2026-10-09
231323,2026-10,JURONG WEST,EXECUTIVE,701,JURONG WEST ST 71,07 TO 09,152.0,Apartment,1993,66 years 04 months,815000.0,701 JURONG WEST ST 71,640701,1.342315475345854,103.6952811237699,2026-10-09
231351,2026-10,JURONG WEST,EXECUTIVE,369,YUNG AN RD,07 TO 09,154.0,Apartment,1995,67 years 11 months,820000.0,369 YUNG AN RD,610369,1.336981610510424,103.7197722173675,2026-10-09
231359,2026-10,JURONG WEST,EXECUTIVE,161,YUNG PING RD,01 TO 03,143.0,Maisonette,1997,69 years 04 months,780000.0,161 YUNG PING RD,610161,1.329776328692471,103.721585931129,2026-10-09
231403,2026-10,KALLANG/WHAMPOA,3 ROOM,43,BENDEMEER RD,04 TO 06,63.0,Standard,1981,53 years 04 months,471000.0,43 BENDEMEER RD,330043,1.321124992723381,103.8658332859761,2026-10-09
231408,2026-10,KALLANG/WHAMPOA,3 ROOM,463,CRAWFORD LANE,19 TO 21,60.0,Improved,1982,55 years 01 month,510000.0,463 CRAWFORD LANE,190463,1.305054115797465,103.8619167515322,2026-10-09
231450,2026-10,KALLANG/WHAMPOA,3 ROOM,96,GEYLANG BAHRU,10 TO 12,68.0,New Generation,1979,51 years 04 months,428000.0,96 GEYLANG BAHRU,330096,1.32338061098186,103.8704616306115,2026-10-09
231451,2026-10,KALLANG/WHAMPOA,3 ROOM,57,GEYLANG BAHRU,07 TO 09,65.0,Improved,1974,46 years 10 months,382500.0,57 GEYLANG BAHRU,330057,1.323537806750496,103.8691477564692,2026-10-09
231466,2026-10,KALLANG/WHAMPOA,3 ROOM,32,JLN BAHAGIA,04 TO 06,56.0,Standard,1971,43 years 04 months,300000.0,32 JLN BAHAGIA,320032,1.326132071037423,103.8580967170282,2026-10-09
231528,2026-10,KALLANG/WHAMPOA,3 ROOM,685,RACE COURSE RD,16 TO 18,63.0,Simplified,1986,58 years 04 months,578000.0,685 RACE COURSE RD,210685,1.314005835083639,103.8568312761386,2026-10-09
231606,2026-10,KALLANG/WHAMPOA,3 ROOM,74,WHAMPOA DR,10 TO 12,66.0,Improved,1981,53 years 09 months,370000.0,74 WHAMPOA DR,320074,1.324715796546897,103.8577528752032,2026-10-09
231607,2026-10,KALLANG/WHAMPOA,3 ROOM,98,WHAMPOA DR,07 TO 09,65.0,Improved,1974,46 years 06 months,315000.0,98 WHAMPOA DR,320098,1.321580687091294,103.8541509531866,2026-10-09
229593,2026-10,HOUGANG,5 ROOM,553,HOUGANG ST 51,04 TO 06,121.0,Improved,1989,62 years 01 month,690000.0,553 HOUGANG ST 51,530553,1.379129504193489,103.890376362574,2026-10-09
229561,2026-10,HOUGANG,5 ROOM,837,HOUGANG CTRL,04 TO 06,117.0,Improved,1997,69 years 08 months,950000.0,837 HOUGANG CTRL,530837,1.369310230192403,103.8915252816909,2026-10-09
229556,2026-10,HOUGANG,5 ROOM,955,HOUGANG AVE 9,04 TO 06,116.0,Improved,1999,71 years 06 months,745000.0,955 HOUGANG AVE 9,530955,1.376155037762053,103.8781923181787,2026-10-09
227714,2026-10,CHOA CHU KANG,5 ROOM,817A,KEAT HONG LINK,19 TO 21,112.0,Improved,2017,90 years,755000.0,817A KEAT HONG LINK,681817,1.376607572381533,103.748545956804,2026-10-09
227766,2026-10,CHOA CHU KANG,EXECUTIVE,235,CHOA CHU KANG CTRL,04 TO 06,154.0,Maisonette,1990,63 years 03 months,880000.0,235 CHOA CHU KANG CTRL,680235,1.379756643675236,103.7487491953337,2026-10-09
227783,2026-10,CHOA CHU KANG,EXECUTIVE,527,CHOA CHU KANG ST 51,10 TO 12,144.0,Apartment,1995,67 years 06 months,800000.0,527 CHOA CHU KANG ST 51,680527,1.391886041268035,103.7414049034991,2026-10-09
227798,2026-10,CHOA CHU KANG,EXECUTIVE,108,TECK WHYE LANE,04 TO 06,146.0,Maisonette,1989,61 years 07 months,770000.0,108 TECK WHYE LANE,680108,1.378324137359022,103.7529507505435,2026-10-09
227799,2026-10,CHOA CHU KANG,EXECUTIVE,109,TECK WHYE LANE,04 TO 06,149.0,Maisonette,1989,61 years 06 months,800000.0,109 TECK WHYE LANE,680109,1.378659892512115,103.7520776594627,2026-10-09
227856,2026-10,CLEMENTI,3 ROOM,434,CLEMENTI AVE 3,07 TO 09,67.0,New Generation,1978,51 years 03 months,432000.0,434 CLEMENTI AVE 3,120434,1.314568897160421,103.7616126031983,2026-10-09
227898,2026-10,CLEMENTI,3 ROOM,375,CLEMENTI AVE 4,01 TO 03,67.0,New Generation,1980,53 years 01 month,375000.0,375 CLEMENTI AVE 4,120375,1.318492987324422,103.7667016474819,2026-10-09
227899,2026-10,CLEMENTI,3 ROOM,374,CLEMENTI AVE 4,01 TO 03,82.0,New Generation,1981,53 years 11 months,501000.0,374 CLEMENTI AVE 4,120374,1.319126185871945,103.7669836533934,2026-10-09
227966,2026-10,CLEMENTI,3 ROOM,508,WEST COAST DR,04 TO 06,67.0,New Generation,1978,50 years 11 months,370000.0,508 WEST COAST DR,120508,1.311659735238054,103.7617614942331,2026-10-09
227998,2026-10,CLEMENTI,4 ROOM,417,CLEMENTI AVE 1,04 TO 06,96.0,Model A,2013,86 years,895000.0,417 CLEMENTI AVE 1,120417,1.31022566649473,103.7709018471785,2026-10-09
228008,2026-10,CLEMENTI,4 ROOM,359,CLEMENTI AVE 2,07 TO 09,92.0,New Generation,1978,50 years 04 months,610888.0,359 CLEMENTI AVE 2,120359,1.313492924255782,103.7698547810068,2026-10-09
228009,2026-10,CLEMENTI,4 ROOM,333,CLEMENTI AVE 2,13 TO 15,92.0,New Generation,1978,50 years 11 months,725000.0,333 CLEMENTI AVE 2,120333,1.315184195067699,103.767498748964,2026-10-09
228051,2026-10,CLEMENTI,4 ROOM,445A,CLEMENTI AVE 3,31 TO 33,93.0,Model A,2021,93 years 09 months,1345000.0,445A CLEMENTI AVE 3,121445,1.312753188867365,103.7641572708095,2026-10-09
228089,2026-10,CLEMENTI,4 ROOM,311A,CLEMENTI AVE 4,34 TO 36,81.0,DBSS,2014,87 years 03 months,1028000.0,311A CLEMENTI AVE 4,121311,1.319116567768986,103.7654921959586,2026-10-09
228090,2026-10,CLEMENTI,4 ROOM,310,CLEMENTI AVE 4,07 TO 09,92.0,New Generation,1980,52 years 04 months,610000.0,310 CLEMENTI AVE 4,120310,1.32027016006351,103.7659448998729,2026-10-09
228188,2026-10,CLEMENTI,5 ROOM,101,CLEMENTI ST 14,07 TO 09,121.0,Improved,1984,57 years 02 months,868000.0,101 CLEMENTI ST 14,120101,1.322089367576946,103.7689334124892,2026-10-09
228201,2026-10,CLEMENTI,EXECUTIVE,115,CLEMENTI ST 13,10 TO 12,161.0,Maisonette,1985,57 years 05 months,1120000.0,115 CLEMENTI ST 13,120115,1.323545132742533,103.771328752409,2026-10-09
228216,2026-10,GEYLANG,2 ROOM,51,CIRCUIT RD,07 TO 09,42.0,Standard,1969,41 years 04 months,270000.0,51 CIRCUIT RD,370051,1.324520451916781,103.8855145753234,2026-10-09
228358,2026-10,GEYLANG,3 ROOM,43,CIRCUIT RD,04 TO 06,61.0,Standard,1971,43 years 04 months,345000.0,43 CIRCUIT RD,370043,1.326482282904719,103.8855449015325,2026-10-09
228359,2026-10,GEYLANG,3 ROOM,43,CIRCUIT RD,10 TO 12,61.0,Standard,1971,43 years 04 months,382000.0,43 CIRCUIT RD,370043,1.326482282904719,103.8855449015325,2026-10-09
227750,2026-10,CHOA CHU KANG,EXECUTIVE,458,CHOA CHU KANG AVE 4,01 TO 03,142.0,Premium Apartment,2000,72 years 06 months,630000.0,458 CHOA CHU KANG AVE 4,680458,1.378101298750241,103.7360023293092,2026-10-09
227705,2026-10,CHOA CHU KANG,5 ROOM,805C,KEAT HONG CL,10 TO 12,113.0,Improved,2017,89 years 08 months,720000.0,805C KEAT HONG CL,683805,1.372687362437325,103.743618216079,2026-10-09
228361,2026-10,GEYLANG,3 ROOM,60,CIRCUIT RD,01 TO 03,56.0,Standard,1969,41 years 04 months,325000.0,60 CIRCUIT RD,370060,1.325552535615391,103.8865327760366,2026-10-09
227635,2026-10,CHOA CHU KANG,5 ROOM,618,CHOA CHU KANG NTH 7,04 TO 06,134.0,Model A,1996,68 years 07 months,710000.0,618 CHOA CHU KANG NTH 7,680618,1.400350096276101,103.7469929579205,2026-10-09
227052,2026-10,CHOA CHU KANG,4 ROOM,808C,CHOA CHU KANG AVE 1,07 TO 09,92.0,Model A,2017,89 years 07 months,595000.0,808C CHOA CHU KANG AVE 1,683808,1.37503135118646,103.7461866106444,2026-10-09
227091,2026-10,CHOA CHU KANG,4 ROOM,408,CHOA CHU KANG AVE 3,04 TO 06,104.0,Model A,1993,65 years 10 months,573000.0,408 CHOA CHU KANG AVE 3,680408,1.379913836053272,103.7404670373931,2026-10-09
227137,2026-10,CHOA CHU KANG,4 ROOM,443,CHOA CHU KANG AVE 4,10 TO 12,91.0,Model A2,1997,69 years 07 months,495000.0,443 CHOA CHU KANG AVE 4,680443,1.381286515922663,103.7375353070119,2026-10-09
227271,2026-10,CHOA CHU KANG,4 ROOM,672A,CHOA CHU KANG CRES,01 TO 03,105.0,Premium Apartment,2000,72 years 05 months,525000.0,672A CHOA CHU KANG CRES,681672,1.401893205840814,103.7473649794405,2026-10-09
227272,2026-10,CHOA CHU KANG,4 ROOM,684D,CHOA CHU KANG CRES,10 TO 12,90.0,Model A,2002,75 years,518000.0,684D CHOA CHU KANG CRES,684684,1.404678203110321,103.746800063318,2026-10-09
227303,2026-10,CHOA CHU KANG,4 ROOM,352,CHOA CHU KANG CTRL,01 TO 03,105.0,Model A,1993,65 years 09 months,550000.0,352 CHOA CHU KANG CTRL,680352,1.382844724484463,103.7431573302723,2026-10-09
227313,2026-10,CHOA CHU KANG,4 ROOM,766,CHOA CHU KANG NTH 5,13 TO 15,106.0,Model A,1996,68 years 11 months,560000.0,766 CHOA CHU KANG NTH 5,680766,1.393594978794859,103.7496962328586,2026-10-09
227318,2026-10,CHOA CHU KANG,4 ROOM,617,CHOA CHU KANG NTH 7,04 TO 06,107.0,Model A,1996,68 years 07 months,555000.0,617 CHOA CHU KANG NTH 7,680617,1.400470531635039,103.7463434703606,2026-10-09
227348,2026-10,CHOA CHU KANG,4 ROOM,705,CHOA CHU KANG ST 53,10 TO 12,114.0,Model A,1995,67 years 09 months,560000.0,705 CHOA CHU KANG ST 53,680705,1.390363252746432,103.7461243517923,2026-10-09
227378,2026-10,CHOA CHU KANG,4 ROOM,150,JLN TECK WHYE,07 TO 09,100.0,Model A,1998,70 years 04 months,565000.0,150 JLN TECK WHYE,680150,1.378203511307661,103.7564508781278,2026-10-09
227379,2026-10,CHOA CHU KANG,4 ROOM,157,JLN TECK WHYE,13 TO 15,94.0,Model A2,1998,70 years 04 months,568000.0,157 JLN TECK WHYE,680157,1.379187865482087,103.7567828826589,2026-10-09
227407,2026-10,CHOA CHU KANG,4 ROOM,803B,KEAT HONG CL,10 TO 12,93.0,Model A,2017,89 years 08 months,572000.0,803B KEAT HONG CL,682803,1.37381927100149,103.7433671824525,2026-10-09
227463,2026-10,CHOA CHU KANG,5 ROOM,808C,CHOA CHU KANG AVE 1,07 TO 09,112.0,Improved,2017,89 years 07 months,725000.0,808C CHOA CHU KANG AVE 1,683808,1.37503135118646,103.7461866106444,2026-10-09
227499,2026-10,CHOA CHU KANG,5 ROOM,414,CHOA CHU KANG AVE 4,01 TO 03,121.0,Improved,1993,65 years 10 months,648000.0,414 CHOA CHU KANG AVE 4,680414,1.382166604715529,103.7422482968989,2026-10-09
227590,2026-10,CHOA CHU KANG,5 ROOM,686A,CHOA CHU KANG CRES,13 TO 15,110.0,Improved,2002,75 years 01 month,590000.0,686A CHOA CHU KANG CRES,681686,1.404389567275311,103.7478564030599,2026-10-09
227591,2026-10,CHOA CHU KANG,5 ROOM,677,CHOA CHU KANG CRES,07 TO 09,122.0,Premium Apartment,1999,72 years 01 month,605000.0,677 CHOA CHU KANG CRES,680677,1.401510214759637,103.7454818711069,2026-10-09
227592,2026-10,CHOA CHU KANG,5 ROOM,686D,CHOA CHU KANG CRES,10 TO 12,110.0,Improved,2002,75 years 01 month,565000.0,686D CHOA CHU KANG CRES,684686,1.404117445693739,103.7483550361877,2026-10-09
227616,2026-10,CHOA CHU KANG,5 ROOM,786,CHOA CHU KANG DR,07 TO 09,131.0,Model A,1997,69 years 04 months,741118.0,786 CHOA CHU KANG DR,680786,1.395083407819962,103.748349077227,2026-10-09
227633,2026-10,CHOA CHU KANG,5 ROOM,788,CHOA CHU KANG NTH 6,13 TO 15,135.0,Model A,1997,69 years 04 months,800000.0,788 CHOA CHU KANG NTH 6,680788,1.395791809894798,103.7482875901746,2026-10-09
228360,2026-10,GEYLANG,3 ROOM,37,CIRCUIT RD,04 TO 06,58.0,Standard,1972,45 years 02 months,313000.0,37 CIRCUIT RD,370037,1.328177333743313,103.8864863628367,2026-10-09
228362,2026-10,GEYLANG,3 ROOM,83A,CIRCUIT RD,16 TO 18,68.0,Model A,2020,92 years 08 months,823000.0,83A CIRCUIT RD,371083,1.323313503626868,103.88961029001,2026-10-09
229544,2026-10,HOUGANG,5 ROOM,616,HOUGANG AVE 8,07 TO 09,121.0,Improved,1986,58 years 11 months,730000.0,616 HOUGANG AVE 8,530616,1.368886512470828,103.883561152084,2026-10-09
228766,2026-10,HOUGANG,2 ROOM,991B,BUANGKOK LINK,07 TO 09,47.0,Model A,2019,91 years 09 months,395000.0,991B BUANGKOK LINK,532991,1.383984773768892,103.8824863247379,2026-10-09
228822,2026-10,HOUGANG,3 ROOM,415,HOUGANG AVE 10,07 TO 09,67.0,New Generation,1985,58 years,465888.0,415 HOUGANG AVE 10,530415,1.375175074685804,103.8965377158178,2026-10-09
228854,2026-10,HOUGANG,3 ROOM,252,HOUGANG AVE 3,04 TO 06,67.0,New Generation,1985,57 years 04 months,418000.0,252 HOUGANG AVE 3,530252,1.360165215454733,103.8927116552428,2026-10-09
228877,2026-10,HOUGANG,3 ROOM,322,HOUGANG AVE 5,01 TO 03,67.0,New Generation,1983,55 years 06 months,420000.0,322 HOUGANG AVE 5,530322,1.367098553592642,103.89697867894,2026-10-09
228878,2026-10,HOUGANG,3 ROOM,321,HOUGANG AVE 5,01 TO 03,67.0,New Generation,1983,55 years 05 months,428000.0,321 HOUGANG AVE 5,530321,1.367101311749731,103.898278016767,2026-10-09
228926,2026-10,HOUGANG,3 ROOM,623,HOUGANG AVE 8,10 TO 12,60.0,Improved,1985,57 years 10 months,415000.0,623 HOUGANG AVE 8,530623,1.370513872775131,103.8823235023457,2026-10-09
228939,2026-10,HOUGANG,3 ROOM,244,HOUGANG ST 22,07 TO 09,67.0,New Generation,1984,57 years,430000.0,244 HOUGANG ST 22,530244,1.358072532328431,103.8919468440041,2026-10-09
229020,2026-10,HOUGANG,4 ROOM,980C,BUANGKOK CRES,10 TO 12,85.0,Model A2,2003,75 years 08 months,550000.0,980C BUANGKOK CRES,533980,1.380031791089791,103.8809713312314,2026-10-09
229021,2026-10,HOUGANG,4 ROOM,996A,BUANGKOK CRES,07 TO 09,93.0,Model A,2019,92 years,630000.0,996A BUANGKOK CRES,531996,1.386468444499823,103.8816104809477,2026-10-09
229037,2026-10,HOUGANG,4 ROOM,987A,BUANGKOK GREEN,01 TO 03,93.0,Model A,2015,87 years 05 months,580888.0,987A BUANGKOK GREEN,531987,1.379887783657087,103.8783848643084,2026-10-09
229062,2026-10,HOUGANG,4 ROOM,991B,BUANGKOK LINK,10 TO 12,93.0,Model A,2019,91 years 09 months,665888.0,991B BUANGKOK LINK,532991,1.383984773768892,103.8824863247379,2026-10-09
229113,2026-10,HOUGANG,4 ROOM,401,HOUGANG AVE 10,04 TO 06,92.0,New Generation,1985,57 years 08 months,575000.0,401 HOUGANG AVE 10,530401,1.374843394858062,103.8969941613635,2026-10-09
229164,2026-10,HOUGANG,4 ROOM,314,HOUGANG AVE 5,01 TO 03,91.0,New Generation,1993,65 years 08 months,530000.0,314 HOUGANG AVE 5,530314,1.364764651779181,103.8942187841782,2026-10-09
229178,2026-10,HOUGANG,4 ROOM,527,HOUGANG AVE 6,04 TO 06,103.0,Model A,1987,60 years 02 months,630000.0,527 HOUGANG AVE 6,530527,1.37476319169366,103.8906271014448,2026-10-09
229298,2026-10,HOUGANG,4 ROOM,377B,HOUGANG ST 32,10 TO 12,94.0,Model A,2021,93 years 11 months,855000.0,377B HOUGANG ST 32,532377,1.36220591877146,103.8947421164873,2026-10-09
229422,2026-10,HOUGANG,4 ROOM,470B,UPP SERANGOON CRES,16 TO 18,92.0,Model A,2015,87 years 08 months,693888.0,470B UPP SERANGOON CRES,532470,1.378930838119346,103.9009882862932,2026-10-09
229458,2026-10,HOUGANG,5 ROOM,979C,BUANGKOK CRES,07 TO 09,110.0,Improved,2003,75 years 10 months,638000.0,979C BUANGKOK CRES,533979,1.37953890851807,103.87995444753,2026-10-09
229474,2026-10,HOUGANG,5 ROOM,122,HOUGANG AVE 1,01 TO 03,137.0,Improved-Maisonette,1983,56 years,905000.0,122 HOUGANG AVE 1,530122,1.353744080515446,103.8861593360022,2026-10-09
229475,2026-10,HOUGANG,5 ROOM,230,HOUGANG AVE 1,07 TO 09,142.0,Model A-Maisonette,1984,57 years 03 months,1070000.0,230 HOUGANG AVE 1,530230,1.358899944034021,103.8883457773769,2026-10-09
229496,2026-10,HOUGANG,5 ROOM,251,HOUGANG AVE 3,07 TO 09,121.0,Improved,1985,57 years 05 months,680000.0,251 HOUGANG AVE 3,530251,1.359956830952968,103.89162926387,2026-10-09
228812,2026-10,HOUGANG,3 ROOM,113,HOUGANG AVE 1,07 TO 09,66.0,New Generation,1982,54 years 04 months,428000.0,113 HOUGANG AVE 1,530113,1.353569052556943,103.8887056650435,2026-10-09
228765,2026-10,HOUGANG,2 ROOM,993B,BUANGKOK LINK,04 TO 06,47.0,2-room,2021,93 years 04 months,360000.0,993B BUANGKOK LINK,532993,1.385078022867458,103.8826903820517,2026-10-09
228397,2026-10,GEYLANG,3 ROOM,16,EUNOS CRES,07 TO 09,59.0,Improved,1977,49 years 08 months,380000.0,16 EUNOS CRES,400016,1.322994312148672,103.9044497796113,2026-10-09
228764,2026-10,HOUGANG,2 ROOM,993A,BUANGKOK LINK,07 TO 09,47.0,2-room,2021,93 years 04 months,398000.0,993A BUANGKOK LINK,531993,1.384838842426139,103.8831291103074,2026-10-09
228398,2026-10,GEYLANG,3 ROOM,25,EUNOS CRES,10 TO 12,70.0,Improved,1977,49 years 08 months,380000.0,25 EUNOS CRES,400025,1.323403316042051,103.9023757420548,2026-10-09
228443,2026-10,GEYLANG,3 ROOM,91,PAYA LEBAR WAY,04 TO 06,67.0,Improved,1972,45 years,358000.0,91 PAYA LEBAR WAY,370091,1.32268116095087,103.8867379214951,2026-10-09
228527,2026-10,GEYLANG,4 ROOM,82A,CIRCUIT RD,07 TO 09,93.0,Model A,2020,92 years 08 months,1100000.0,82A CIRCUIT RD,371082,1.324289107178377,103.8897605264819,2026-10-09
228528,2026-10,GEYLANG,4 ROOM,18A,CIRCUIT RD,10 TO 12,93.0,Model A,2016,89 years 02 months,1055000.0,18A CIRCUIT RD,371018,1.329320823724583,103.8880717487258,2026-10-09
228529,2026-10,GEYLANG,4 ROOM,82B,CIRCUIT RD,04 TO 06,93.0,Model A,2020,92 years 08 months,1030000.0,82B CIRCUIT RD,372082,1.32372337837322,103.8894014567555,2026-10-09
228530,2026-10,GEYLANG,4 ROOM,36,CIRCUIT RD,07 TO 09,83.1,Standard,1971,43 years 04 months,457500.0,36 CIRCUIT RD,370036,1.329026079190005,103.8869307973396,2026-10-09
228558,2026-10,GEYLANG,4 ROOM,11,EUNOS CRES,07 TO 09,91.0,New Generation,1977,49 years 08 months,608000.0,11 EUNOS CRES,400011,1.321800289344388,103.9044243462858,2026-10-09
228567,2026-10,GEYLANG,4 ROOM,125,GEYLANG EAST AVE 1,07 TO 09,108.0,Model A,1984,56 years 06 months,775000.0,125 GEYLANG EAST AVE 1,381125,1.317443878005006,103.8863737322645,2026-10-09
228584,2026-10,GEYLANG,4 ROOM,2C,GEYLANG SERAI,13 TO 15,95.0,Model A,2011,84 years 03 months,985000.0,2C GEYLANG SERAI,405002,1.317501460622433,103.8982065206508,2026-10-09
228585,2026-10,GEYLANG,4 ROOM,2C,GEYLANG SERAI,19 TO 21,95.0,Model A,2011,84 years 03 months,1050000.0,2C GEYLANG SERAI,405002,1.317501460622433,103.8982065206508,2026-10-09
228632,2026-10,GEYLANG,4 ROOM,44,SIMS DR,04 TO 06,89.0,Improved,1975,47 years 11 months,450000.0,44 SIMS DR,380044,1.316235210604346,103.8768811590263,2026-10-09
228664,2026-10,GEYLANG,4 ROOM,320,UBI AVE 1,10 TO 12,84.0,Simplified,1985,57 years 09 months,560000.0,320 UBI AVE 1,400320,1.328805271030339,103.9042804567223,2026-10-09
228665,2026-10,GEYLANG,4 ROOM,311,UBI AVE 1,04 TO 06,84.0,Simplified,1985,58 years 02 months,543888.0,311 UBI AVE 1,400311,1.329941100773676,103.9033014451563,2026-10-09
228686,2026-10,GEYLANG,5 ROOM,415,EUNOS RD 5,04 TO 06,142.0,Model A-Maisonette,1984,57 years 01 month,1100000.0,415 EUNOS RD 5,400415,1.318226618595351,103.8978549413732,2026-10-09
228687,2026-10,GEYLANG,5 ROOM,413,EUNOS RD 5,01 TO 03,129.0,Improved,1992,65 years,830000.0,413 EUNOS RD 5,400413,1.318517578334449,103.8987875444175,2026-10-09
228698,2026-10,GEYLANG,5 ROOM,7,HAIG RD,10 TO 12,118.0,Improved,1976,48 years 10 months,780000.0,7 HAIG RD,430007,1.313806612122492,103.8969104774039,2026-10-09
228711,2026-10,GEYLANG,5 ROOM,1,PINE CL,10 TO 12,110.0,Improved,2000,72 years 09 months,1320000.0,1 PINE CL,390001,1.307870562194085,103.883192164927,2026-10-09
228715,2026-10,GEYLANG,5 ROOM,56,PIPIT RD,13 TO 15,122.0,Improved,1997,70 years 03 months,1088800.0,56 PIPIT RD,370056,1.324098114319711,103.8884991742481,2026-10-09
228727,2026-10,GEYLANG,EXECUTIVE,53,PIPIT RD,10 TO 12,146.0,Maisonette,1986,59 years 01 month,1075000.0,53 PIPIT RD,370053,1.323993056035282,103.886692720017,2026-10-09
222212,2026-10,ANG MO KIO,3 ROOM,441,ANG MO KIO AVE 10,07 TO 09,67.0,New Generation,1979,51 years 04 months,393000.0,441 ANG MO KIO AVE 10,560441,1.366050278290333,103.8541683098528,2026-10-08
222126,2026-10,ANG MO KIO,3 ROOM,333,ANG MO KIO AVE 1,10 TO 12,68.0,New Generation,1981,53 years 04 months,412000.0,333 ANG MO KIO AVE 1,560333,1.361342556406113,103.8516986214539,2026-10-08
222077,2026-10,ANG MO KIO,2 ROOM,314,ANG MO KIO AVE 3,04 TO 06,44.0,Improved,1978,50 years 05 months,290000.0,314 ANG MO KIO AVE 3,560314,1.366227071206357,103.8500858589827,2026-10-08
222282,2026-10,ANG MO KIO,3 ROOM,230,ANG MO KIO AVE 3,04 TO 06,67.0,New Generation,1978,50 years 04 months,388000.0,230 ANG MO KIO AVE 3,560230,1.368854452280862,103.8378963978231,2026-10-06
222214,2026-10,ANG MO KIO,3 ROOM,462,ANG MO KIO AVE 10,04 TO 06,68.0,New Generation,1980,52 years 05 months,408888.0,462 ANG MO KIO AVE 10,560462,1.366955586201944,103.8580313204664,2026-10-06
222213,2026-10,ANG MO KIO,3 ROOM,476,ANG MO KIO AVE 10,10 TO 12,67.0,New Generation,1979,51 years 10 months,455000.0,476 ANG MO KIO AVE 10,560476,1.362388291846875,103.8578805647365,2026-10-06
222283,2026-10,ANG MO KIO,3 ROOM,346,ANG MO KIO AVE 3,07 TO 09,73.0,New Generation,1978,50 years 07 months,455000.0,346 ANG MO KIO AVE 3,560346,1.367095868751688,103.8496623028799,2026-10-06
